idx,split,tim_mm,tim_k,spot_mm,q_w,r_sink,void_mm,void_center_mm,t_max,t_die_mean,penalty,t_1d,iters,residual,q_out,seconds
0,train,0.05,2.747125117426749,5.95,10.763152406831095,0.372647835160326,2.075,7.267059619319859,42.595136389309815,33.60247551940801,8.992660869901805,31.310683350556367,4191,9.994297277014112e-09,10.763152406831098,6.417645454406738
1,train,0.2,1.3431163400862884,1.3000000000000003,6.191172339256138,2.5344646814192884,2.4499999999999997,4.572777201146351,88.67490768457897,59.81753918550507,28.8573684990739,50.106476928106545,4945,9.989638312060185e-09,6.191172339256137,9.5617835521698
2,train,0.15000000000000002,3.5857894656692637,0.30000000000000004,12.586836407896149,1.2846524628840803,0.675,9.389259077482473,74.05488992193483,46.87392572971398,27.18096419222085,46.833592801935986,3058,9.984140909117701e-09,12.586836407896147,5.620339870452881
3,train,0.1,7.818458248486394,4.4,3.724941909927546,0.8787033020935759,0.0,0.0,29.79839591196959,28.867504463128025,0.9308914488415638,28.867504463139646,2328,9.947509268918556e-09,3.724941909927546,4.0694053173065186
4,test,0.15000000000000002,4.820021253638054,3.9000000000000004,14.54513625407894,0.6352528364130078,0.925,2.1819525836898928,46.871643840622504,39.54896915355717,7.322674687065337,39.22690976832821,3125,9.996742895844677e-09,14.545136254078937,5.744929075241089
5,train,0.07500000000000001,1.3487190922030314,1.4500000000000002,4.176730886712377,1.4026045693810776,2.5250000000000004,6.496981637466813,46.121285902446374,35.87465221022643,10.246633692219945,33.31317475968765,4476,9.993763177479759e-09,4.176730886712377,7.4675164222717285
6,train,0.05,6.796100638503029,4.8500000000000005,6.424697306422442,0.5827058238290257,0.375,2.1116164488229177,30.44590601699041,29.429564438779938,1.016341578210472,29.41983254731748,2297,9.961913531421685e-09,6.424697306422441,3.824286699295044
7,train,0.1,1.0170967574190222,4.55,10.30791199228845,1.5215514188044927,0.9000000000000001,5.625544883171334,67.58821387094298,53.399286873893885,14.188926997049094,51.145077798343856,3112,9.990663576353411e-09,10.30791199228845,5.334936857223511
8,train,0.05,1.3017574550948767,2.9499999999999997,7.595346886003855,1.1024460892233359,1.4500000000000002,5.458103875625865,53.14154411890223,39.032638098510276,14.108906020391956,36.53132312966029,3729,9.986367520802981e-09,7.595346886003858,6.352219581604004
9,train,0.07500000000000001,3.6241583144448684,0.75,1.4314496839511517,0.8200468107864839,0.7750000000000001,8.260143350898833,28.40262429172246,26.518256723623136,1.884367568099325,26.51541577325827,2501,9.981721645758437e-09,1.4314496839511501,4.266759634017944
10,test,0.05,1.14367529987949,0.7,5.110312608733571,1.3773292463802682,2.2,6.281645614553623,49.73730925747627,36.80746907790781,12.929840179568458,34.43457193774953,4219,9.990081356998642e-09,5.110312608733571,7.0316784381866455
11,train,0.1,2.5490999323088417,5.050000000000001,3.3376208787078547,0.31610642842152414,0.0,0.0,28.840447857049682,27.470067828319305,1.3703800287303771,27.47006782836224,2070,9.943414541949044e-09,3.337620878707857,3.466722249984741
12,train,0.2,2.896524659792793,0.45000000000000007,8.01462685144709,0.4260233052131523,0.8500000000000001,3.911344218782814,56.09742347290658,35.38724874628438,20.7101747266222,34.20217506209461,3545,9.986396190626429e-09,8.014626851447092,6.53824520111084
13,train,0.2,2.002221355230995,2.5500000000000003,6.065376547747466,0.3670888336386252,0.0,0.0,43.12132226846406,33.47724960321209,9.644072665251976,33.47724960359958,2177,9.953822143421551e-09,6.0653765477474675,4.06695818901062
14,train,0.125,8.101784566026197,3.3,4.722179460433274,2.7944582921452565,1.825,4.586030280025472,48.29322867047782,40.598477498823534,7.694751171654289,39.07404011493409,4363,9.988918289487158e-09,4.722179460433274,7.489920377731323
15,train,0.25,1.8717229344462774,0.35,13.636433551613784,0.8568356832360383,0.575,5.74664443727737,104.7131308855484,57.97544829527556,46.73768259027283,55.32974806276685,2832,9.994202621558254e-09,13.636433551613788,5.3828370571136475
16,train,0.15000000000000002,7.188102875935293,4.1000000000000005,11.072481383313114,0.8113613101706861,1.2750000000000001,6.307411598565806,48.20352804111292,38.19109113734151,10.012436903771409,36.64499649447279,3449,9.999293981805319e-09,11.07248138331311,6.386862754821777
17,train,0.07500000000000001,1.214630888355025,1.15,1.5825984340664947,0.9356470959347375,0.375,1.1827535643295595,30.516464671798406,27.514408810988147,3.002055860810259,27.508078731499975,2528,9.982125127931576e-09,1.5825984340664947,4.437788724899292
18,train,0.07500000000000001,1.4811292836683299,7.6,9.134855955805529,0.6667930419191165,0.275,9.459488348773057,37.600056171141134,36.070730579264236,1.5293255918768978,36.00594932155143,2795,9.99314971780516e-09,9.134855955805529,4.661511182785034
19,train,0.175,3.036011672443996,4.500000000000001,2.1582199989141397,0.9199825409414977,3.375,5.475198346991499,37.45472377348411,31.291701802126443,6.163021971357669,28.297896835752415,4865,9.998285983293944e-09,2.158219998914139,5.452697515487671
20,train,0.15000000000000002,1.8491649929332197,0.8500000000000001,8.28941363460153,0.8242001989570679,0.0,0.0,58.14577060755985,38.81881564926961,19.326954958290237,38.8188156494723,2377,9.972330118375034e-09,8.28941363460153,4.155954122543335
21,train,0.15000000000000002,6.703350440227262,6.800000000000001,2.963487245980551,1.0743787212245999,0.0,0.0,29.36713326195274,28.940887082939287,0.42624617901345374,28.94088708295469,2247,9.999478467003535e-09,2.963487245980551,3.823080062866211
22,train,0.175,1.9108816230563588,2.85,11.177924600016357,1.761038078192156,0.0,0.0,70.97880964744893,55.27554727714656,15.703262370302369,55.2755472774043,2444,9.970244260204484e-09,11.177924600016357,4.267056226730347
23,train,0.2,8.241605932228696,0.6000000000000001,1.523775786466517,1.0764000867957488,2.5,7.311886040482263,29.419252328652846,27.214211138170587,2.205041190482259,27.058221713114552,4096,9.987895820620473e-09,1.523775786466516,7.250292778015137
24,train,0.25,8.972209279299387,0.75,8.210799809244003,0.5408618449868624,0.4,0.6311419461663583,44.1627475512037,31.99490928923924,12.167838261964462,31.98875925074563,2950,9.98524584004202e-09,8.210799809244005,5.4429771900177
25,train,0.1,2.723309869643026,9.700000000000001,13.483481727568796,1.6816254606776362,2.975,5.132479981714805,72.92886332050385,59.54302526552663,13.38583805497722,53.05228063264026,2355,9.98473384928539e-09,13.483481727568796,3.941836357116699
26,train,0.15000000000000002,5.915785684573098,2.85,6.231208204231941,0.37289617001399367,0.525,9.138804601307559,33.14902738235189,29.108214680438497,4.040812701913392,29.10089344826322,2413,9.97615648223891e-09,6.231208204231938,4.06024694442749
27,train,0.1,1.741688863784659,0.4,12.635577409748686,0.4269780714985293,0.0,0.0,67.74372329153655,38.05002561361682,29.693697677919737,38.050025613870204,2234,9.945389238666206e-09,12.635577409748688,3.729785919189453
28,train,0.125,7.491383685100127,0.5,5.344531420601327,1.7969090374942174,1.0,1.795077522961257,42.85159090529637,35.67717243934115,7.17441846595522,35.664660056623475,2720,9.980984121968908e-09,5.34453142060133,4.612524032592773
29,test,0.175,1.0326099077053053,0.6000000000000001,2.8455110490112947,1.4281700731541715,0.0,0.0,43.19034777154829,33.97636831553005,9.213979456018237,33.9763683218795,2439,9.957458041980063e-09,2.8455110490112956,4.299582481384277
30,train,0.1,4.946094795142289,2.15,3.7968591232408064,1.910934410472868,1.9500000000000002,2.030014900036372,35.95914564873357,33.22929325695886,2.729852391774706,33.14343049031688,2545,9.96503452378343e-09,3.7968591232408073,3.3632614612579346
31,train,0.15000000000000002,1.3297004130129588,7.65,6.566094713549169,0.5998876850480628,1.575,8.838625940620721,41.722268565315716,38.41584770509985,3.306420860215866,36.5538841281975,5002,9.999007913463281e-09,6.566094713549169,4.71563196182251
32,test,0.15000000000000002,8.410240775222569,0.25,8.772772592575546,1.2915058164207731,0.0,0.0,52.10135279285281,38.172550291010054,13.928802501842753,38.17255029104434,2445,9.999206415111864e-09,8.772772592575546,2.166632652282715
33,train,0.1,1.3814640797744036,1.15,14.527246770004544,1.1834878615770348,2.325,4.749653791936863,132.33005955725432,69.80541336044237,62.52464619681194,53.168683572523975,3982,9.996070373989453e-09,14.527246770004538,3.1402475833892822
34,train,0.175,1.0419257805261362,0.35,12.612000608358308,1.879050028408094,1.1,5.943540804230096,123.96827199667997,75.85450275195001,48.113769244729966,70.28085191311203,4130,9.99027996088102e-09,12.612000608358308,3.733445167541504
35,train,0.22500000000000003,7.3746082308549425,2.3,6.776001969831524,0.7100767587035088,1.5250000000000001,8.114483104100954,38.09748032801452,32.23889301592185,5.858587312092666,32.09341957064582,3302,9.997937388942977e-09,6.776001969831526,3.204521894454956
36,train,0.1,1.7694551655124113,0.6000000000000001,11.444199923408249,1.9664821931258158,0.0,0.0,79.31015199729035,54.334855546134946,24.9752964511554,54.33485554628345,2475,9.949679543066916e-09,11.444199923408247,2.2207345962524414
37,train,0.15000000000000002,1.1656250093036375,2.2500000000000004,3.046425418697776,2.0034820011392784,0.375,9.051840797691709,41.0618183350821,35.17018605212535,5.891632282956749,35.120261579627204,2592,9.982202482979306e-09,3.0464254186977753,2.1994988918304443
38,train,0.175,1.9262829576781848,0.45000000000000007,2.6168608913149694,0.31497005846597237,0.0,0.0,35.43869637431717,28.2844800799365,7.154216294380667,28.28448008008443,2145,9.977017344144706e-09,2.61686089131497,1.704627275466919
39,test,0.07500000000000001,1.4950009579257393,0.30000000000000004,9.276013425553597,1.4382546324752812,0.6000000000000001,5.042546628008962,73.45660128520397,45.08265216325481,28.373949121949167,43.288525164507064,2525,9.995799014360833e-09,9.2760134255536,1.9108085632324219
40,train,0.2,7.097928607768466,0.30000000000000004,3.540977734351337,0.5174473007755811,1.2249999999999999,4.265202785545512,37.05472076094316,28.71546085010431,8.339259910838852,27.942149937895543,3933,9.985096515110274e-09,3.540977734351338,3.0237388610839844
41,train,0.22500000000000003,1.1200930949164654,1.0,8.332541282046922,0.37913437081569673,0.30000000000000004,9.120966129475201,71.0392745131105,45.37459066093253,25.664683852177966,45.16110557996747,3181,9.985829876931818e-09,8.33254128204692,2.6524064540863037
42,train,0.2,6.975493712608939,7.0,14.713989528212299,1.9017224569491855,1.4749999999999999,7.3784439227785485,68.35078864063802,59.69635875502332,8.654429885614697,57.666633798874635,4048,9.995617512384414e-09,14.713989528212299,3.688018560409546
43,test,0.05,1.3631768697302984,1.8000000000000003,8.199120182665801,2.161192236788674,0.7250000000000001,6.294449340724195,56.41701830523372,46.50988727415533,9.907131031078386,45.986871125806594,3006,9.991580194324257e-09,8.1991201826658,2.2602691650390625
44,train,0.1,1.3796483661106373,1.4500000000000002,6.83645116032839,0.5124968439239841,0.7,3.395708749036673,47.016276149484085,34.20940971186452,12.806866437619568,33.67536000328201,3707,9.992165779633426e-09,6.836451160328387,2.750276803970337
45,train,0.1,2.395874579997042,3.15,5.156270643997994,2.6667308276687023,0.95,3.4466689052924337,46.26160164645867,41.62024194662879,4.641359699829884,41.065813264214036,4107,9.99533982683236e-09,5.156270643997994,3.100382089614868
46,test,0.15000000000000002,7.056031139956475,2.8,12.261485591259085,1.022924382920664,0.55,7.219740383832248,47.884267212114736,40.642590854099105,7.241676358015631,40.537449787073726,2963,9.992158983100557e-09,12.261485591259085,2.011012315750122
47,train,0.15000000000000002,1.5936927359341115,3.2500000000000004,13.050066956562517,0.4066531043601256,0.32500000000000007,7.1837987035260555,59.87177187811844,43.41347896953793,16.45829290858051,43.0029596473077,3257,9.998192092711958e-09,13.050066956562517,2.3744895458221436
48,train,0.175,8.62858978850404,0.4,14.424323442727125,1.8967296394585045,2.2,7.301895744068071,78.10860761054566,56.538150366056634,21.570457244489027,55.74126877039395,4545,9.990700430949393e-09,14.424323442727125,3.434110641479492
49,test,0.05,8.831349307623949,0.6500000000000001,9.261062535016329,0.37339668010095106,0.4,5.623525870135443,36.66875051149947,29.3861406386032,7.282609872896266,29.27564583971104,2329,9.977269225561678e-09,9.261062535016324,1.697213888168335
50,train,0.05,2.92405241294633,1.7000000000000002,11.69492746009223,1.8895829919910958,1.325,8.740974344611633,58.83920978490681,49.50739069599556,9.331819088911246,49.46865614163406,2659,9.98225231720359e-09,11.694927460092229,1.7546312808990479
51,train,0.175,1.3174483215226962,0.4,2.2279261667507577,1.364534560316583,2.15,6.344166594472452,41.19808760112371,32.89549223228988,8.302595368833828,31.07004404814471,4389,9.992883718552976e-09,2.227926166750759,7.3141257762908936
52,train,0.2,7.913462475917981,4.15,4.78748917274246,0.693926179855942,0.375,1.6099149607185945,31.67546476949738,29.69497557565359,1.9804891938437912,29.683728564790293,2520,9.978022448654329e-09,4.787489172742458,4.710543632507324
53,test,0.125,8.632318650597895,1.25,6.3664775188837375,1.6099298893255196,3.35,6.864004934497458,48.99476703255232,39.03590020696118,9.958866825591137,36.373083205502894,5010,9.996798493077782e-09,6.366477518883739,8.6346755027771
54,train,0.175,2.3788084552068476,9.5,11.048643304051009,2.6811179158701735,0.0,0.0,63.53100664713636,63.10066095402477,0.4303456931115903,63.10066095420816,1935,9.984915940617428e-09,11.048643304051009,3.5661509037017822
55,train,0.15000000000000002,7.088162724566176,2.6000000000000005,2.7069034966915764,1.1624633106355182,0.25,4.554600127957029,30.90047200726024,28.86356142450779,2.0369105827524514,28.805230676319887,2753,9.990770769607106e-09,2.7069034966915773,5.039053201675415
56,train,0.2,1.974053985349203,1.35,7.192397778950505,0.6012410798840662,2.1750000000000003,1.9528543160445646,53.538005870837225,38.45870509124613,15.079300779591094,36.83905546123876,4713,9.98874576519956e-09,7.192397778950504,5.232487916946411
57,train,0.22500000000000003,9.931953048461054,6.4,4.974718130096545,2.0607145351435583,0.0,0.0,37.39103338644888,36.53598703660494,0.8550463498439385,36.53598703662735,2333,9.958114383167539e-09,4.974718130096546,1.4957513809204102
58,train,0.175,4.631106155286252,2.7500000000000004,2.2661701777778585,2.366762358879721,0.0,0.0,33.26500389693561,31.291587546519903,1.9734163504157074,31.29158754653647,2472,9.981968149382275e-09,2.266170177777859,2.1115915775299072
59,train,0.25,1.7411174093978827,0.4,11.87475116969106,0.47350599501145635,1.5500000000000003,1.080574903680183,86.95481701830091,49.76631573289317,37.188501285407746,48.049274117126906,4324,9.995029660083934e-09,11.874751169691056,3.2325661182403564
60,test,0.05,1.1263099402957049,2.35,12.220745352031814,0.5196059019247004,0.30000000000000004,7.919349380324259,50.529931682157404,37.21242662844017,13.317505053717234,37.16208708976698,2475,9.981653727111482e-09,12.220745352031813,1.7210400104522705
61,train,0.05,8.468284305933292,4.3,10.773690975700921,2.0658627904978855,0.0,0.0,50.16101474202617,48.234254240016305,1.9267605020098628,48.23425424003115,2423,9.995569313585994e-09,10.77369097570092,1.878796100616455
62,train,0.15000000000000002,1.3332871065071787,1.6,11.432633796603824,1.2797734593760055,0.375,7.25822800987593,77.99775702246738,53.258785045923794,24.73897197654359,52.85537366098659,2879,9.992769635174855e-09,11.432633796603824,2.70462965965271
63,train,0.07500000000000001,1.559701503751856,0.7,10.938665761938255,2.8663290129196763,0.30000000000000004,6.128197008297068,84.01695947579822,62.25701344515284,21.759946030645374,61.96018650691107,3082,9.995934048164212e-09,10.938665761938257,2.49979829788208
64,train,0.05,7.658535174846613,3.45,3.423789849915045,0.37054611183333963,0.0,0.0,27.415166405041653,26.600619750980275,0.8145466540613775,26.60061975098717,2162,9.941418461745443e-09,3.423789849915046,1.5745484828948975
65,train,0.05,9.550523544183593,1.35,11.97713327677971,1.2987620704271352,0.375,9.292985365496666,47.63347391052988,41.56336230207109,6.070111608458788,41.56176296486438,2600,9.99835993189755e-09,11.977133276779709,2.018280506134033
66,test,0.15000000000000002,3.784575868046432,3.3,10.089264173434325,2.6164694268009723,0.0,0.0,63.2870541992571,55.716580094716626,7.570474104540473,55.71658009479738,2461,9.981553422208878e-09,10.089264173434325,1.707381010055542
67,train,0.1,3.2236860392333786,1.1,7.638362212756654,0.3947651271757607,0.0,0.0,41.19113794683115,30.626690291600234,10.564447655230914,30.626690291666314,2208,9.989091081832667e-09,7.638362212756651,1.970801830291748
68,train,0.25,2.016993988167548,1.2000000000000002,9.553825658512796,1.2934521651556485,0.7750000000000001,2.395123158779475,73.77716015477002,50.216910959665256,23.56024919510476,49.50161782424237,3207,9.985822893839045e-09,9.553825658512793,2.3950817584991455
69,train,0.1,3.875308209980593,0.8,1.5048376798830918,0.7861787463546681,0.475,5.690161812988151,28.990890384348877,26.69543968363512,2.295450700713758,26.619038915778173,2922,9.982894355170775e-09,1.5048376798830936,2.0596017837524414
70,train,0.125,5.035031374710986,2.7500000000000004,10.134062791294442,0.6213487179002735,1.15,4.393051027342028,50.42915732319462,36.03998476948835,14.389172553706274,34.1335876008206,3482,9.990850475696585e-09,10.134062791294443,2.3583223819732666
71,test,0.175,4.226807612720326,0.95,8.178349424494616,1.6361644159815802,3.225,5.024613068115497,96.74181320445767,55.50650635076048,41.23530685369719,42.02613871361245,2580,9.972139392690863e-09,8.17834942449462,2.108353614807129
72,train,0.2,6.307691010509953,0.8,12.72335307283096,0.9359720957073764,0.0,0.0,61.188135670722005,41.34584435133251,19.842291319389496,41.3458443514275,2396,9.982773014367056e-09,12.723353072830959,1.9444983005523682
73,train,0.15000000000000002,1.1804813958450606,5.6,1.7779508366962906,0.5724435823284404,0.4,3.213376350099097,29.80694335631195,28.470041810345833,1.3369015459661178,28.333263655379724,3828,9.987485822445296e-09,1.7779508366962886,2.5499627590179443
74,test,0.05,1.0343864993358423,5.3,12.991672330043814,0.7069404433333193,0.0,0.0,46.58204991380537,40.87563419448994,5.70641571931543,40.875634194657,2257,9.998288500101236e-09,12.99167233004381,1.5369210243225098
75,test,0.2,3.9887829790913725,0.4,6.108871055095535,2.7261543151390217,2.125,3.511321890626034,62.21836565754787,47.21535158819863,15.003014069349241,44.910197802391195,5613,9.995850303512704e-09,6.108871055095534,4.010095834732056
76,train,0.2,5.074653169801026,1.05,9.972440884206232,0.3075026761268124,1.075,1.9989803905052907,48.0066806811615,32.45911634283445,15.54756433832705,32.31264078493186,2784,9.981147917186754e-09,9.972440884206234,2.3876454830169678
77,test,0.2,1.4652335957732694,5.45,14.847862037570478,1.079172034946308,3.9000000000000004,2.8137349202695257,126.71728019792954,90.24695143725621,36.470328760673326,61.76046703392075,6363,9.994527264515761e-09,14.847862037570476,4.8282458782196045
78,train,0.15000000000000002,2.4692935150074677,0.35,11.574622419126422,0.8145172419913602,0.375,1.9289190277221058,70.12737610338095,41.90313963835586,28.224236465025093,41.82539325578936,2672,9.98358185778245e-09,11.57462241912642,2.1178953647613525
79,test,0.15000000000000002,8.074276585639018,0.30000000000000004,4.259931989211887,0.5877336886874595,1.2750000000000001,4.941455039297066,43.6068387539832,29.92745421524426,13.679384538738937,28.429992921818265,2661,9.981850368411296e-09,4.259931989211889,2.1167585849761963
80,train,0.05,1.7525380426837842,5.6,9.926241806698426,1.3374276724387086,2.075,1.4980097176424703,44.83804395149877,42.38394166741815,2.4541022840806193,41.42192333086062,3961,9.995676856628533e-09,9.926241806698428,2.7011725902557373
81,train,0.05,2.325992901096011,1.85,5.738390766162564,2.0970081966307235,2.1,7.780922583361235,43.4199277718477,38.64646942139371,4.773458350453993,38.44870392340247,2639,9.974062825113914e-09,5.738390766162565,1.7605116367340088
82,test,0.125,8.119929225283057,2.2,12.903840183672104,0.6572219358836799,1.1,1.484319471475028,43.768482174928444,35.90736924079086,7.861112934137587,35.875754345423644,2843,9.989790735684222e-09,12.903840183672102,1.8866832256317139
83,train,0.15000000000000002,2.503528309534062,7.3500000000000005,9.831651365106394,0.45146889833199016,0.42500000000000004,0.4501814869713321,37.839294474765076,35.77909741309354,2.0601970616715377,35.64069760325144,3141,9.987890862150612e-09,9.831651365106394,2.5164794921875
84,train,0.175,2.806773246324495,0.8,9.378680681808312,0.30509543603018763,1.75,6.10360062782142,63.79902516728442,38.23341078232946,25.565614384954962,34.0059143808717,3963,9.987302654295776e-09,9.378680681808309,3.3861310482025146
85,test,0.25,9.589720456811353,2.4499999999999997,7.685082230788259,1.7320236503470585,1.85,8.775171471927443,46.42294723982121,40.682000135683076,5.740947104138137,40.557573899318086,4204,9.99977837068294e-09,7.685082230788261,3.1196258068084717
86,test,0.175,7.358705766446628,0.4,11.253789041913027,0.8264373838574522,1.5250000000000001,8.9816831140797,55.713604036714706,37.40515657824717,18.308447458467533,37.33322557274017,3569,9.999305454251668e-09,11.253789041913025,5.578607559204102
87,train,0.22500000000000003,9.651128130114342,0.7,11.272548964130827,1.686960029624916,0.35,0.5701381667571956,62.80637314940888,47.00704080659753,15.799332342811347,47.0013108839854,3374,9.996531743462205e-09,11.272548964130827,6.222661018371582
88,train,0.15000000000000002,3.0881596333084436,9.5,7.509628386711142,2.8512692724017814,2.2500000000000004,1.7823493604166987,59.27795261780104,52.93223470708612,6.345717910714924,50.29740071856797,5125,9.99673155335644e-09,7.509628386711142,9.04701828956604
89,test,0.2,3.5930371710736755,4.800000000000001,13.945823341078441,1.9939044624489324,0.0,0.0,69.0094129348743,61.010950739539425,7.998462195334881,61.010950739701244,2399,9.996261527414352e-09,13.945823341078441,4.373973369598389
90,train,0.05,1.11866093515309,0.35,10.454278801344778,1.5501704396605478,2.7500000000000004,6.735878146454697,76.45782144284537,51.06922626734912,25.38859517549625,46.20964149928868,4165,9.992169278419684e-09,10.454278801344778,6.64307427406311
91,train,0.125,6.32224893740445,0.30000000000000004,4.28349210617818,1.2560849963557357,0.25,5.14263608563441,39.515128539803236,31.542440902943,7.972687636860236,31.362982388488998,3917,9.986876948785881e-09,4.28349210617818,6.713536024093628
92,train,0.1,1.0705508216350865,1.1,13.538888339371756,1.4084260969229165,2.65,3.88303096205993,124.02701886465131,72.39033413494894,51.63668472970237,57.14391146798442,4748,9.986789642534752e-09,13.53888833937176,7.952723503112793
93,train,0.2,7.134189995400014,0.75,9.264483512364086,0.748275149652568,2.9250000000000003,2.7897252997219013,50.343133245266124,36.878646245386214,13.46448699987991,34.82296493380208,3699,9.998722712396034e-09,9.264483512364084,6.635445594787598
94,train,0.2,2.197490157444009,3.5500000000000003,12.304042483667944,2.9913320543314583,0.7750000000000001,1.6496762898233026,87.6346607775344,73.86848552452278,13.766175253011625,73.39337326321262,3240,9.996202237444882e-09,12.304042483667946,5.797263145446777
95,train,0.05,3.757265888311606,9.9,10.812334141689218,1.1812289849730269,3.1750000000000003,4.978955768589635,53.15679659014136,43.50457887302482,9.652217717116542,39.553089730932946,1844,9.99914864759138e-09,10.81233414168922,3.016158103942871
96,train,0.125,2.3194150091710926,0.30000000000000004,3.827706527642942,0.31245683961250964,1.4500000000000002,3.660150553339662,38.76313177960026,29.204509595372965,9.558622184227293,28.380065823594954,3763,9.999610120819163e-09,3.8277065276429365,6.551939249038696
97,train,0.07500000000000001,2.632581175464374,8.6,11.527483702048817,1.0422643701955985,3.0,3.1456798181646164,58.87804643336696,46.208902661555115,12.669143771811846,40.66380464787616,5012,9.995915162266942e-09,11.527483702048812,8.354880571365356
98,train,0.175,8.110820953009592,1.75,11.392451291851673,1.1691387334492602,0.575,2.562431680831298,51.2432511276294,41.189197410128834,10.054053717500565,41.13816534483167,2960,9.994724896789993e-09,11.39245129185167,5.29834508895874
99,test,0.1,2.1013207407271066,0.45000000000000007,13.240401114071304,0.5759279930378673,2.2500000000000004,7.19963684766178,69.47722073437889,41.76506107301919,27.7121596613597,39.34578707586009,4375,9.98409807588667e-09,13.240401114071307,7.397291421890259
100,train,0.175,2.994038003633559,9.799999999999999,10.444364677706337,1.9577611128632078,2.225,2.5522694070139877,63.71305499853787,55.59757846625732,8.115476532280553,51.882987314218326,3388,9.997953266118437e-09,10.444364677706337,6.0923073291778564
101,train,0.125,3.6489737045517985,0.35,10.140909771895977,2.7068904688412636,0.825,0.7413572442616472,76.11045250480545,56.277583059833795,19.832869444971656,56.245351899511974,3168,9.986660855499278e-09,10.140909771895977,3.2762694358825684
102,train,0.25,1.2676597005259347,0.30000000000000004,4.444932561069138,0.3488604114262292,1.05,3.322501043805826,53.27036650771787,36.840835904279345,16.429530603438522,35.457438079095695,4283,9.996102033632775e-09,4.444932561069141,2.4031074047088623
103,test,0.25,1.1245026483034901,0.4,6.3830612918589935,0.3448654645774026,0.45000000000000007,3.1097834818837478,65.693325659456,42.30726010057382,23.386065558882173,41.59428196106566,3809,9.981396557547853e-09,6.383061291858988,4.133788347244263
104,train,0.15000000000000002,2.6098144600459925,0.25,2.5689851939817654,2.1871865092165335,0.0,0.0,38.586950121870025,32.176734192786085,6.41021592908394,32.17673419281639,2489,9.955599153172982e-09,2.5689851939817654,3.8537774085998535
105,train,0.125,3.2223102725507315,1.5,5.66331825414893,0.8099314718644179,2.575,3.220587934858232,43.62790674403431,34.18434987557353,9.443556868460782,31.963154976666424,4643,9.999714107047698e-09,5.66331825414893,3.9120349884033203
106,train,0.1,1.7477642551960635,1.4500000000000002,10.56561700722338,0.5074276520066628,3.3,1.975414241974619,55.80981430032782,40.154173131741025,15.655641168586797,36.741082715202026,4936,9.996901094724748e-09,10.565617007223379,3.5602810382843018
107,train,0.1,2.889146773148224,3.45,3.106356161804637,0.3345763775262631,0.0,0.0,29.226384735516955,27.212862491075985,2.0135222444409706,27.21286249110763,2130,9.944444853281538e-09,3.1063561618046336,3.523737907409668
108,test,0.05,1.0215503615082335,0.5,1.4379691806230237,0.3870354293358088,0.5,5.65751447909143,29.724040050964877,26.43176787621922,3.2922721747456585,26.305897787762035,3171,9.989753200071923e-09,1.4379691806230217,2.459219455718994
109,train,0.25,3.892202101190217,5.75,1.066379500766235,2.14037916141784,0.4,7.620198926098728,28.501084802229933,28.03679314092957,0.46429166130036137,28.0011712720758,3718,9.990913315575739e-09,1.0663795007662342,1.705289602279663
110,train,0.25,1.7958228109001702,7.4,7.36240402418121,1.2037760793334564,0.675,7.920210899772552,47.80678762429724,45.22913517115307,2.577652453144175,44.345175043970144,4102,9.997793301796057e-09,7.362404024181207,5.171029806137085
111,train,0.22500000000000003,2.0816088125933248,4.75,9.410274864076994,0.49371571373453405,0.6000000000000001,1.0342188949554205,48.477496525765574,40.416008932885006,8.061487592880567,40.115509137303064,3550,9.995614175813077e-09,9.410274864076992,2.964003801345825
112,train,0.22500000000000003,2.2206425412037247,0.25,3.3168286061448504,1.5933257524592817,1.9500000000000002,3.5280830275963293,46.473751203865234,35.507486324291584,10.96626487957365,33.75049926385327,4600,9.98938035401079e-09,3.3168286061448495,3.5201752185821533
113,test,0.05,7.7628189457424535,2.2500000000000004,2.7643687844527713,0.4176763799858318,0.4,5.070009935187617,28.0600908569617,26.476302073332757,1.5837887836289433,26.42020175684191,2232,9.986965192259442e-09,2.7643687844527687,1.7618627548217773
114,train,0.07500000000000001,1.009270558800121,0.25,14.90318414702709,1.1528162479470372,0.0,0.0,94.61617316856882,53.727286269262166,40.888886899306655,53.72728626954084,2427,9.966946772067772e-09,14.903184147027094,1.7924673557281494
115,train,0.25,7.894092295797312,6.45,8.506805783559253,1.2557791976896764,0.30000000000000004,5.917305806241385,41.29128731929407,38.797378943772,2.493908375522068,38.646093704779545,2465,9.973892325661256e-09,8.506805783559253,1.6650140285491943
116,train,0.07500000000000001,4.609152171868068,5.45,1.2542476148010968,1.1825922522830232,2.825,3.2325428345811194,29.035654071963286,27.294882503806647,1.7407715681566387,26.72707218691116,4728,9.989278300006318e-09,1.2542476148010953,2.865895986557007
117,train,0.1,4.081033250532652,1.9500000000000002,6.546331000829484,1.4280454121570796,1.2000000000000002,7.274115687225837,42.037642893822444,36.32444590532438,5.713196988498062,36.159845095024544,2714,9.996694037658567e-09,6.546331000829487,1.9835312366485596
118,train,0.2,2.6258649598566857,1.65,1.1745782911769853,1.875641403949279,0.7750000000000001,1.2553138594996764,30.2497994491641,28.15554967850092,2.0942497706631826,28.13490466203897,3144,9.98833695213507e-09,1.1745782911769855,2.1271989345550537
119,test,0.25,7.7563325615742835,1.05,10.556142374929085,0.4231510385264507,0.4,2.115603131835108,48.15156141308633,33.233787461773005,14.917773951313322,33.20354752915334,2342,9.969251303792543e-09,10.556142374929085,1.9020113945007324
120,test,0.25,8.17678811709105,0.55,7.57721243444759,1.6241126883456032,0.7250000000000001,5.157855740528455,60.39467117246965,41.26783663219114,19.12683454027851,39.86287553640523,4899,9.987462026831938e-09,7.577212434447591,3.1969659328460693
121,train,0.22500000000000003,5.5171705651134415,3.7,11.961441820365188,1.1144358474677045,0.0,0.0,51.55960345916597,43.58712664586469,7.972476813301277,43.58712664597805,2378,9.96977065144374e-09,11.961441820365188,1.6047327518463135
122,train,0.22500000000000003,7.337912678411376,4.75,2.398074680250213,0.4803066745230078,0.275,9.660459562803295,27.883634491463482,26.965398193826605,0.9182362976368772,26.963064048542435,2584,9.982630841155358e-09,2.3980746802502155,1.8986356258392334
123,train,0.25,2.3831132446913212,3.5500000000000003,13.425995238832607,0.7443053537651526,1.35,5.7005580829206375,83.52894467913623,55.568131731973,27.960812947163234,49.50270907344665,4260,9.99220102288343e-09,13.425995238832602,3.0384480953216553
124,train,0.125,3.99737374685316,7.9,7.54696359277235,0.4719146236918997,0.75,1.5877554104925338,32.79963409397765,31.452942769910173,1.3466913240674785,31.160485260412695,3618,9.99539137559144e-09,7.5469635927723475,2.2446463108062744
125,train,0.125,1.4550285017314881,3.1000000000000005,5.752688558924637,2.70408068830567,0.32500000000000007,7.452656647027496,53.03722817361093,45.806541196272065,7.230686977338863,45.679978001117576,3017,9.996070508505534e-09,5.7526885589246355,1.899446725845337
126,test,0.175,1.897201052326916,0.55,3.60072588819522,0.9980069279711685,0.525,0.6905152834748152,41.65705691156194,32.06908085170029,9.587976059861646,32.02892320625621,3030,9.997215278174553e-09,3.600725888195222,1.7815923690795898
127,train,0.22500000000000003,3.0303398733130784,8.6,10.135268810537285,0.9389183163953091,0.0,0.0,43.57769320691123,42.36248530381942,1.2152079030918088,42.3624853040213,2060,9.952028762544489e-09,10.135268810537282,1.4932496547698975
128,train,0.1,1.9713963565488632,4.2,13.27395116170467,2.392010646402547,3.8,7.8085946231614844,94.91723157670864,75.18959712308443,19.72763445362422,63.90504794578479,5431,9.994886112673187e-09,13.273951161704671,3.142029047012329
129,train,0.1,1.179837350088498,0.4,5.26253137066446,1.0715674396468609,0.0,0.0,49.59167435400683,35.26619125645644,14.32548309755039,35.266191256578665,2412,9.983589126033017e-09,5.262531370664461,1.4915504455566406
130,test,0.22500000000000003,4.137673130078102,1.85,3.314358527142076,0.5374978471702957,0.0,0.0,33.4043551036132,28.688710040305722,4.715645063307477,28.688710040358295,2287,9.949249184082286e-09,3.3143585271420735,1.5228819847106934
131,train,0.22500000000000003,7.111040593005261,2.15,11.291811985274867,0.5931357727098727,0.7750000000000001,7.3986381143387225,46.40509093592895,35.80628438699127,10.59880654893768,35.62798698975641,2416,9.985534326075714e-09,11.291811985274865,1.7174744606018066
132,train,0.05,1.6099542226948,8.05,2.6891747242116093,2.3618011903013327,0.0,0.0,32.527899224826506,32.27162444054554,0.2562747842809685,32.27162444056359,2218,9.980032736180822e-09,2.68917472421161,1.2960164546966553
133,train,0.2,1.8388225083562872,5.7,3.512889012845224,0.7774799284571153,0.5,6.997329412691872,34.25550116150098,31.958781183994862,2.2967199775061182,31.66324489518025,3913,9.990857990524333e-09,3.5128890128452244,2.8395204544067383
134,train,0.07500000000000001,7.491609640654526,0.8500000000000001,8.431905520029403,0.5315298495696268,0.4,9.224182503752141,38.05663828910723,30.59482599371935,7.461812295387876,30.592954712134464,2419,9.9860754568146e-09,8.4319055200294,1.4939804077148438
135,train,0.22500000000000003,7.726607096219913,4.4,8.247261298028207,0.9283872559577862,1.1,4.417611453809443,44.51494533011285,36.48138701563876,8.033558314474092,35.31943087317753,2336,9.96017881011211e-09,8.247261298028207,1.4912140369415283
136,train,0.125,1.3355613820261314,8.4,7.7484306342089075,2.693560778817941,0.0,0.0,54.64673323463381,53.368271127349836,1.2784621072839712,53.36827112751671,2170,9.972267024792437e-09,7.748430634208908,1.7762048244476318
137,train,0.07500000000000001,3.5844006882349078,0.55,4.544584485772422,0.32149619217983977,0.0,0.0,34.123592638498145,27.55588730703381,6.567705331464335,27.555887307059937,2148,9.969358562371537e-09,4.544584485772424,1.31180739402771
138,test,0.07500000000000001,2.0966840503042956,2.35,7.510197847849822,0.7543493144038813,0.42500000000000004,9.678382328324945,40.83025599342212,33.59989165039617,7.230364343025954,33.58959102329962,2422,9.991863675396963e-09,7.5101978478498195,1.8104400634765625
139,train,0.25,6.581242122624222,3.85,7.562630158195335,0.4265779244848608,0.6500000000000001,0.7934975486663309,35.88264616077095,31.37118299982845,4.511463160942505,31.338331785665314,2945,9.990740095614563e-09,7.562630158195329,2.0059094429016113
140,train,0.25,6.229555085764453,2.5,11.511740186428035,1.8653341385849551,3.2500000000000004,4.581429819712516,111.9227291674428,68.26391393801937,43.658815229423425,51.45758873168134,5150,9.99007118527065e-09,11.511740186428035,3.803806781768799
141,train,0.125,4.355255614257352,0.25,14.907158977756492,0.5728192979609277,0.0,0.0,66.83552465758738,38.28966552191041,28.545859135676977,38.28966552201735,2311,9.960773459055218e-09,14.907158977756495,1.5666730403900146
142,train,0.125,1.3459535032237018,0.45000000000000007,9.851959382422942,0.7413932817588812,0.6000000000000001,7.126093206808669,69.37924581549193,42.265470105308395,27.113775710183532,41.765764911460295,3629,9.993831992951663e-09,9.851959382422944,2.1757121086120605
143,train,0.15000000000000002,2.8913417688617424,2.85,9.395734994023865,0.8910564689738302,0.6500000000000001,1.9821519366806988,48.165380970226735,38.68329021288932,9.482090757337417,38.54407802469925,2973,9.993325849976661e-09,9.395734994023867,1.6797733306884766
144,train,0.05,7.0146751125225215,0.30000000000000004,7.294857637917528,2.3421189308412176,3.9000000000000004,5.191624250743187,93.41588163685469,54.33972724148807,39.07615439536662,42.83639916583674,3852,9.987010870729363e-09,7.294857637917527,2.1797034740448
145,train,0.2,4.570836837418617,0.75,14.265498395323892,0.6973595348176954,0.7750000000000001,5.57027962983117,76.62882855259882,44.06493435263668,32.563894199962135,41.6418856264635,3895,9.992297546056723e-09,14.265498395323892,2.6394662857055664
146,train,0.07500000000000001,3.2280046506815188,7.1000000000000005,6.870213830989343,1.331045963900862,0.7750000000000001,4.446962248454522,38.72723098113711,36.27230349646793,2.4549274846691844,35.95836413543928,2472,9.996567998852429e-09,6.870213830989344,1.3630449771881104
147,train,0.2,1.336001723234623,0.35,10.344858924054611,1.3571848187823055,0.275,3.3131680449830605,89.82636711699313,55.35649775954802,34.469869357445106,54.85376846306515,2453,9.965916408334915e-09,10.34485892405461,1.7888708114624023
148,train,0.22500000000000003,6.000002378483864,6.0,4.453525281166063,1.3962732363132657,0.0,0.0,34.294846655506824,33.02943777626967,1.2654088792371567,33.029437776304604,2320,9.992821023946885e-09,4.453525281166062,1.3450751304626465
149,train,0.07500000000000001,1.8843107492157132,0.4,4.969290732389209,1.418592965907686,0.45000000000000007,5.401854783779369,46.14591507990391,34.637834539463185,11.508080540440723,34.18465634836449,3076,9.990415646937977e-09,4.969290732389209,1.7409307956695557
150,train,0.15000000000000002,8.97268597201268,2.35,4.57149703438333,1.2664831370673721,3.7500000000000004,4.37297584477273,55.878047785834006,38.488283754351755,17.38976403148225,31.698723522692443,2462,9.936208707203857e-09,4.571497034383327,1.661041021347046
151,test,0.2,4.846494461416525,0.25,6.600860245886575,2.2502401432988113,0.8500000000000001,8.988828119836892,57.27119970853258,42.81963647237522,14.451563236157355,42.78652103631466,3571,9.999211055990023e-09,6.600860245886576,2.374288320541382
152,train,0.22500000000000003,2.099982491416128,1.85,7.857539585294478,1.2862451637425218,0.5,8.920382434927593,59.417842254509424,43.90930683387214,15.508535420637287,43.77440698178457,3211,9.99682429113927e-09,7.857539585294477,1.9480359554290771
153,train,0.22500000000000003,8.392174381265997,5.6,14.694862030703858,1.6676802306941745,2.075,4.8463154752177795,77.65686801129954,58.9536124767236,18.703255534575938,53.911462353310995,2977,9.986068619074659e-09,14.694862030703856,1.7718250751495361
154,train,0.175,1.738706493803748,2.7,5.050481905432683,0.543162357240621,0.7750000000000001,2.4064522161304827,40.92095478191097,33.3219112723099,7.599043509601074,32.98645013405155,3850,9.999424046040779e-09,5.0504819054326795,2.9375598430633545
155,test,0.15000000000000002,6.547206166732363,6.0,3.3477932754889332,0.3052307526051156,2.275,7.620118116660157,30.489101869833906,27.703419889634798,2.785681980199108,26.89486028514978,4083,9.980897845902526e-09,3.347793275488929,2.622049570083618
156,train,0.1,5.947519863726982,0.4,6.460876262191409,2.9904102300065034,0.0,0.0,54.84264319250586,45.61157924889036,9.231063943615503,45.61157924891363,2506,9.959780622470152e-09,6.46087626219141,1.8389191627502441
157,train,0.07500000000000001,1.4254880554100822,1.2000000000000002,9.67535936357806,2.5705262140615117,0.30000000000000004,1.4885759182746816,72.09639978834346,55.29492029860099,16.80147948974247,55.26770216791229,2501,9.967021938209955e-09,9.67535936357806,1.1843233108520508
158,train,0.175,1.864799535225451,6.550000000000001,10.288345601207215,0.3881200307351132,0.4,4.265555788924678,45.646709178068896,39.608221000576656,6.0384881774922405,38.97389200813588,3102,9.987685265678396e-09,10.288345601207215,2.1908135414123535
159,train,0.22500000000000003,3.5660294753788895,1.6,10.606280818612106,1.3483666105251841,4.0,5.098756415813845,128.62226154170932,72.73623859579877,55.886022945910554,46.329094114186915,3952,9.974721512307206e-09,10.606280818612106,3.157803773880005
160,train,0.05,5.343715140363887,9.2,5.4565694268062845,0.8676211705567559,0.30000000000000004,6.670964982867415,30.75324448021573,30.44271783867909,0.3105266415366401,30.417586052774688,2185,9.99487623799863e-09,5.456569426806284,1.3807566165924072
161,train,0.05,2.25599272626552,4.55,12.649681053947806,1.9877055086948077,0.6000000000000001,7.338915328870314,57.665298146955955,53.61868748980052,4.046610657155433,53.3479870501193,2586,9.993927149701405e-09,12.649681053947804,1.7267086505889893
162,train,0.2,3.099255969616722,6.75,3.014721745099816,2.2708582947248566,0.0,0.0,34.820733553825356,33.886920767488135,0.9338127863372208,33.886920767529205,2320,9.975272091587883e-09,3.0147217450998163,1.5051207542419434
163,train,0.22500000000000003,1.4240509309646932,1.8000000000000003,1.9452587226238103,0.3387882629402517,0.0,0.0,33.384337915342634,28.79413881247615,4.590199102866485,28.794138821618287,2161,9.98768214907039e-09,1.9452587226238145,1.499326467514038
164,train,0.05,5.951464964306336,0.30000000000000004,10.131606490521975,1.996404647184275,0.0,0.0,58.16500961737808,46.39880641743275,11.76620319994533,46.398806417452676,2481,9.98750505353875e-09,10.131606490521975,1.6061208248138428
165,train,0.125,1.4023736237353794,6.0,12.523744539301326,1.0376789837128741,0.32500000000000007,3.979108686057449,57.885256093261994,50.16388311626025,7.721372977001742,49.5552002778508,3062,9.998091689372328e-09,12.523744539301324,1.8920202255249023
166,train,0.15000000000000002,1.8090557855146843,4.0,8.058500461471393,1.6880575265522537,0.7,2.388459713251281,53.444118848759025,46.00418875692424,7.439930091834782,45.54019916900384,2481,9.990573285942106e-09,8.058500461471393,1.5741724967956543
167,train,0.2,1.6157692600411098,4.0,2.6647448724754472,0.36568201792243443,0.0,0.0,32.51839382120238,29.35725540821471,3.161138412987672,29.35725540872481,2146,9.943153793039783e-09,2.6647448724754517,1.2438499927520752
168,train,0.07500000000000001,6.654380384178099,1.1,14.865438403046754,0.4114646336375144,0.875,4.0228783623607995,46.666477791865326,33.90794791864382,12.758529873221505,33.262790626497,2445,9.973295737221256e-09,14.865438403046756,1.44677734375
169,train,0.07500000000000001,7.500396095316311,9.15,13.220025422838502,0.46711297811801933,1.5500000000000003,3.21775626484272,38.835188888732965,33.91577974100811,4.919409147724856,32.91581231188351,3712,9.98798865823832e-09,13.220025422838503,2.1000492572784424
170,train,0.1,3.684857103176344,1.9,12.599656947743,1.5404727717766706,0.0,0.0,60.35030401464284,48.22772439773969,12.122579616903145,48.22772439781281,2446,9.990475800878979e-09,12.599656947743004,1.60483980178833
171,test,0.2,1.1206219816314487,2.3,7.806689058711857,0.5461424195917622,2.0500000000000003,7.596561303030543,63.66561369050071,47.39946413131771,16.266149559183006,43.443554608302364,5187,9.988864864055473e-09,7.806689058711855,3.508786916732788
172,test,0.125,2.428675439022034,0.7,8.306858590769549,0.6192569269807839,1.6250000000000002,1.365913391449932,51.51775868685047,34.92216867515878,16.59559001169169,34.682536120000975,3400,9.995586175824782e-09,8.306858590769549,1.966778039932251
173,test,0.175,1.002460952232691,0.55,13.523160968062934,1.3286543628735559,0.0,0.0,111.73266973329795,67.00327512788968,44.729394605408274,67.00327517513828,2436,9.98855143292812e-09,13.523160968062935,1.7567353248596191
174,train,0.22500000000000003,2.9509098380249363,1.4500000000000002,14.097587213797171,0.3440392140848001,1.2750000000000001,2.343119796102986,68.296665361041,42.15217848431008,26.144486876730916,41.04562821984708,3644,9.986598098554017e-09,14.097587213797173,2.4506521224975586
175,train,0.25,4.781090993084545,0.55,2.3881975883834006,0.48317717953228434,0.4,1.4930434392641343,32.54636596685512,27.487583538569055,5.058782428286065,27.478321126660582,2667,9.98690512968645e-09,2.3881975883834006,1.8100292682647705
176,train,0.175,2.091207864918279,0.95,1.773785733017187,0.6831103700033522,1.35,2.4516260748663177,31.914100634815846,27.93293915620663,3.9811614786092164,27.75223074295567,4123,9.988569497628516e-09,1.7737857330171891,2.639307975769043
177,train,0.22500000000000003,7.733310592334254,7.7,2.3976348004750627,0.38417067529274906,0.0,0.0,26.955959725340765,26.694615845110103,0.2613438802306618,26.694615845128908,1989,9.977302442066547e-09,2.3976348004750587,1.310927391052246
178,train,0.15000000000000002,1.3242468977553343,5.800000000000001,11.559801209130494,1.9812081824233414,3.975,2.2536549952385716,108.95408592506526,82.82465671174141,26.129429213323846,61.36244288176791,7379,9.983833104169859e-09,11.559801209130491,4.8026134967803955
179,test,0.175,2.519213437627644,0.8500000000000001,14.281036981976975,1.1323539860706908,0.4,9.594887781444214,82.7527762609821,51.60402407368873,31.148752187293375,51.54390524242481,2832,9.985867415951324e-09,14.281036981976975,2.105201005935669
180,train,0.1,3.1165354858597865,9.000000000000002,6.33025305704003,0.7492836901032333,0.35,3.273476294874399,32.83781429007011,32.07516124329582,0.7626530467742967,31.974796113573227,2866,9.986881684089714e-09,6.330253057040029,1.9754619598388672
181,train,0.15000000000000002,1.5603007686656716,0.35,13.12602448863428,1.165339375032257,0.7750000000000001,4.368262809015847,99.5263087206966,56.563520105894796,42.96278861480181,53.330675109977896,2900,9.994609939715056e-09,13.126024488634279,1.7101829051971436
182,train,0.22500000000000003,8.448301248563284,7.800000000000001,6.480887713429287,0.6403003132885084,1.2000000000000002,4.663997620757785,34.722182771496726,31.682117892194206,3.04006487930252,31.080969697632632,2874,9.986669729671563e-09,6.480887713429286,1.7238287925720215
183,train,0.175,4.557780540224563,1.9500000000000002,5.490017653717065,0.6650465739337557,0.32500000000000007,1.76915596860519,37.21095168053287,30.94606424794598,6.264887432586892,30.932908644750192,2501,9.997700183620214e-09,5.490017653717066,1.5698060989379883
184,train,0.15000000000000002,2.4496086759166955,0.55,8.877413748048003,1.7086802404833186,2.475,8.216974068678498,66.53261170552946,47.036882121310335,19.495729584219127,45.88579909763443,3354,9.991399656108366e-09,8.877413748048006,2.5316615104675293
185,test,0.2,3.9572594883014416,2.9499999999999997,1.7360638645227753,2.6463126067909077,3.2500000000000004,5.533098292064137,39.22909498586305,33.06585869880743,6.163236287055618,30.526550186382707,5383,9.988422675687162e-09,1.736063864522775,4.374133825302124
186,train,0.25,1.0928033038256435,3.1000000000000005,8.877352193647063,0.3188993925061866,2.65,4.973668495928916,99.7376903694588,65.58044453232847,34.15724583713033,48.42076728713277,5443,9.990111457788794e-09,8.87735219364706,3.6613638401031494
187,train,0.05,2.9225196531584547,0.25,12.01309597491039,0.6424470236837548,0.7,5.6052245688655615,57.193671506911656,36.02641978193506,21.167251724976595,35.15345596575322,2718,9.980579827514446e-09,12.01309597491039,1.8718760013580322
188,train,0.05,1.447399147796043,4.3500000000000005,7.952266703847942,1.031832442003358,3.625,7.267218525852822,55.33190333371556,41.99634373024155,13.33555960347401,36.204316911959545,5397,9.990453361557247e-09,7.95226670384794,3.4530386924743652
189,train,0.1,1.540314106408705,2.2500000000000004,13.294063945177523,0.7105345347274693,0.0,0.0,62.03189684578855,43.497618914202356,18.534277931586196,43.49761891444609,2339,9.949260792013206e-09,13.294063945177527,1.7312829494476318
190,train,0.125,3.032239852615262,2.0,14.75002014844982,1.214318706129175,0.7,4.233859421682625,72.96920959377812,51.225998798928984,21.743210794849134,49.45880630673233,3081,9.991032293890482e-09,14.750020148449822,2.2808947563171387
191,test,0.22500000000000003,1.313406263851522,4.7,12.728036014618576,0.5774553233363223,2.825,1.5844873009130804,80.96929706776505,67.0435434764067,13.925753591358358,54.55736126375077,6908,9.988880660692901e-09,12.728036014618578,5.166292190551758
192,train,0.25,2.908544512723545,3.2,3.2874838020923627,1.3978223993063073,1.4,1.0448170849058729,36.59365301136665,32.73843723002359,3.8552157813430554,32.52513427792939,4022,9.999528536301174e-09,3.2874838020923627,3.1097733974456787
193,train,0.15000000000000002,2.895524187901375,1.7000000000000002,4.000569639969813,0.4137565756598263,0.0,0.0,34.69444860478901,28.8544054573376,5.840043147451411,28.85440545740697,2218,9.945769808851242e-09,4.0005696399698145,1.5862929821014404
194,train,0.15000000000000002,1.2497126022014946,8.25,6.669916860941442,1.9323725396187437,0.32500000000000007,6.467402102271067,48.453320189228485,46.434350386912044,2.018969802316441,46.10571911653065,2184,9.971789434081971e-09,6.669916860941446,1.589414358139038
195,train,0.125,7.4371935973626755,2.6000000000000005,7.006365699003778,0.8094641371741561,0.0,0.0,35.96085635582596,32.07085897911614,3.8899973767098217,32.07085897914462,2355,9.993859278199137e-09,7.0063656990037755,1.5962905883789062
196,train,0.07500000000000001,9.852421806564791,8.6,1.5655892037902845,1.5237659279910876,3.0500000000000003,1.8385474826794859,29.459756844176102,28.049189460836455,1.4105673833396466,27.554346475062903,4339,9.996247007855777e-09,1.565589203790284,2.574408531188965
197,test,0.15000000000000002,8.62728414454737,5.500000000000001,2.6450613515364214,0.3443067936626833,0.375,5.335894722392753,27.324558697677055,26.498804370300316,0.8257543273767389,26.45436174733867,2201,9.976744941455047e-09,2.645061351536417,1.4187746047973633
198,train,0.05,3.693585133643109,1.1,7.230224767955891,0.3469272594514154,0.6000000000000001,2.0800168217248256,35.26300648299983,28.722515049006116,6.5404914339937115,28.716073495697433,2206,9.970104336818755e-09,7.230224767955894,1.412456750869751
199,train,0.25,1.9321787517281,8.75,2.320004748832098,2.210162954414372,2.5,8.569231552759224,39.454112705985445,35.39775348640697,4.056359219578475,33.20285417410059,5571,9.994767680491554e-09,2.3200047488320967,3.675365686416626
200,train,0.175,8.777732694483008,0.4,12.14103991233758,1.053894040756698,3.0250000000000004,8.290831635060812,59.07215845275368,41.15230164763541,17.919856805118272,40.60037208813103,3773,9.99241374324721e-09,12.141039912337577,2.8953473567962646
201,train,0.22500000000000003,5.068020034610172,1.5,7.389654010625835,0.7302351129802594,0.75,1.2052174260735562,44.500391321408586,33.952948559891745,10.547442761516841,33.910903997884944,3176,9.998002451907384e-09,7.389654010625835,1.6764192581176758
202,train,0.2,6.023790286996245,1.3000000000000003,14.029582839624688,1.2284069455108524,0.0,0.0,65.92142473815622,47.33636531564523,18.585059422510987,47.33636531574823,2429,9.952245593183338e-09,14.029582839624688,1.2485458850860596
203,train,0.05,1.4372202952167525,0.55,14.660304341455248,0.49639280832669236,3.35,8.173331653930477,64.94662892483629,40.041321478790096,24.905307446046194,37.8417412948946,4428,9.981877118399908e-09,14.66030434145525,1.9802219867706299
204,train,0.05,1.1197411631879697,0.45000000000000007,1.8865987018358132,0.470159803084243,3.15,5.2549493533062295,39.41050053217498,29.643990389993405,9.766510142181573,26.789171418024676,4287,9.99141431968087e-09,1.8865987018358097,1.8064839839935303
205,train,0.1,4.226584506493455,0.55,12.208170689433903,1.244257202062796,3.475,4.007552561811765,113.13944628774334,59.57236878840555,53.56707749933779,43.46512098253646,4665,9.988675707452831e-09,12.208170689433901,2.0110058784484863
206,train,0.07500000000000001,1.6823988310159064,1.25,14.239711125542627,0.7168546011123157,1.1250000000000002,2.184927837574917,64.5346440841945,42.34716357373445,22.18748051046005,42.00667643715179,3281,9.983647312022718e-09,14.239711125542623,1.5360774993896484
207,train,0.05,2.092830803806792,2.8,10.419947525588508,0.816358655086872,1.85,2.3013152891436253,43.137428808882035,36.80130626881834,6.336122540063698,36.32581794182704,3653,9.993003344919552e-09,10.419947525588508,1.5085275173187256
208,train,0.2,1.5413582065042217,0.35,7.967067833115303,0.9923636614751715,0.8500000000000001,9.527556269390915,68.92827500436539,43.842692342155125,25.085582662210264,43.49624305000961,3721,9.984450453655529e-09,7.967067833115301,1.943936824798584
209,train,0.25,3.0639425133697458,1.4500000000000002,6.904724878003858,0.34990247096271454,0.475,6.310725536681699,47.46015780426961,33.75494361163581,13.705214192633804,33.26848633581588,3141,9.989906524891189e-09,6.904724878003856,1.475616693496704
210,test,0.175,9.580476308546729,1.4,13.554575202269778,0.8967728015366878,0.0,0.0,52.62001170550817,40.06052402267559,12.559487682832582,40.06052402273003,2387,9.974065977810222e-09,13.554575202269774,1.1521360874176025
211,train,0.05,6.6406951846625555,2.7500000000000004,11.944598666035231,0.8040649259928642,2.6750000000000003,5.960054369036576,65.6804235688428,41.81950924271254,23.860914326130256,35.88182697885143,4501,9.986027710442498e-09,11.944598666035237,2.1535685062408447
212,train,0.1,4.5975831702567405,3.0,14.44821747509275,0.704747552443894,2.375,5.043937649913402,84.24827917481414,48.408214488867415,35.84006468594673,38.78244073006038,2800,9.992692857333908e-09,14.448217475092747,1.185042381286621
213,train,0.125,5.452216504715363,1.35,4.0169319853778065,1.6684957221286674,0.0,0.0,37.07936193357814,32.75037681080207,4.328985122776075,32.75037681082033,2465,9.977497887092932e-09,4.016931985377806,1.2017834186553955
214,train,0.125,4.23472275705503,3.95,13.52563041614941,0.5619630386237401,0.0,0.0,43.715427952580576,37.02169413385273,6.693733818727843,37.021694133952835,2260,9.947109437133656e-09,13.525630416149406,0.9412679672241211
215,train,0.07500000000000001,9.037465647973582,0.45000000000000007,3.7673377515649533,0.5867467710291049,2.9000000000000004,6.849876761382056,31.996543626693928,28.13588839252637,3.8606552341675595,27.642415615339868,3708,9.993013032973055e-09,3.7673377515649524,1.617868185043335
216,train,0.07500000000000001,1.496857879605547,0.95,7.6976689652134915,0.4212570752926836,0.6000000000000001,1.4963962642929687,46.50376690840566,32.38856077237154,14.115206136034118,32.34337077291206,2466,9.977039784135692e-09,7.697668965213489,1.0169520378112793
217,train,0.2,3.5500926870036067,3.35,1.979042840676057,0.908331460571613,2.0,7.520584769750033,30.03855696358899,28.369514007962383,1.6690429556266082,27.975221167433443,4304,9.997762548127628e-09,1.9790428406760554,2.3266031742095947
218,test,0.07500000000000001,6.615414832183777,0.6000000000000001,6.051347859845214,0.450273959307198,0.75,2.6035758268323876,35.09583333436115,28.612579421855298,6.483253912505855,28.602441214397846,2248,9.991739591137166e-09,6.051347859845213,1.4833202362060547
219,train,0.15000000000000002,5.646517899962455,0.8,4.8192606220417,0.4055193532470148,0.575,3.7678965296386293,35.491742215499,28.528199740462767,6.963542475036235,28.387152105216888,2251,9.959055907509513e-09,4.819260622041696,1.0602350234985352
220,train,0.25,5.796361855792198,7.7,7.971045939044426,1.3186200591972075,3.975,5.683936820497238,63.80398876967324,48.661868200573444,15.142120569099795,39.20114969746735,4502,9.998365297363693e-09,7.971045939044428,2.2383980751037598
221,train,0.1,7.758530406905074,7.15,12.080320829306713,0.8670669764759424,0.0,0.0,38.47563900857416,37.41402799670452,1.061611011869644,37.41402799674073,2202,9.948143450647837e-09,12.080320829306714,0.9339444637298584
222,train,0.2,3.000548377803008,1.5500000000000003,6.703073430081612,1.1099121511492425,2.5500000000000003,2.084495419303855,49.35770396283262,38.50497113579732,10.852732827035304,37.11998556323539,4449,9.996954347939843e-09,6.703073430081615,2.1708431243896484
223,train,0.05,1.6794909427825757,4.65,12.869716141131164,2.9644591374408353,2.9499999999999997,3.691152995540829,100.60704866229177,76.25765584568248,24.349392816609296,67.39072224668746,5067,9.987834237720483e-09,12.869716141131164,2.6367685794830322
224,train,0.07500000000000001,1.8538948790850298,2.35,14.143274958898537,0.6633796444545864,0.575,1.887864752807768,55.219781691253004,40.64570556784785,14.574076123405156,40.55194505228649,2665,9.998821421094045e-09,14.143274958898541,1.5375399589538574
225,train,0.125,1.567420526321972,0.30000000000000004,14.290109322129604,0.758579082820657,1.65,2.427541697782563,88.02253139894623,49.503036647054486,38.51949475189174,47.68889741820999,4298,9.998875798128956e-09,14.290109322129599,2.976363182067871
226,train,0.2,6.486168123191164,0.6500000000000001,13.785992571827661,0.4141681130985623,2.4000000000000004,2.9879485519589024,60.00659998047718,37.89964006669286,22.106959913784323,35.397164643036625,3902,9.986176884892512e-09,13.785992571827657,2.7865302562713623
227,train,0.07500000000000001,1.8888930273550637,8.75,4.704366474846216,0.8073805903089722,0.5,7.620015321152359,31.748957832972263,30.953634827750545,0.795323005221718,30.815091911987587,3439,9.986854745290404e-09,4.704366474846214,1.7788641452789307
228,train,0.175,2.3895604095380043,5.45,3.9830490815860333,0.3029891176513669,3.9250000000000007,2.1972641821983245,42.67460555499171,34.83717261461982,7.83743294037189,29.249945467086032,6311,9.985887012338955e-09,3.9830490815860355,3.5699965953826904
229,train,0.2,1.614351396435409,1.7000000000000002,12.339170310228189,0.36826738654228836,1.975,3.969134247461051,95.96306275309757,55.61947767649963,40.34358507659795,45.22170004434363,4570,9.981297546485462e-09,12.339170310228189,2.3317809104919434
230,train,0.1,1.568540827421463,1.15,7.711839047282476,2.1824066310088956,1.7000000000000002,9.008793523748029,61.91313894521803,47.34282814134881,14.57031080386922,46.99114580852094,2783,9.993255064419316e-09,7.711839047282474,1.2352931499481201
231,train,0.07500000000000001,2.5813294741867128,1.1,13.926857548161372,0.5284414088308742,2.025,1.7923592796274086,55.58862528405967,37.19306024372915,18.395565040330517,36.84696535972988,3259,9.982140322799076e-09,13.926857548161369,1.4812898635864258
232,train,0.125,1.586947177797997,0.5,7.493593546480267,0.5841857542699006,3.1000000000000005,7.088772176489723,60.69306823680686,40.65138623092299,20.04168200588387,35.51747054838302,5234,9.986452735860254e-09,7.493593546480266,2.6673688888549805
233,train,0.15000000000000002,1.8451465801543285,0.7,4.566196901644544,0.40941085268050986,0.75,2.453377639549332,41.94128426828973,30.91202644141336,11.029257826876368,30.7261070938793,3432,9.991125861500917e-09,4.5661969016445445,1.8563413619995117
234,train,0.125,2.5072365062848214,0.30000000000000004,3.2671819834948366,1.3072889644525465,0.45000000000000007,8.986127877491658,38.57654971262246,31.012878340650783,7.563671371971676,31.003487757749955,2671,9.993497681334597e-09,3.2671819834948366,1.5490689277648926
235,test,0.22500000000000003,7.095730625382305,5.7,4.187256055188998,0.3370212176585413,0.575,6.120786892560481,30.019810816304712,28.06026798718196,1.9595428291227535,27.871536318107783,2958,9.992168721304965e-09,4.1872560551890015,1.6656205654144287
236,test,0.15000000000000002,1.3436719729678628,4.45,14.139160425454921,1.6050782895237143,2.85,5.196322055018796,123.2274097800854,83.0373791802816,40.19003059980379,63.92636489141781,3459,9.999568192859057e-09,14.139160425454925,1.9452576637268066
237,train,0.2,5.556111183306902,5.15,11.490940063786084,0.5820712257110542,0.0,0.0,40.49367800296322,36.18875007281959,4.304927930143634,36.18875007292356,2231,9.974402498458918e-09,11.490940063786088,1.146662712097168
238,train,0.25,3.1832807059681882,1.6,9.157020890403526,0.7451146327519182,3.15,3.2650666163343782,75.24430580668974,48.768359206086906,26.475946600602832,39.30449913961849,5312,9.993716937707343e-09,9.157020890403526,2.9121556282043457
239,test,0.1,5.4515903951242,3.0500000000000003,8.323266989910408,0.4630751633472977,3.575,6.4252984346009665,58.63460634239149,38.20033485540837,20.43427148698312,30.644627762314833,4936,9.989396485916158e-09,8.323266989910408,2.555558919906616
240,train,0.22500000000000003,9.64240269526006,0.9000000000000001,9.935129740968717,0.8934165481596513,0.32500000000000007,4.152227295825648,49.79888720024179,36.73284354095128,13.066043659290514,36.509127956951446,4275,9.988268107618387e-09,9.935129740968714,2.3626933097839355
241,train,0.25,7.50825552815456,0.7,12.029099908944218,0.724276538797777,2.9000000000000004,3.5893745394045693,81.10958609350254,46.758536879296116,34.35104921420643,38.09860754110145,3733,9.99687344678236e-09,12.029099908944218,1.9324753284454346
242,test,0.1,2.171983610663059,2.35,10.218730757506087,2.026360279191904,0.0,0.0,62.174062387440046,50.73521508646185,11.438847300978196,50.73521508656158,2467,9.96468747368773e-09,10.218730757506087,1.2336030006408691
243,train,0.2,1.6601903729157572,3.45,8.889325317573523,0.9391313382182521,0.0,0.0,56.49314562868474,44.338541673670285,12.154603955014458,44.33854167416469,2361,9.952637666262016e-09,8.889325317573528,1.1617708206176758
244,train,0.15000000000000002,7.3299368306590456,0.30000000000000004,6.550107295107369,2.644049262261762,0.0,0.0,54.530403129899334,43.86664192579454,10.663761204104794,43.86664192582161,2499,9.981263141254992e-09,6.550107295107367,1.3682043552398682
245,test,0.125,5.619604492826626,0.6500000000000001,13.132523650151414,1.6718189116810527,0.45000000000000007,5.298845808517677,74.6692319737123,51.27718226869151,23.39204970502079,50.292205196007245,4259,9.996589215486477e-09,13.132523650151413,2.199702739715576
246,test,0.125,1.7607582947883538,0.6000000000000001,1.3805498689661904,2.7266949179214217,1.4500000000000002,7.086154879042173,33.235435405428554,29.97792897331587,3.2575064321126845,29.788137624852123,4324,9.987692891812429e-09,1.380549868966191,2.2381958961486816
247,train,0.22500000000000003,3.40104923257294,1.4500000000000002,7.293451375729292,1.3108725424529364,2.9250000000000003,7.2056480263763,56.62222190381931,43.358897950298854,13.263323953520455,39.6168041433667,2738,9.95984237166926e-09,7.293451375729296,1.3966822624206543
248,train,0.05,3.789738962938779,0.4,14.612847471070372,2.3989099310614903,0.625,1.8981378817142727,81.40904380594336,62.45692170571074,18.952122100232614,62.44559416631948,2518,9.961670986615676e-09,14.612847471070372,1.1483030319213867
249,train,0.125,1.6284415069174434,0.35,2.681548821419381,0.35352960573223197,0.30000000000000004,1.435658185228712,35.238417505167966,28.105668724056514,7.132748781111452,28.091293151999444,2403,9.99306704082408e-09,2.6815488214193817,1.1374740600585938
250,train,0.15000000000000002,3.8039974465460427,4.3500000000000005,9.83276810881717,2.2871588307671127,1.075,6.8987910168196,59.90248806857143,52.798745752995586,7.103742315575843,51.67775049457906,4274,9.997220144893644e-09,9.832768108817172,2.5422720909118652
251,train,0.22500000000000003,2.80151370768029,0.9000000000000001,7.547134334302974,0.443440504641846,0.525,1.717211401543525,51.85608194637825,34.756659486773614,17.099422459604632,34.64708231921577,2998,9.98394288154085e-09,7.547134334302976,1.584226369857788
252,train,0.2,6.951365942300094,0.8500000000000001,10.604698173082603,2.1554149230452744,0.0,0.0,66.75538755790755,51.24445218235929,15.510935375548264,51.24445218242132,2489,9.962091344556664e-09,10.604698173082603,1.2549710273742676
253,test,0.1,5.8213592997982415,0.8,4.032713098576598,1.46562446941705,0.575,5.648758615747207,37.230040578687344,31.948801332679185,5.281239246008159,31.73088981251638,4084,9.98885898348868e-09,4.032713098576598,1.9306230545043945
254,test,0.1,3.5833199354527236,2.5,9.544695443062517,1.2608621981629902,0.0,0.0,47.53266620804713,40.000440262927235,7.532225945119897,40.00044026298655,2417,9.976770103567471e-09,9.544695443062519,1.138397455215454
255,test,0.1,4.937879295697086,3.0,10.556233711036365,0.35578841889508234,0.7750000000000001,1.1874134366085123,36.870686991514056,31.247277158244305,5.623409833269751,31.227873595208948,2350,9.990898180147385e-09,10.556233711036368,1.1116185188293457
256,test,0.25,2.7603403367554127,3.85,4.318869077785285,2.027081288730476,2.0500000000000003,4.781820067528014,52.00304329593425,41.20975009519676,10.793293200737487,37.80299964247999,3863,9.9874505934934e-09,4.318869077785286,2.087759256362915
257,train,0.1,3.1564159218723953,2.4499999999999997,13.991588514321538,0.9309660339108039,1.325,7.060443816057771,55.52481935548305,43.830139800697474,11.694679554785573,42.901506149745295,3426,9.999202567998808e-09,13.991588514321533,1.5778799057006836
258,train,0.07500000000000001,3.2785924807846225,1.5,13.903589779325985,0.9346044298248316,3.6000000000000005,4.683689367045641,126.39631225519922,63.891052431530355,62.505259823668865,41.61517627194393,4569,9.98890661724215e-09,13.90358977932599,2.0141172409057617
259,test,0.05,1.5166467203859129,0.55,2.3326255367176376,0.3003927065954593,2.1,6.844384898118703,31.011455659742907,26.91694320858421,4.094512451158696,26.543577716985936,3732,9.994423817209586e-09,2.332625536717633,1.720390796661377
260,train,0.2,3.7152060355540435,0.45000000000000007,14.175067986705763,0.4410484034993907,0.625,6.327137430915802,72.174189214886,40.18734162333827,31.98684759154773,39.33160641391847,3001,9.993201551114627e-09,14.175067986705765,1.5681157112121582
261,train,0.05,2.58379823044064,4.1000000000000005,4.22950775459001,2.4149776044693843,2.025,7.789098276424786,37.97757504753939,36.50930169524152,1.4682733522978708,36.16656803012615,3590,9.992838334368662e-09,4.22950775459001,1.747300386428833
262,train,0.125,1.674733337712169,0.7,4.506063214246435,0.5495314936371772,3.9250000000000007,7.978439379088483,43.767583481845286,35.013231937145896,8.75435154469939,30.982184829354892,7699,9.991957716077282e-09,4.506063214246433,4.054685831069946
263,train,0.25,3.3633590435108576,2.65,13.039587611822483,2.5707196260929095,1.075,7.9705707128539975,86.16512155875408,69.32449196245507,16.84062959629901,68.62642855481835,3814,9.989116965427654e-09,13.039587611822485,2.2868127822875977
264,train,0.1,2.753017946367305,9.5,14.790653754092194,2.4167296231127193,0.525,3.3025544517866017,69.18386272741661,67.00118706910324,2.1826756583133715,66.58590532626076,2363,9.988457623429249e-09,14.790653754092192,1.1674764156341553
265,test,0.1,3.5260043293456715,2.0,8.077039470998937,1.299545634384094,2.0,3.668399411826843,54.252512233927455,40.67109830978083,13.581413924146624,38.042960355947024,2754,9.99627137554007e-09,8.07703947099894,1.4271931648254395
266,train,0.125,1.340373897858048,0.5,12.907292304899007,0.8383079664817507,2.0500000000000003,5.429149950244033,121.80075133906446,61.81279728245674,59.98795405660772,48.26604283036152,4486,9.999423626976142e-09,12.907292304899006,2.2631468772888184
267,train,0.1,1.0499195230633311,0.8,3.4780197556987744,1.3582950427929545,0.30000000000000004,0.6828693952173918,41.93400099640003,33.16732765123388,8.766673345166147,33.14696794984917,2572,9.996817798555205e-09,3.478019755698773,1.167144536972046
268,train,0.25,1.0512922326804188,5.7,3.1755596696018586,1.212516312087551,0.8500000000000001,1.0819438525944196,39.85614751207057,37.04740532065209,2.8087421914184816,36.502539953642795,4564,9.989056392583392e-09,3.1755596696018564,2.6593141555786133
269,train,0.175,6.3496860117025005,6.75,1.1542333433791985,0.4526113395659014,1.15,1.9028502674966599,26.305722812425934,25.95408041567063,0.3516423967553024,25.87708135520564,3811,9.995376759461907e-09,1.1542333433791994,1.9247946739196777
270,train,0.25,4.57073712117598,3.6000000000000005,9.391975320119094,2.6932063801527946,0.575,4.785420176521882,67.7734096209767,56.662713068463525,11.110696552513168,55.72895390703182,3271,9.999989277912288e-09,9.391975320119094,1.6761960983276367
271,train,0.07500000000000001,2.2891080554333807,0.55,1.643485490761961,0.6750465908051207,0.275,4.408511040927716,29.77778557065726,26.75590671302931,3.02187885762795,26.699942156278887,2435,9.966553391657016e-09,1.6434854907619625,1.1653964519500732
272,train,0.15000000000000002,4.077595198397933,4.4,12.347276019237166,1.5446392833337699,0.0,0.0,55.13031633773637,49.00520154719405,6.1251147905423196,49.00520154729235,2393,9.9954065507818e-09,12.347276019237164,1.4127395153045654
273,test,0.175,2.98553690517923,2.3,4.437924543332322,0.33088194682736627,0.875,4.214614161373233,37.853839708251016,30.082701017853697,7.7711386903973185,29.210293803061663,3486,9.996619281063691e-09,4.43792454333232,2.4444596767425537
274,train,0.05,6.674450901904199,7.6,3.818876466738013,2.5509043259026436,0.0,0.0,35.361123741724086,35.148601283118595,0.21252245860549124,35.14860128312579,2261,9.988600392323973e-09,3.8188764667380117,1.2481861114501953
275,train,0.07500000000000001,8.413224400125394,8.4,1.1687260822229528,1.7383633273419223,3.075,8.259667866283776,28.68656600642186,27.57765261042385,1.1089133959980089,27.172866739059497,3677,9.988012578802837e-09,1.168726082222953,2.2152962684631348
276,train,0.07500000000000001,1.1971708672462769,5.75,9.593595581326163,1.2355433822691944,1.2249999999999999,1.9601625614806548,47.84887368002805,44.17957344379839,3.6693002362296596,43.16726759770525,4039,9.998819812290453e-09,9.593595581326163,2.3361306190490723
277,train,0.15000000000000002,5.492499506435178,0.35,11.216930738613089,2.118847387905968,1.0250000000000001,3.314623099475653,72.48118172707736,52.60205062281904,19.879131104258313,52.18550768865023,4211,9.987557290456946e-09,11.216930738613087,3.0357325077056885
278,train,0.25,5.409093325206261,1.0,3.447303407262071,0.49739434907922736,3.4000000000000004,6.54536588202206,43.37570782783084,32.139170620906775,11.236537206924062,28.417124621295724,5009,9.995728809531399e-09,3.4473034072620683,3.2510693073272705
279,train,0.25,1.64151081416862,5.95,6.294807322135536,2.1322760921516726,1.4,8.669366197499025,53.39707782517868,49.69427382681557,3.702803998363109,48.20851385957492,3883,9.998950552152035e-09,6.2948073221355365,2.3395674228668213
280,train,0.07500000000000001,4.930904491302079,9.55,3.108376021402049,0.3677253291892932,0.6500000000000001,0.9911358633776272,27.13112176716288,26.77228447544057,0.3588372917223097,26.71425043848803,3155,9.988729748034657e-09,3.1083760214020533,1.8071999549865723
281,train,0.1,2.98748420542048,4.05,4.991713605812643,0.6488855936887236,1.05,8.067451120817925,32.689246206021195,30.181266512728406,2.507979693292789,30.067997290147197,3315,9.993445956535674e-09,4.99171360581264,1.7396905422210693
282,train,0.05,8.97377469663151,2.7500000000000004,2.622584114469492,2.302577427771705,0.375,1.6571425382236744,32.0370871514095,31.268295632820337,0.7687915185891647,31.267876395528106,2515,9.999785929050115e-09,2.6225841144694924,1.4781591892242432
283,train,0.15000000000000002,4.8700557755383205,0.30000000000000004,5.012312708793386,0.4139127888396203,0.8,5.2012631991374745,44.09002844749139,29.85262082002122,14.237407627470173,28.777199369671493,2563,9.99251082672333e-09,5.012312708793388,1.9064209461212158
284,train,0.1,1.0765732619843218,2.4000000000000004,6.232052040352919,1.3441763607900528,0.0,0.0,49.38274334939529,39.3631111729847,10.019632176410589,39.363111173142734,2421,9.959682834555178e-09,6.2320520403529205,1.4493935108184814
285,train,0.1,1.032232087662481,0.6000000000000001,7.3916625219167305,0.7433497999525656,0.7250000000000001,5.282341940818556,64.88154826083168,40.02391381412124,24.857634446710442,37.8895134417083,3374,9.9874186464274e-09,7.391662521916729,2.0081639289855957
286,train,0.07500000000000001,1.0515535445869189,1.65,5.82763763158373,0.7914097245320462,0.0,0.0,44.14292361057102,33.95303951805877,10.189884092512244,33.95303951817535,2364,9.991612888055603e-09,5.827637631583732,1.3397207260131836
287,train,0.175,6.064857004486207,8.1,1.3117634888144,1.1981026190403588,0.55,7.717400276957398,27.268450920072343,27.02749921638768,0.24095170368466157,26.991672669614907,2911,9.99497878915134e-09,1.3117634888143987,2.2267162799835205
288,train,0.15000000000000002,8.494985311398066,9.3,1.5928455959818673,0.8357165750201043,0.375,3.4242511178633563,26.817747432021836,26.67917578060498,0.13857165141685712,26.662863906771154,2479,9.983464183020947e-09,1.592845595981867,1.7640340328216553
289,train,0.175,9.719578859654364,0.25,7.335111041341377,2.088218199391833,0.95,9.326313999381219,53.52368054781472,41.884198311074464,11.639482236740257,41.87026995258187,3875,9.997114234997827e-09,7.335111041341377,2.5095458030700684
290,train,0.1,1.3518276094716861,0.30000000000000004,14.235832014159278,0.5532617778827077,0.32500000000000007,4.261363291327104,84.21998624207265,44.775306377667604,39.444679864405046,43.857747385397715,3116,9.997436294417446e-09,14.235832014159275,1.6853477954864502
291,train,0.15000000000000002,8.513448618273154,1.6,14.595892125232591,0.5444486082256497,2.7,4.62224218824233,101.52277545968296,49.68904646803081,51.83372899165215,35.980593190899945,4000,9.998985497486075e-09,14.595892125232591,2.736588716506958
292,train,0.07500000000000001,7.169277046762375,1.05,8.430126074843276,2.8421586790642377,0.0,0.0,57.05320007187017,50.10861125486647,6.944588817003705,50.10861125488493,2506,9.999828306682233e-09,8.430126074843276,1.6560816764831543
293,train,0.1,2.001707593696132,0.30000000000000004,6.485727938740738,0.47566882095473834,0.42500000000000004,6.673832104286202,46.69849274433079,31.680617019259234,15.017875725071558,31.5305375306463,2991,9.997008493387544e-09,6.485727938740741,1.6437668800354004
294,train,0.125,2.2657804964306787,0.9000000000000001,11.03452450229053,0.8782749940826726,2.65,5.52883709846284,103.89879715939247,54.73295461848562,49.16584254090685,41.12836926030645,4656,9.989068286790398e-09,11.034524502290529,2.806997299194336
295,test,0.1,1.6361790263409939,6.9,5.797104144470969,0.3281713263043647,0.35,2.476201181856915,32.32577741983691,30.80212682993611,1.5236505899008002,30.629092795214362,3173,9.994966390613625e-09,5.7971041444709694,1.6482644081115723
296,train,0.2,1.3513001139150642,4.8999999999999995,14.116702033833352,1.2124207349988612,1.8000000000000003,9.041025249617649,79.11260506029481,67.82186604017367,11.290739020121137,63.455922355593856,5062,9.99107492725868e-09,14.116702033833358,3.288048267364502
297,train,0.2,2.195524370652711,0.45000000000000007,8.268341288800501,1.0241676753120945,0.0,0.0,63.89775953138256,41.26199550352736,22.635764027855203,41.261995503739904,2411,9.955547487926629e-09,8.2683412888005,1.5709547996520996
298,train,0.15000000000000002,1.0330580671908167,7.65,4.704039889497663,0.3286105203526182,0.0,0.0,35.13945188893101,33.52502274024884,1.61442914868217,33.52502275076199,1956,9.98525214639186e-09,4.7040398894976585,0.939995527267456
299,train,0.175,1.7387972644936505,0.7,1.4593399929682014,0.5707896202487528,0.0,0.0,31.20344899405272,27.34793079260041,3.8555182014523126,27.34793079266888,2304,9.958407377867676e-09,1.4593399929681987,1.2708840370178223
300,train,0.25,2.427547504587985,0.8500000000000001,5.590934369429856,0.36885233107599874,0.0,0.0,47.2261851228272,32.99707662500718,14.229108497820015,32.997076625393355,2195,9.951517557022194e-09,5.590934369429857,1.2448670864105225
301,train,0.125,1.5926278289851608,4.1000000000000005,14.87133671771571,2.544763516387823,1.1,3.349775964418998,94.87032576957522,78.03837774357322,16.831948026001996,74.98697263477132,4287,9.989560317455045e-09,14.871336717715709,2.641216278076172
302,train,0.05,5.817771876783966,5.65,13.53706408075638,0.8155873909807106,2.35,3.5347161121077884,55.58565629413516,41.2616446400906,14.324011654044561,37.63275588876909,4495,9.988706542082215e-09,13.537064080756384,2.6768226623535156
303,train,0.2,8.496542693633762,0.35,14.91976850828596,1.7669000086918907,0.0,0.0,80.17590830267382,55.34616067192835,24.829747630745466,55.34616067200177,2476,9.967160478304954e-09,14.919768508285959,1.8023841381072998
304,train,0.1,1.0818807936101893,4.3,12.189120903226774,1.2009681993958603,0.32500000000000007,2.8320631717448683,62.937463576154876,51.754718217623605,11.182745358531271,51.29133795747873,3118,9.995761728481542e-09,12.189120903226772,1.823854684829712
305,train,0.175,2.595239971924804,0.30000000000000004,7.275025225996326,0.552503089461849,0.8,8.490587948086702,52.97510111269104,34.268011091220885,18.707090021470158,34.15548244094888,3103,9.986639127418168e-09,7.275025225996325,2.6492531299591064
306,test,0.07500000000000001,7.829664062193925,1.2000000000000002,5.589308089715804,0.9541865796751839,0.5,5.025453585562635,37.98903726914852,31.35854158877809,6.63049568037043,31.04563483379747,2433,9.981251780083988e-09,5.589308089715804,1.5832726955413818
307,train,0.1,1.418409832241204,0.9000000000000001,8.921063071237267,0.777194107296481,0.5,9.462829998894595,57.88675542373078,38.557029238879544,19.32972618485124,38.50537995410138,2558,9.988396833095909e-09,8.92106307123727,1.8404507637023926
308,test,0.05,9.2809626731323,5.500000000000001,2.9894549619229975,1.008280447245571,0.0,0.0,28.612829038599124,28.269928124419813,0.34290091417931023,28.26992812442409,2308,9.986813751698867e-09,2.9894549619229984,1.131035566329956
309,train,0.22500000000000003,6.58002210556213,2.15,4.688290400996681,2.551057377534948,0.0,0.0,43.394406792924904,38.71169377401215,4.682713018912757,38.711693774044775,2487,9.971061488282916e-09,4.68829040099668,1.7775239944458008
310,train,0.125,5.2606638847691425,0.30000000000000004,9.369984464886851,1.9634618627584868,0.0,0.0,62.16259949387614,45.920749655128674,16.241849838747463,45.92074965517368,2479,9.954239458979962e-09,9.369984464886851,1.7021338939666748
311,train,0.175,3.2526922214583958,0.6500000000000001,10.280942321516891,0.3942744383927677,2.975,2.793970299626857,60.48273780082891,39.19186104425924,21.290876756569666,34.91038594921372,4591,9.995120648109307e-09,10.280942321516893,3.544823169708252
312,train,0.1,3.8693229087607426,3.5500000000000003,7.197184212243615,0.4299446772136697,0.0,0.0,33.910922873085894,30.1823648335735,3.728558039512393,30.18236483362301,2202,9.99224386720555e-09,7.197184212243613,1.3985073566436768
313,train,0.1,9.994598142299889,1.35,13.215444488078974,0.9109557035865156,0.32500000000000007,1.2656356761617806,47.922708490685466,38.78187092026223,9.140837570423237,38.77943232145191,2563,9.998461941773375e-09,13.215444488078969,1.2701482772827148
314,train,0.175,8.861210328702922,0.8,5.972308417914205,0.8502986499938965,0.42500000000000004,8.814444301219512,38.894555441026576,31.45025891539772,7.444296525628857,31.446839786113564,2827,9.99561601091099e-09,5.972308417914206,2.1959164142608643
315,train,0.25,1.7918745478587579,3.35,1.9401794882896204,0.3279990503046281,0.6500000000000001,6.453545321932014,31.795238993928187,28.734523331578576,3.0607156623496117,28.404729165442475,3789,9.98699211312575e-09,1.9401794882896164,2.7591328620910645
316,train,0.15000000000000002,8.909459949827273,3.95,13.26774126236119,0.410763465063419,0.7,5.345705629439412,42.52209593851239,33.823086564491796,8.699009374020598,33.103810381697684,2519,9.986154207065885e-09,13.267741262361186,2.616129159927368
317,train,0.05,1.980927064077794,0.30000000000000004,6.16429733032459,0.5391015361628994,0.42500000000000004,2.720157786457342,41.04909665930821,30.095946244198373,10.953150415109839,30.074297148742808,2426,9.972689413152884e-09,6.164297330324592,3.706233263015747
318,train,0.1,2.4442962111444957,0.9000000000000001,8.47467885811322,1.7741151132801265,1.2750000000000001,9.067617906337338,58.25858586075634,43.85680019053501,14.40178567022133,43.77054500072401,3014,9.993324274674522e-09,8.474678858113222,4.52324914932251
319,train,0.175,3.326443215159555,7.15,12.111416739589977,0.34343134946934595,1.725,9.027541075508854,41.58626974273185,37.92977193295015,3.6564978097816976,35.91463263578322,4249,9.996850907656004e-09,12.111416739589979,7.373083114624023
320,train,0.22500000000000003,1.2381847596049842,2.0,2.7718930897354443,1.6929370708626852,1.85,8.010298889059968,42.00626389950925,35.82257748441544,6.18368641509381,34.81743561099795,3992,9.990144519317928e-09,2.7718930897354435,6.855453968048096
321,train,0.15000000000000002,4.2554747422028,2.4000000000000004,11.563984136154838,2.08725858580632,0.275,5.546450636358502,66.18734437629915,53.993404849225406,12.193939527073745,53.57937337104285,3235,9.989620294015152e-09,11.563984136154836,5.365013122558594
322,train,0.2,7.2501316181748985,2.7500000000000004,6.883114706454134,0.4626211489179288,1.75,2.56096624799602,35.343670344934225,30.770531192140698,4.573139152793527,30.30099552606951,3470,9.998642777104684e-09,6.883114706454133,5.742099761962891
323,train,0.07500000000000001,1.2404605164374118,6.6,11.698944894121635,0.4752434997065313,3.7,6.31156226658244,75.41675979248316,51.970045980434804,23.44671381204836,38.00366190723434,5226,9.997516393906613e-09,11.698944894121638,7.850435018539429
324,train,0.175,2.030619186890842,0.75,1.5533306616632265,1.605473426580348,0.0,0.0,32.69886380426319,28.881689742225397,3.817174062037793,28.88168974225701,2460,9.982441212705127e-09,1.5533306616632259,4.212191343307495
325,test,0.175,1.0112472131677543,3.7,14.284232600087755,1.712475246027867,0.95,4.422034624974404,109.86654765709508,80.02169370592287,29.84485395117221,74.63311165000056,2760,9.968336399208736e-09,14.284232600087751,4.430652141571045
326,train,0.05,3.3244071996299063,1.25,9.374350320570846,2.3726918320966965,0.30000000000000004,3.881429684815011,57.508747957216805,49.026466365673,8.482281591543803,48.949226973782174,2753,9.977520893964786e-09,9.374350320570848,4.099164247512817
327,train,0.1,1.5160244159286484,0.9000000000000001,5.024622259677922,0.44839254806464707,1.0,8.773210239955032,41.33643349880142,30.8146032354409,10.52183026336052,30.726457467594294,2890,9.995566491453512e-09,5.0246222596779235,4.4152209758758545
328,train,0.22500000000000003,1.1667505469121973,1.1,2.1238824856565195,0.5493521785629598,0.45000000000000007,2.117024430485466,36.75299045902423,30.456308128467604,6.296682330556628,30.329780354065132,3856,9.999053674888714e-09,2.1238824856565195,6.314555883407593
329,train,0.05,3.746628813934981,1.5500000000000003,9.126136160839827,0.7142603346674989,0.375,4.310779216224106,40.56876252337609,33.268057670026614,7.3007048533494725,33.02534441805761,2438,9.994164685432014e-09,9.126136160839827,3.5866432189941406
330,train,0.05,7.383060721826167,1.0,8.948438387312539,0.3517719447369462,0.0,0.0,35.07743544901747,29.037188220505385,6.0402472285120865,29.03718822052455,2174,9.94512268534074e-09,8.94843838731254,3.2730588912963867
331,train,0.2,1.172568336362035,3.65,5.032839562109969,1.5880586763651736,0.0,0.0,49.43248679118016,41.736118416760185,7.696368374419976,41.73611842952599,2412,9.982126460195682e-09,5.0328395621099675,4.036571502685547
332,train,0.25,6.847470944488517,0.35,1.3325910904006113,0.3415152234940952,0.475,5.459803352599246,29.05525471525876,26.097794042910014,2.957460672348745,25.983825603407173,3361,9.987377834256036e-09,1.3325910904006086,5.705828666687012
333,test,0.22500000000000003,2.6683586571027766,4.7,7.8445762205893885,0.9501279531094828,0.375,8.18302541042959,45.425569520379725,39.47316267544394,5.952406844935787,39.31642693320577,3068,9.999851864916623e-09,7.84457622058939,5.222254514694214
334,train,0.25,3.0036461574630358,6.6,10.312995518457697,1.4532350841057085,0.8,3.7725457841912644,57.35211633815725,50.21909161211572,7.133024726041533,48.897515488908795,2714,9.991052334017091e-09,10.31299551845769,4.4517433643341064
335,train,0.05,3.322333383950907,1.4,5.576576926277851,0.6061803680926443,0.7,1.7444557447867641,34.08796328812962,29.402332819280964,4.685630468848657,29.396259127765934,2383,9.998361050642516e-09,5.576576926277849,3.5034255981445312
336,train,0.22500000000000003,4.000547136289953,0.4,10.714030678926019,2.112456247341574,0.375,0.27044109991236354,78.82863071949659,54.02511362220656,24.803517097290026,53.99801670103945,3254,9.994024879845744e-09,10.714030678926019,5.504743576049805
337,train,0.22500000000000003,1.1149370276685469,4.15,14.820608648583713,0.3326607613918991,0.30000000000000004,5.893688401565568,84.39338869001179,61.830743405717136,22.562645284294653,60.30830121132798,3409,9.986061866615918e-09,14.820608648583717,6.001542329788208
338,train,0.125,2.2866747555743303,0.25,9.332650929755962,2.940125595334645,0.42500000000000004,1.3990904231149055,80.74035713805101,57.874495603041034,22.865861535009977,57.8363495526151,2607,9.974970939808893e-09,9.33265092975596,4.082397699356079
339,train,0.2,3.5913325345950495,2.2500000000000004,12.091791720385633,1.699004496842833,2.325,3.0602748626347367,75.54827816541484,57.28170200944805,18.266576155966796,52.66078998650351,4755,9.986026321514755e-09,12.09179172038563,8.174282789230347
340,train,0.15000000000000002,1.9834075363733026,0.8500000000000001,14.047221169219949,1.4421723333236403,0.8,5.344425674856584,102.17549701660444,60.23873360697115,41.936763409633286,56.326893722043756,3724,9.998578503270851e-09,14.047221169219949,6.035329103469849
341,train,0.175,3.0698377328932285,0.35,4.313827923372447,1.0110150378120153,0.0,0.0,42.23218624786101,31.957101864108246,10.275084383752763,31.957101864168028,2411,9.979237832331416e-09,4.313827923372445,3.93234920501709
342,test,0.22500000000000003,1.3299756262052917,0.5,11.714497135140912,0.3750211804504032,1.8750000000000002,1.4950444640094787,89.80908089187285,52.8126346581598,36.99644623371305,49.58226512137212,4589,9.997544054210042e-09,11.714497135140906,7.615201950073242
343,train,0.25,4.918662922981189,2.5500000000000003,11.602892058358862,2.0198499467477435,1.2750000000000001,3.450992454626011,70.9841490878221,56.78617451879238,14.197974569029725,54.700906999983474,5152,9.987897537790625e-09,11.602892058358858,8.524084329605103
344,train,0.25,9.056733418345955,2.2,10.300828158079554,0.8208225837515094,3.975,2.95384567750811,68.78106552968384,45.871344055440716,22.909721474243128,36.62476234461942,4876,9.985658655177603e-09,10.300828158079554,8.01170039176941
345,train,0.2,1.5936952546779888,1.85,7.7392555616632155,1.1186417890810827,0.0,0.0,60.09460539264322,43.61487171159986,16.479733681043356,43.61487171207358,2410,9.98736517438556e-09,7.739255561663217,3.850137233734131
346,train,0.15000000000000002,3.828055820995973,2.15,10.20267546475723,1.5752057328692153,2.225,5.9700139346727,77.65101082172558,51.71229940085445,25.93871142087113,45.392252891234584,4389,9.991143391799615e-09,10.202675464757226,6.917049169540405
347,test,0.125,3.4475268921318563,2.35,2.4167071345466526,0.5627011405633162,2.825,6.284694916366352,35.30046963245021,29.17070412729652,6.129765505153689,27.312659578448006,4884,9.989706842396533e-09,2.4167071345466518,7.504282236099243
348,train,0.1,3.910884142540309,0.55,11.276231837042122,2.016332300040036,1.3000000000000003,3.595745555934082,70.00835741468312,51.92490144853498,18.083455966148136,50.977005931546124,4099,9.996674538964133e-09,11.276231837042122,6.2266504764556885
349,train,0.05,2.794151957608989,6.050000000000001,11.12648463354019,0.9928300521241868,0.275,1.5282469778990955,40.27890319844515,38.417825976715356,1.8610772217297935,38.390077694696586,2400,9.97047153917489e-09,11.126484633540192,3.6033596992492676
350,train,0.125,2.3625637890485534,8.15,8.07214752802248,0.5151828745333109,0.0,0.0,34.733497629024846,33.68511238405112,1.0483852449737228,33.68511238417269,2022,9.943803991472125e-09,8.07214752802248,3.1696279048919678
351,test,0.07500000000000001,2.1792423223387476,5.050000000000001,6.366799107747111,1.776753013633081,0.35,6.048566612848462,41.9554395705481,38.88139663308053,3.074042937467574,38.70501890534851,2395,9.949563876704178e-09,6.366799107747113,3.671818494796753
352,train,0.25,2.5242831882896835,0.30000000000000004,13.9262376636103,2.2950256107176576,1.15,2.4489087595687056,113.08102617566551,72.55264031623452,40.528385859431,71.19433917715966,4153,9.993495165148268e-09,13.9262376636103,6.880463123321533
353,train,0.25,6.598584089741561,1.5500000000000003,1.4742891319957911,1.4458931864054185,2.5,3.3289860515790486,30.96635426956613,28.348475648180347,2.617878621385781,27.736913115775902,5366,9.991066964336485e-09,1.47428913199579,10.07543420791626
354,train,0.22500000000000003,8.716686216807648,7.95,8.45381447598017,1.3165539681342346,0.8,1.4989256105440432,40.30910814520971,38.88530966835326,1.4237984768564544,38.57975318924059,2405,9.998892083977097e-09,8.453814475980167,3.945457935333252
355,train,0.05,1.249547869483547,0.6000000000000001,12.71297044969162,0.41971409630931417,1.15,2.4789112799927286,59.90472796416144,36.15987429175697,23.744853672404467,35.82541848169229,3195,9.98689726289793e-09,12.712970449691621,4.564573049545288
356,train,0.125,3.658611049720765,0.95,9.76623000176657,2.4509056620967913,0.0,0.0,67.62249014474297,52.582099694880945,15.040390449862024,52.58209969494747,2496,9.957829116617619e-09,9.76623000176657,3.7896971702575684
357,train,0.07500000000000001,8.192824650086926,7.0,12.60722616670264,1.2835333931910904,1.4749999999999999,6.623974574131856,49.97441038608272,43.80453261210603,6.169877773976687,42.735134458726165,3229,9.989861148882927e-09,12.607226166702642,4.7215094566345215
358,train,0.15000000000000002,9.080140721753018,2.15,11.940521751633902,0.715159799220757,0.0,0.0,43.642257762206576,35.89002024324582,7.752237518960754,35.890020243291524,2344,9.997035125312676e-09,11.94052175163391,3.5994482040405273
359,train,0.05,3.233960118748632,1.6,7.117850036360325,0.6559010239301983,1.075,3.886857396764435,38.01695789539316,31.554247287715096,6.462710607678066,30.994488840427948,3367,9.992753303592288e-09,7.117850036360326,4.736694812774658
360,train,0.05,1.4891118092377906,0.8,5.115446592943994,1.0481668757010376,1.5,8.825015049880767,40.5359250202741,32.293474460842006,8.242450559432093,32.241447505015856,2717,9.994300801506508e-09,5.115446592943993,3.8395028114318848
361,train,0.25,1.9285064045583902,3.2,1.3505628420725706,0.5489208503571602,0.275,6.14433550388414,29.73387148872593,27.62792500352103,2.1059464852048997,27.534908567018626,3364,9.999641075064758e-09,1.350562842072568,5.46550989151001
362,train,0.175,5.5812530663914695,1.7000000000000002,9.455225309700772,0.7467693866334508,0.0,0.0,45.85160914726479,35.32497095188085,10.526638195383939,35.32497095195512,2352,9.996742613643592e-09,9.455225309700772,3.561713218688965
363,train,0.2,1.2587858598724864,2.8,14.937774194200868,0.3111175383434048,2.0,7.6141986241110295,86.51195870060928,60.51138363603575,26.000575064573532,53.85405553736065,4563,9.987952167141955e-09,14.937774194200866,7.729789972305298
364,test,0.125,4.167887425631068,3.2500000000000004,13.025527495708028,0.3975674240843822,0.275,8.269542578064366,42.730507877163696,34.51946225988251,8.211045617281187,34.497514161094,2292,9.976281520681558e-09,13.025527495708026,3.482304811477661
365,train,0.15000000000000002,1.1932746830163536,0.5,1.0545180493358566,0.8363305480810262,0.4,4.530465543717502,30.8309672920064,27.3951544024034,3.4358128896029996,27.240895394106257,2834,9.994352027243513e-09,1.0545180493358584,4.485682487487793
366,train,0.05,5.856808615442545,6.75,10.135941524739145,0.39951366950394757,3.15,2.182831277104041,43.52650421603985,33.58533643963823,9.941167776401613,30.23573135457097,4597,9.987686338959521e-09,10.135941524739149,7.0433032512664795
367,train,0.125,2.5518540943273904,8.1,14.3093077805728,0.7732580176818289,0.875,7.3128274223566185,49.83522182806434,44.661034948186945,5.1741868798773964,43.52718519663881,3994,9.993953703151007e-09,14.309307780572802,6.2560296058654785
368,train,0.15000000000000002,1.3936610062292552,2.4000000000000004,4.25573167420289,1.3905081990152768,2.9250000000000003,7.258760152836904,47.355683157321266,38.95121090871767,8.404472248603597,35.63284674268336,5065,9.99699157437113e-09,4.255731674202889,8.25725793838501
369,train,0.05,3.1105543929474386,4.3500000000000005,4.795930407291266,0.9362267194766603,0.0,0.0,31.814604550891566,30.412861802375957,1.401742748515609,30.41286180239362,2342,9.975157313577715e-09,4.795930407291264,3.4191887378692627
370,train,0.125,6.653767425739891,6.95,13.284677737139631,2.7334901720796427,3.3,5.477128382058384,93.21850658327847,72.80366671386668,20.414839869411793,64.22992347801903,4414,9.996836960682705e-09,13.284677737139631,6.920780658721924
371,train,0.22500000000000003,2.6454227491711904,2.0,5.79643299310389,0.5830076610624638,0.32500000000000007,4.966765379899038,45.52514473207857,34.02059728189643,11.504547450182145,33.49293370436504,2323,9.969724254908716e-09,5.796432993103889,4.380755662918091
372,train,0.22500000000000003,4.26728814558651,1.7000000000000002,7.000300855512831,0.8740230397484724,2.4499999999999997,2.7227913727755366,46.815848692048256,36.90022790089293,9.915620791155327,35.03112769913022,4222,9.991060131130429e-09,7.000300855512831,7.995753049850464
373,test,0.22500000000000003,5.207421798453715,4.15,9.04816658838828,2.1880015719400814,2.875,6.634549524645042,73.08598383971659,55.46525180945632,17.62073203026027,48.993420178641685,5489,9.999508095873115e-09,9.04816658838828,10.434203147888184
374,train,0.25,4.619337665008153,5.65,14.903384078046903,0.7893763474719354,1.975,4.621783079838944,73.59494804872756,51.875396076003845,21.719551972723714,45.302077485807835,3899,9.989522383908864e-09,14.903384078046898,7.728623390197754
375,train,0.22500000000000003,8.45179587817919,1.05,8.916522827867325,0.38288082029071696,2.575,4.231903967004191,70.16389158289871,38.7157885862615,31.44810299663721,31.07003969934337,4063,9.980968614719239e-09,8.916522827867325,5.895011901855469
376,train,0.25,1.761899036999942,1.5500000000000003,12.281437458908714,2.3565972822430488,0.0,0.0,101.34158450382186,71.75773490739397,29.583849596427896,71.75773490901699,2479,9.987663798923739e-09,12.281437458908714,1.5327012538909912
377,train,0.125,3.756822975478823,1.4,9.599945906602096,0.8402275968680593,0.925,5.7441420934644585,54.67788980742903,38.10089523851935,16.576994568909683,36.56430806956941,2727,9.991802990391517e-09,9.599945906602095,1.6927175521850586
378,train,0.1,2.9658176883839853,5.1000000000000005,11.439071877330008,0.6584150492627371,2.6750000000000003,2.4618304043659456,53.0398866224546,40.92355399661344,12.11633262584116,36.750865033459164,4951,9.989789187187372e-09,11.43907187733001,2.7536814212799072
379,train,0.15000000000000002,3.8254493990710805,0.7,11.348412506974116,0.5198841584066722,0.5,5.10586575258446,63.952852821131366,37.188037091912676,26.76481572921869,35.709061316456264,2540,9.987383296843929e-09,11.348412506974118,1.3876953125
380,train,0.07500000000000001,2.406066012748158,6.3,14.817224136854524,2.248910144684209,0.0,0.0,66.72169138909119,63.41052650691527,3.311164882175923,63.410526507012705,2342,9.978402985728092e-09,14.817224136854524,1.1475636959075928
381,train,0.25,6.601737009423355,0.30000000000000004,6.50622637179031,2.2276893470738623,1.1,4.001989823235322,57.690418204544095,43.151849205738344,14.53856899880575,42.163712927040734,5572,9.994151186984469e-09,6.506226371790309,2.998074531555176
382,train,0.2,5.1234016516837135,1.4,13.494780720935237,0.5094121188229052,0.0,0.0,56.28667533952972,37.56963836845259,18.717036971077135,37.56963836860136,2275,9.976736023330405e-09,13.494780720935236,1.6397058963775635
383,test,0.22500000000000003,4.393430537210521,9.000000000000002,4.461592026294785,0.5330790727827127,0.0,0.0,30.083236249037473,29.804572513734893,0.2786637353025796,29.804572513800938,1907,9.985952584394846e-09,4.461592026294786,1.0540382862091064
384,train,0.05,1.6842150366517132,1.6,14.872214692030864,0.30850496343144945,1.0250000000000001,7.75934020328114,51.187872897582714,34.64642901563996,16.541443881942755,34.4742824277574,2633,9.977764126698582e-09,14.872214692030859,1.5246427059173584
385,train,0.22500000000000003,2.2661128817533474,1.15,3.3511317283840913,1.6517202237973496,0.375,3.9745243371375967,42.20917335640211,34.22815847902054,7.981014877381568,33.96855519019379,4001,9.997636650910705e-09,3.3511317283840905,2.59588360786438
386,train,0.15000000000000002,1.0062531981270806,0.75,8.770591990735667,0.6474632372863106,0.9000000000000001,2.101860283798213,70.76543801767728,44.86390753097304,25.901530486704246,44.03050413937491,4174,9.998413027157573e-09,8.770591990735669,2.5812184810638428
387,train,0.25,3.385518886955239,3.4000000000000004,9.054129336799031,0.3717325454719676,0.4,7.542195205866836,44.99194761205325,35.54842450846091,9.44352310359234,35.33835304373702,3030,9.981954778724129e-09,9.054129336799035,1.7736124992370605
388,train,0.22500000000000003,6.064030096105905,0.55,3.6132694517360173,0.9422086802679587,0.0,0.0,36.509036533233505,29.85954289267858,6.649493640554926,29.859542892707232,2402,9.98549390763109e-09,3.6132694517360164,1.5602374076843262
389,test,0.125,1.679953801233749,3.6000000000000005,12.723368696275957,0.3613321611915885,2.275,7.855811184336308,54.04755878996347,42.798841252548534,11.248717537414933,39.46732150576599,4392,9.99054338341872e-09,12.723368696275958,2.360163927078247
390,test,0.15000000000000002,4.7222944942762215,1.75,10.13902114287841,2.490181023741544,0.0,0.0,65.01913194507645,53.78964800755713,11.22948393751932,53.78964800762328,2490,9.989956342532772e-09,10.13902114287841,1.4705686569213867
391,train,0.2,2.0690189952080216,0.35,14.227272407216539,0.836347418470391,2.575,8.645676841967928,93.30643251888257,55.02217684346332,38.28425567541925,51.102147361404995,5133,9.986782346560574e-09,14.227272407216539,3.109287738800049
392,train,0.1,6.302496391868196,6.6,1.6842552759122587,1.7029888907615516,1.5,5.11940966633035,29.475367505671834,28.392919162092415,1.0824483435794185,28.188838988711247,2316,9.992597921567728e-09,1.6842552759122589,1.3608136177062988
393,test,0.07500000000000001,1.8186212111205882,0.4,2.637261263248916,0.3805783793824749,0.6500000000000001,2.3505226472249077,32.62235148880957,27.201125642610876,5.421225846198695,27.174805324137374,2678,9.992824516886546e-09,2.6372612632489147,1.3883211612701416
394,train,0.2,4.862387494326415,1.85,14.089409436121912,0.7286777122678055,0.30000000000000004,7.326361612173493,58.826302317427654,41.60069529181539,17.225607025612263,41.50806719987162,2419,9.964217724147883e-09,14.08940943612191,1.4752264022827148
395,train,0.2,9.73749872537158,5.7,9.11530607034083,1.2702444880118495,1.65,7.257801449564083,46.39313203341137,40.09727769282251,6.2958543405888605,38.739525534679586,3814,9.992045291549957e-09,9.115306070340832,2.0593926906585693
396,train,0.125,3.107870520409095,0.30000000000000004,9.342011310233794,0.39458939113335506,0.625,7.16590506076635,52.682735905668444,32.88860660953184,19.794129296136603,32.73948937778128,2816,9.9826524343132e-09,9.34201131023379,1.5071625709533691
397,test,0.25,1.5268913116682783,0.45000000000000007,1.6294993949835845,2.240583797354826,0.275,0.4126426723306643,36.78697733898408,31.39514625755824,5.391831081425842,31.370632372683076,2830,9.992654649938015e-09,1.6294993949835848,1.5342886447906494
398,train,0.15000000000000002,1.9166128752508005,2.2500000000000004,7.084458459533515,2.5143968100394973,1.65,1.2763535020153034,59.5789869253097,49.077858742680455,10.501128182629245,48.581995337754336,2662,9.992432768743778e-09,7.084458459533513,1.4451963901519775
399,test,0.175,9.033593296418266,9.3,11.347044806229773,0.8756564001796486,2.375,6.802199990746045,48.445977139777256,40.22985306252341,8.216124077253845,37.493600471365994,4498,9.992649845560865e-09,11.347044806229775,2.726991653442383
400,train,0.07500000000000001,2.8262807086375483,1.4,12.569747699617928,1.4486582333923672,1.5250000000000001,3.054733922766509,61.81682352479438,47.736198691577364,14.080624833217016,46.942899483169,2452,9.967098890502672e-09,12.569747699617928,1.2303411960601807
401,train,0.07500000000000001,2.353484052555544,0.30000000000000004,12.017175901369733,0.8130541481327447,0.5,2.2395591738645746,62.44563929725056,39.02697919090272,23.418660106347836,38.98074986531581,2497,9.982801336400575e-09,12.017175901369736,1.2606251239776611
402,train,0.125,1.7082562376180201,0.30000000000000004,11.745103823732578,0.7138232497241348,0.825,7.890536254769261,73.82942936729474,42.696276254787406,31.13315311250733,42.350222732032094,3421,9.988904786476838e-09,11.745103823732574,1.7054121494293213
403,train,0.175,2.0933261365944595,4.1000000000000005,14.153627770913605,1.3740085988544621,2.0,4.663178958011084,98.8290049857439,66.6017058593599,32.227299126384,56.72769766908557,3463,9.996535932267104e-09,14.153627770913607,2.0131444931030273
404,train,0.25,3.351839105928694,0.8,2.4595030279200167,0.7797820974252695,0.0,0.0,34.41783007292112,28.830203628026148,5.587626444894973,28.830203628083375,2365,9.958645026376016e-09,2.4595030279200145,1.3520874977111816
405,train,0.125,2.57300999678227,1.9500000000000002,14.029956536879055,0.326094583967257,0.9000000000000001,0.6343762666576666,55.11302049305582,36.94124387360213,18.171776619453688,36.83530077201071,2235,9.967749237744286e-09,14.029956536879048,1.1559467315673828
406,train,0.125,1.313666885086162,0.55,4.843983408452854,0.7558360293277171,0.25,1.7032262661302229,46.550559214417255,33.462134904464385,13.08842430995287,33.423869674165346,2727,9.996719250710253e-09,4.843983408452855,1.3527228832244873
407,train,0.1,1.2404132183483763,1.9,5.607048185617778,1.0605203116081394,0.275,9.29229311485315,45.32225314176403,35.667136274661544,9.655116867102485,35.64425171807477,2544,9.982711431935728e-09,5.607048185617778,1.2794833183288574
408,test,0.125,1.3392410353497897,0.45000000000000007,14.737871335905817,1.2438886208434508,3.85,2.468898431039127,112.83531593900422,72.93321925505225,39.90209668395197,57.55477518675169,5767,9.989270915830109e-09,14.737871335905819,3.3702454566955566
409,train,0.05,9.429765494204732,0.55,9.723001049868497,0.7892322440447791,3.3,2.649825780549718,41.45498985178395,33.95463924691114,7.500350604872807,33.49714937195817,3235,9.99329762323593e-09,9.7230010498685,1.6641902923583984
410,train,0.125,2.3940050439576095,2.7500000000000004,14.550694240767042,0.3425486853472516,1.2000000000000002,6.79869253500158,55.33891015144792,39.96008433325017,15.378825818197747,38.04255744457819,3746,9.992482956817363e-09,14.55069424076704,2.179245710372925
411,train,0.25,1.409886603247438,1.8000000000000003,10.42919200615341,0.8577654753453221,0.0,0.0,78.460003398924,52.76902096799959,25.690982430924414,52.76902103745246,2368,9.948259975086937e-09,10.429192006153414,1.5015795230865479
412,train,0.22500000000000003,7.151428336539134,0.30000000000000004,10.924069098171373,2.9957894790286312,0.0,0.0,82.45398842558672,61.50909765710223,20.944890768484484,61.509097657169804,2505,9.968755261402566e-09,10.924069098171373,1.4611737728118896
413,train,0.1,1.4489242558144177,3.0,1.8398716841948757,1.1665711680243702,1.2750000000000001,3.823736533858812,32.06980181351219,29.004365988436643,3.06543582507555,28.474422955876122,4106,9.988548661206142e-09,1.8398716841948746,2.326157569885254
414,test,0.125,3.929112175406744,0.55,8.883897610191536,2.2857486495784363,0.925,3.380875733540269,64.21281906053554,48.7916413499991,15.42117771053644,48.413986058111334,3970,9.99970697801028e-09,8.883897610191536,2.5074121952056885
415,train,0.2,1.2186702503086375,0.6000000000000001,1.1566145432162764,2.9090231156328916,2.4000000000000004,2.481701101717838,34.55622602873194,30.98605218865394,3.5701738400780023,30.299402898709314,5549,9.987969837850283e-09,1.156614543216277,3.4263811111450195
416,test,0.175,2.6198553858069564,0.8500000000000001,12.176911378638055,2.721539630055579,0.375,7.663128509861919,92.90207192728165,66.80058732340245,26.1014846038792,66.65943121489715,2901,9.999482284683034e-09,12.176911378638053,1.7708063125610352
417,train,0.1,1.405875664118443,7.25,8.250300059360098,0.6508821219767584,0.0,0.0,38.68268992515123,36.499674499961465,2.1830154251897653,36.49967450014736,2144,9.962835156200085e-09,8.250300059360097,1.2126085758209229
418,train,0.15000000000000002,1.7698929187088694,7.3,12.161670691811185,2.7984333155367556,0.0,0.0,73.28138381524396,69.7258681539306,3.5555156613133505,69.72586815415258,2283,9.994738339575499e-09,12.161670691811185,1.3941760063171387
419,train,0.05,3.910017881201372,0.6500000000000001,8.601183880813704,0.6274456897943445,1.2249999999999999,2.2211168704052158,41.297990649880774,31.797062379545377,9.500928270335397,31.76903718295355,2458,9.987824822052154e-09,8.601183880813704,1.5246877670288086
420,train,0.1,4.475198104137979,0.4,14.028319792276656,0.9612712515098375,1.5250000000000001,6.779757976861075,65.09611025385342,42.82790872547219,22.268201528381233,42.0639319459101,2484,9.983856169427294e-09,14.02831979227666,1.3584020137786865
421,train,0.15000000000000002,5.201528004083227,6.3,9.590476090656937,0.5692963592630504,0.0,0.0,35.532804755180955,33.52919233526606,2.0036124199148944,33.5291923353371,2172,9.980687257816801e-09,9.59047609065694,1.2727243900299072
422,train,0.2,1.165072103874828,0.6000000000000001,1.849900584426764,1.0617171771843301,0.0,0.0,36.2062428701366,30.198249856968285,6.0079930131683135,30.19824986315929,2406,9.959625100907653e-09,1.8499005844267653,1.5043082237243652
423,train,0.175,4.077625339664486,4.6,12.506330090806074,0.6118778934671675,1.2000000000000002,4.761407202956667,55.594971327356625,40.92266790425545,14.672303423101177,38.41573935222909,3205,9.983269872999785e-09,12.506330090806069,1.858269214630127
424,test,0.22500000000000003,1.6221354813471922,9.250000000000002,2.373117579273054,2.02461474728336,0.5,7.333912506272848,33.9309357326485,33.371287696160344,0.5596480364881558,33.17145515162443,2330,9.995969668373797e-09,2.3731175792730537,1.3552863597869873
425,test,0.175,1.2147331839980102,4.3500000000000005,9.259793111402189,0.38714314441135167,0.0,0.0,52.973264690665886,42.2181722692322,10.755092421433687,42.21817227915176,2156,9.975573778950387e-09,9.259793111402187,1.3528263568878174
426,train,0.2,1.9630705440754623,6.65,11.669022294422465,1.4973092220090096,1.7750000000000001,8.686014705134511,63.19135820094077,57.9704037920738,5.220954408866966,54.73019470187953,4478,9.9947968978471e-09,11.669022294422465,2.4588732719421387
427,test,0.2,1.234695412044967,0.8500000000000001,4.285411716462318,0.7419444476327166,0.925,5.641880250541235,52.2272488520966,37.06345067305619,15.163798179040413,35.25689215418306,4081,9.996357569933247e-09,4.285411716462319,2.2546472549438477
428,train,0.07500000000000001,1.384488227045589,0.6500000000000001,13.035524217387819,1.200986752319365,2.225,1.6136565373369156,75.83038659977244,49.06983171669483,26.76055488307761,48.12984095127375,3808,9.985654875786688e-09,13.03552421738782,1.7662744522094727
429,train,0.1,1.794283601173515,0.6000000000000001,14.79510387035511,1.5248244149241539,0.25,1.9220225203761094,88.38283558059058,56.32626105609975,32.05657452449083,56.27413584491933,2496,9.98611409614e-09,14.795103870355112,1.2945070266723633
430,train,0.175,2.3972831149454907,7.550000000000001,11.70613906798461,0.8404373167458518,3.725,4.7551546750017275,81.65055186942273,58.91134845113434,22.73920341828839,43.75437061106536,4540,9.990405961422798e-09,11.706139067984616,2.4704558849334717
431,train,0.175,4.390620369389509,7.4,4.481445268506426,2.3103574013335577,0.0,0.0,38.01181128903649,37.28185338794366,0.7299579010928241,37.281853387981315,2269,9.996851926792096e-09,4.481445268506428,1.24808931350708
432,test,0.22500000000000003,6.065102642880983,2.4000000000000004,7.937487258135603,1.242992060533744,0.0,0.0,45.697913861752035,38.062194839657,7.6357190220950315,38.06219483972431,2417,9.976714565773375e-09,7.937487258135598,1.3095526695251465
433,train,0.175,1.6427471043216373,0.7,9.368910768820534,0.8298934338864381,2.9000000000000004,4.104845066081886,102.96105161521965,57.9611802159985,44.99987139922114,43.0524748926318,5304,9.997753830621853e-09,9.368910768820538,2.732860803604126
434,train,0.05,2.5686271966053793,0.5,11.242778216023266,0.8425186379574285,0.0,0.0,53.257245271438435,37.016751445344795,16.24049382609364,37.01675144539711,2380,9.999825768810241e-09,11.242778216023263,1.0933878421783447
435,train,0.15000000000000002,9.204786131771353,5.050000000000001,11.129830957285247,2.2192852424271012,0.625,6.04023761015655,57.03910128942578,52.25520074778468,4.783900541641103,51.86641704720347,3433,9.990385152616035e-09,11.129830957285243,1.7118470668792725
436,train,0.05,1.850545078583701,0.55,2.594701567466309,1.3691008832519718,2.0500000000000003,3.5393892486205463,34.506193848914954,29.920115235777967,4.586078613136987,29.335637891855605,3636,9.993411822902563e-09,2.5947015674663083,1.7100415229797363
437,train,0.175,1.6042049440247645,1.35,8.655388443367148,2.4900518055380934,3.1750000000000003,7.390540778553061,83.10700463121911,63.298552665424104,19.808451965795008,56.268469562021075,5539,9.98963639060263e-09,8.655388443367148,3.032470226287842
438,train,0.125,2.9207877411680347,0.30000000000000004,2.1698684500786953,0.7368810641825626,0.4,9.350756235283027,32.334513010611865,27.59960012997036,4.734912880641506,27.59627899454909,2533,9.996246151141516e-09,2.1698684500786944,1.4091126918792725
439,train,0.25,1.5682654993400902,8.6,11.6517437644969,1.3124021308456617,0.625,6.372753481796395,65.65253164679807,60.768394785212166,4.884136861585901,59.2349977556312,3664,9.997334172027297e-09,11.6517437644969,2.7605061531066895
440,test,0.125,8.663740438056788,0.75,4.572611172109591,1.5427091412220486,0.875,6.208571891553425,38.08407972395548,32.99687231063808,5.087207413317401,32.858742388741646,4276,9.988186994228977e-09,4.572611172109592,2.588146209716797
441,train,0.07500000000000001,1.4437535721081616,3.0,4.788549732732714,0.5622859494713516,0.0,0.0,35.001496048935785,30.331723789241334,4.669772259694451,30.33172378931154,2276,9.950777234748222e-09,4.788549732732713,1.2920496463775635
442,train,0.25,2.1441297380143642,1.35,3.665873065328893,0.467873869627667,0.35,6.822856127092257,39.85967254293397,31.27529837754513,8.58437416538884,31.105565686956123,3344,9.997949940661473e-09,3.665873065328891,2.3237905502319336
443,train,0.1,8.789155048145437,1.2000000000000002,13.615474384109476,0.37621650610311974,0.0,0.0,42.813023012067916,32.10264499719297,10.710378014874948,32.1026449972351,2194,9.977528178919671e-09,13.615474384109474,1.2950823307037354
444,train,0.1,5.767951141852037,5.6,1.7954474975997399,1.7948506211451447,0.575,1.9182504586605735,28.94732539932301,28.607771218370935,0.33955418095207435,28.590695835846642,2629,9.977158626741374e-09,1.7954474975997403,1.6570744514465332
445,train,0.2,9.908678904151964,0.30000000000000004,12.578112204511992,1.308023932501606,1.8000000000000003,7.939162777600097,64.59039364369949,44.56085398520136,20.029539658498123,44.389585781273894,2500,9.970657072997417e-09,12.578112204511992,1.597569227218628
446,train,0.1,1.0019005541990325,2.2500000000000004,5.954020950526675,0.39894092089246513,0.0,0.0,43.815353248070544,33.50657307420463,10.308780173865912,33.506573074550374,2204,9.990677838702007e-09,5.954020950526677,1.2970552444458008
447,train,0.07500000000000001,2.1465910409997253,0.30000000000000004,1.796784829798312,2.4725638168587643,3.8,7.879075451648479,34.019351888643776,30.674358196156554,3.344993692487222,30.127344134432096,4691,9.991593313923103e-09,1.796784829798312,2.7084734439849854
448,train,0.25,5.187096204692937,2.3,10.669059023472151,0.374379667923791,0.0,0.0,46.749731612737094,34.47424776444022,12.275483848296872,34.47424776461625,2183,9.966334685555106e-09,10.669059023472151,1.2879283428192139
449,train,0.07500000000000001,1.1929951042816749,2.3,14.812275061887275,1.4096321372841185,3.825,6.099221347010841,139.13220400365364,81.97965511994784,57.152548883705805,55.66094441053156,5199,9.988099690137165e-09,14.81227506188727,3.1109142303466797
450,train,0.125,7.362165920131787,0.95,1.0610907012060151,0.9646181567691301,0.5,4.919375144001979,28.040314508484702,26.32402754112716,1.7162869673575436,26.237307959406042,2965,9.983068952473548e-09,1.061090701206015,1.8439648151397705
451,train,0.05,1.4920277060005729,0.30000000000000004,2.1276292539835846,1.6000448661315076,0.375,2.9625662151757615,33.43672544701785,29.199333057876775,4.237392389141075,29.184676435636767,2462,9.989273298046967e-09,2.127629253983584,1.4643645286560059
452,train,0.1,1.063789690004061,1.9500000000000002,10.798910381927065,1.3335175497844238,1.175,1.4179263810646827,69.81021910451513,50.44918759447083,19.3610315100443,49.8938603861585,3496,9.98638565312972e-09,10.798910381927062,2.0960533618927
453,train,0.07500000000000001,1.4266049241503618,7.800000000000001,11.661108469478556,2.5110788523341445,1.5250000000000001,8.6293225427506,67.23944583042531,62.53321550367854,4.70623032674677,60.78175224138941,4118,9.990572996927467e-09,11.661108469478556,1.8927249908447266
454,test,0.22500000000000003,1.0083614748167502,0.30000000000000004,2.5328225598114127,0.37365836392911267,1.75,7.397852654454083,42.29357853960626,32.946316348315264,9.347262191290994,31.678211471109094,4862,9.983822012965707e-09,2.5328225598114162,3.649019718170166
455,test,0.125,3.892362451083605,0.45000000000000007,11.470622430074453,0.6790834929830566,0.0,0.0,57.716955677219325,36.836442221358,20.880513455861326,36.83644222144482,2346,9.968258422878039e-09,11.470622430074453,1.1617779731750488
456,train,0.22500000000000003,2.140920566290781,0.7,12.366182144626197,1.7260272673660086,0.375,7.962901380922964,92.97693301921782,59.96604269542591,33.01089032379191,59.73219975782658,2460,9.970591482016694e-09,12.366182144626196,1.3727355003356934
457,train,0.1,4.755278549698752,0.5,10.07331502394123,0.913340878234305,0.35,5.176636261905845,55.81984201319918,37.25899272906492,18.560849284134257,36.637702539936555,3305,9.993644210375855e-09,10.073315023941232,1.5564637184143066
458,train,0.125,1.4596656475486305,0.4,14.357515906980106,0.5780773391000316,0.6000000000000001,8.74355418467455,85.25791445995354,46.249959185287395,39.007955274666145,46.04961872578214,2948,9.995855137637587e-09,14.357515906980105,1.5630321502685547
459,train,0.05,3.6556609645387046,7.4,5.1989486815905375,0.3908012364905782,0.6500000000000001,7.822828893138498,28.940566527014465,28.01811996084936,0.9224465661651031,27.907470847142132,3146,9.98062860793018e-09,5.1989486815905375,1.7884948253631592
460,train,0.175,2.968749206624434,9.000000000000002,8.742182088821682,0.55981128387595,0.275,7.956411283558333,36.36092071064164,35.494234751222706,0.8666859594189376,35.32409560628004,3266,9.987815283659186e-09,8.74218208882168,1.7032861709594727
461,train,0.22500000000000003,1.2630921930640968,0.8,8.914431658069208,0.3312046155787892,0.0,0.0,71.97161905540345,44.114448396033666,27.857170659369785,44.114448598895635,2163,9.950598216580864e-09,8.914431658069208,1.3490252494812012
462,test,0.07500000000000001,1.1797149771351065,1.4500000000000002,5.741738867890505,0.5072250138505091,0.0,0.0,41.8192052765423,31.744467313928567,10.074737962613732,31.744467314051736,2275,9.994541280547077e-09,5.741738867890508,1.2233176231384277
463,test,0.2,5.799776978161396,8.35,2.9625163908466443,2.734024952426919,1.4749999999999999,6.789622373665509,36.24659386374436,34.638428090811665,1.6081657729326935,34.2150034122227,4268,9.994101842945232e-09,2.9625163908466448,2.484318256378174
464,test,0.175,6.604061488290463,1.5,8.467020225205815,0.6323365089006558,0.0,0.0,42.10012470344984,32.865790860252126,9.234333843197717,32.865790860305665,2323,9.964526149706161e-09,8.467020225205818,1.3542943000793457
465,test,0.2,4.619981015247555,0.30000000000000004,4.858890715167156,0.37269289989388993,0.0,0.0,39.638127911911724,29.068163481000266,10.569964430911458,29.06816348106708,2195,9.99624356684271e-09,4.85889071516716,1.7159206867218018
466,train,0.22500000000000003,4.250858319202081,1.2000000000000002,2.262407670852876,0.8137578127416445,1.85,5.6440668568222705,36.938547422615684,29.576201734628903,7.362345687986782,28.110198220107787,3194,9.990001015735056e-09,2.262407670852877,2.618163824081421
467,train,0.175,3.1014570217742667,1.5,14.528156421645864,1.7116520178984123,0.95,0.7146358668099192,82.1797673089295,58.686132805976975,23.493634502952524,58.52473227258966,3428,9.990506740581405e-09,14.528156421645866,2.4953489303588867
468,train,0.07500000000000001,2.0853260657263064,0.6500000000000001,14.991724955427399,1.5696792824044083,0.0,0.0,80.9423099655679,54.398801630988494,26.543508334579407,54.39880163110928,2462,9.976567033072492e-09,14.991724955427399,1.3503799438476562
469,train,0.25,1.1531491335734314,0.25,9.394664593180167,0.35374128962511436,3.35,5.30625954387473,135.86896170834237,76.06166195120137,59.807299757140996,48.98818873092886,6257,9.981419352886394e-09,9.394664593180163,4.600878477096558
470,train,0.22500000000000003,1.9583684393547538,0.30000000000000004,11.324446232685418,0.3792339796035298,0.0,0.0,77.77992745956995,42.66405492039994,35.115872539170006,42.664054921605995,2202,9.971405484965053e-09,11.324446232685421,1.4965133666992188
471,test,0.175,2.0474962225785482,0.25,7.076498620588424,1.5303901605957149,1.325,8.009133712013192,62.595364299659614,42.59834496413745,19.99701933552216,42.10219356118568,3244,9.992346417411339e-09,7.076498620588426,1.763643741607666
472,train,0.25,7.059469806175632,1.6,4.122505791976135,2.6379520758749533,0.275,2.4975050677376376,42.53032067402422,37.48017143735006,5.050149236674159,37.465439198858164,3386,9.998084925967885e-09,4.122505791976134,1.879711627960205
473,train,0.125,2.326416992042595,0.9000000000000001,8.345345132210003,2.2921769277290727,1.05,3.56924363551189,66.29949541195127,49.87141957802657,16.4280758339247,48.87728870210732,4186,9.99566358363353e-09,8.345345132210003,2.194396734237671
474,train,0.2,1.437479014726031,0.35,8.041933545326424,1.4093174861534168,1.2750000000000001,7.389339167508282,75.07372151265876,49.30492642397965,25.768795088679113,47.77723924459269,3824,9.985821465610166e-09,8.041933545326424,2.35018253326416
475,train,0.22500000000000003,2.4700745360207472,0.30000000000000004,2.6253903106217917,0.327977352586542,1.0,3.706857352912454,36.642528553819446,28.84741250463144,7.795116049188007,28.335683635026406,3731,9.980869937868117e-09,2.625390310621789,2.4404001235961914
476,train,0.175,3.0241905257394563,3.0500000000000003,10.337470289887687,0.6240011669029835,1.2750000000000001,5.841373282347596,59.329209667102056,40.928186984010566,18.40102268309149,37.75990220287389,4078,9.993830343669204e-09,10.337470289887683,2.75557017326355
477,train,0.175,2.063953523965825,0.8500000000000001,10.716630184606059,1.3320854283659873,0.0,0.0,74.1194007878754,48.701321597921776,25.41807918995363,48.70132159816583,2441,9.987590660514426e-09,10.716630184606057,1.535705327987671
478,train,0.125,7.810989944406382,0.30000000000000004,12.972295250778991,0.4368168792319387,0.8,0.49318990354142117,52.23689238370733,33.1690496337109,19.06784274999643,33.153275375617085,2694,9.985560230254053e-09,12.97229525077899,1.5546150207519531
479,train,0.125,8.229945079961364,1.35,14.35975587464861,0.5805841236911305,3.225,5.385039620912038,113.87301809239094,53.999614958346584,59.87340313404435,35.97279431678783,4358,9.994699660918596e-09,14.359755874648618,2.2075817584991455
480,train,0.15000000000000002,4.844482953863011,1.9,14.223415321936763,0.8248848294721599,0.375,6.91184809860929,56.3351118265967,41.72383935459067,14.611272472006029,41.58709181378218,2565,9.999281893495412e-09,14.223415321936766,1.888380765914917
481,train,0.07500000000000001,9.421273660851432,0.30000000000000004,11.366234966893774,2.5354299564985103,0.0,0.0,67.9845235641698,55.08305607412207,12.901467490047736,55.08305607414344,2498,9.983180368958018e-09,11.366234966893774,1.3157930374145508
482,train,0.2,4.919909322172907,2.7500000000000004,1.9635838144274398,2.0490096646960376,3.1000000000000005,7.6081370788496585,32.54407165762776,30.57877545250851,1.9652962051192517,29.88380188148582,5110,9.996082711243006e-09,1.9635838144274405,2.887450933456421
483,train,0.05,6.493932484026008,1.7000000000000002,4.523948984492051,0.961826544640685,0.0,0.0,32.18226503704119,29.84283382543409,2.339431211607099,29.84283382544269,2394,9.992404182264497e-09,4.52394898449205,1.12888765335083
484,test,0.22500000000000003,1.3613732702159624,1.65,1.761347638335449,0.5979071473639928,1.4,7.466365723393576,33.75638668302011,29.483408108776892,4.2729785742432185,29.019953145653346,4734,9.991139423591591e-09,1.761347638335452,2.6653335094451904
485,train,0.175,1.1410454789181088,5.75,13.050747729364463,0.6597666044810843,0.7750000000000001,1.8099108881993509,64.94887896870245,55.57625542468301,9.372623544019433,54.0394076392081,4376,9.984808559694276e-09,13.050747729364467,2.63859486579895
486,test,0.125,1.2199995612856747,6.4,13.94005663173452,1.9894562439747436,1.175,9.276660098503205,74.57248445926659,68.98895153943647,5.58353291983012,67.45741787974151,2421,9.996335378589872e-09,13.940056631734521,1.402710199356079
487,test,0.15000000000000002,1.7697083084748664,0.35,8.867172930416489,0.6395976398836045,0.25,5.9383342430923465,63.7081696968422,38.861564992357195,24.846604704485003,38.46800860256506,2841,9.981700719863528e-09,8.867172930416487,1.818340539932251
488,train,0.1,1.5411983954422657,0.30000000000000004,6.101062070658558,2.2703359552198408,1.65,7.142167144405927,59.270596936356874,43.87522792028271,15.395369016074163,43.0033089640137,3867,9.99906653121836e-09,6.101062070658558,2.244431972503662
489,train,0.1,2.1286330906550637,5.200000000000001,10.686315235337288,1.087335289798892,0.0,0.0,46.75092688703928,41.97827877809375,4.772648108945525,41.9782787782143,2326,9.999401807989443e-09,10.686315235337288,1.4128689765930176
490,train,0.05,9.791874624285464,4.500000000000001,14.125913622821258,2.395656017618692,0.0,0.0,62.25325136376462,60.009458502437155,2.2437928613274636,60.0094585024545,2427,9.988414732561758e-09,14.125913622821258,1.3604793548583984
491,train,0.05,6.192233003853,1.3000000000000003,12.05381485600918,0.30467515369304116,2.0,7.344166308812718,37.61656668930264,30.18782021717851,7.4287464721241285,30.027503168721847,2604,9.999459875862594e-09,12.053814856009181,1.438929557800293
492,test,0.05,2.001041932173862,0.8,14.534695490988458,0.8247710982933147,1.15,4.199095681249841,69.94414513272136,43.53947447505145,26.40467065766991,41.07984395825068,3596,9.98702890181472e-09,14.534695490988458,2.1409294605255127
493,train,0.175,3.570027525420702,1.25,12.574008874430614,2.4331689992055883,1.2000000000000002,4.490907305687559,99.85965121577209,66.5596458578749,33.30000535789719,62.15654785386302,4920,9.995736816976285e-09,12.574008874430612,3.136681318283081
494,train,0.125,6.891655999626051,2.0,10.799734305511658,1.685972961573903,1.975,2.6618787937618866,53.57989990419061,46.055992612081006,7.523907292109605,45.50889400362915,3949,9.992308310250659e-09,10.799734305511658,2.1528148651123047
495,train,0.2,3.150464186264956,2.2,1.0346910319983231,2.1531969875150394,0.35,8.052845750356731,29.36296387644022,27.925945106251085,1.437018770189134,27.917508722231414,2540,9.982762162988407e-09,1.0346910319983236,1.5870001316070557
496,train,0.1,5.7319123861189265,1.05,12.958835093729888,0.7783032372655763,0.25,6.4125128681091565,51.510877106951405,37.811921520538554,13.69895558641285,37.75708867224751,2562,9.996375121655462e-09,12.958835093729888,1.4232358932495117
497,train,0.2,5.226076854144922,2.0500000000000003,7.951823438610624,1.9366793792190413,0.55,9.338243044855865,52.48000901759809,43.713429471018024,8.766579546580068,43.69507321184106,3363,9.986649697522402e-09,7.951823438610625,2.3478591442108154
498,train,0.175,9.726104443412714,9.000000000000002,13.864736119341257,1.7080193872849985,0.4,5.416173607268075,53.26537901975034,51.777224307999404,1.488154711750937,51.61494441836564,2072,9.991307597723123e-09,13.86473611934126,1.2016499042510986
499,train,0.2,5.826081054529918,1.7000000000000002,13.155347797679209,0.38616877448189735,1.0250000000000001,4.392619530425246,62.312976144204,37.777033251593146,24.535942892610855,35.01279004098352,2901,9.992661929620622e-09,13.155347797679205,1.7933578491210938
500,train,0.2,1.4240600203446556,5.500000000000001,7.781379628820314,0.3356167916957192,0.0,0.0,45.04425953030429,38.786415360871224,6.2578441694330635,38.78641536971293,2075,9.962351337019503e-09,7.781379628820319,1.5166616439819336
501,train,0.05,2.974920757568746,0.45000000000000007,10.871763243989106,1.8725986986861838,1.3000000000000003,1.9936683983228582,62.70024032397636,47.57852120042842,15.12171912354794,47.52995797613014,2536,9.993878343957611e-09,10.871763243989106,1.6353232860565186
502,train,0.1,7.740971957503175,1.85,13.4024417320188,0.5039286601794309,0.925,4.819226682390477,54.4226112824978,35.66873924444433,18.753872038053466,33.90964936149412,2481,9.994683631761164e-09,13.4024417320188,1.4736230373382568
503,train,0.1,9.945988830652796,0.4,12.92751049842227,2.191811968765138,0.6500000000000001,5.17976407509557,80.96848398567977,56.382791414712486,24.585692570967282,55.04381466900294,4511,9.98770706697753e-09,12.92751049842227,2.6367411613464355
504,train,0.1,6.296619477312645,1.5500000000000003,13.961790504284307,1.2583822943897238,1.8000000000000003,5.032250308327921,90.1535544293051,52.065998263440115,38.08755616586499,45.22874036568638,2535,9.999665494767783e-09,13.961790504284313,1.5133228302001953
505,train,0.1,8.026132969043685,0.5,14.626881572442679,1.9467572761129424,0.95,8.051674021505256,73.14420973860148,55.783569746234825,17.36063999236665,55.760579794191926,2541,9.97252350733973e-09,14.626881572442679,1.4270691871643066
506,train,0.1,5.780270712128093,0.4,5.298726823475121,0.8372476130828069,0.7250000000000001,7.9689715078687975,38.16039308565339,30.529811562546655,7.630581523106734,30.52083121176971,2469,9.979403998267668e-09,5.2987268234751195,1.4902865886688232
507,train,0.1,1.8058259605231748,3.9000000000000004,2.0319689675631256,1.749284154644241,0.75,7.057919864299102,31.403941549964685,29.885582894599324,1.5183586553653612,29.744066481586696,2673,9.98101196213213e-09,2.031968967563126,1.569793939590454
508,train,0.125,6.319940266895966,1.05,7.778989199920902,1.8050066218810923,2.325,3.680446019155224,58.12416391258336,43.56782844883979,14.556335463743572,40.82604211908085,5050,9.998390549140249e-09,7.778989199920902,2.967573404312134
509,test,0.25,6.397209630735648,0.35,1.6215621567482619,2.983985456295367,2.9000000000000004,8.204087628006985,33.872652117642446,30.70170239694068,3.170949720701767,30.523766367716416,4504,9.989685797135119e-09,1.6215621567482619,2.7980449199676514
510,train,0.1,1.9356888778439865,0.4,8.016927869538502,0.4979314700051358,0.25,1.5211681929954355,51.476914448874794,33.40434522783866,18.072569221036133,33.387390777308134,2367,9.962372070250456e-09,8.016927869538504,1.281240463256836
511,test,0.125,1.7639076879001048,0.5,4.1608981121159445,1.3588416805765577,1.3750000000000002,8.365974677699262,44.03192705696849,33.91444351065824,10.117483546310254,33.73440008468919,3396,9.990110054818357e-09,4.1608981121159445,1.9569389820098877
512,train,0.25,4.949174781187411,0.95,3.236338546717928,0.6276323454835261,1.4,3.0865956271325308,34.96014518377309,29.11522923368323,5.844915950089863,28.768501761126455,3180,9.984882599381008e-09,3.236338546717931,1.9421863555908203
513,train,0.175,2.8243288816866707,5.45,10.35820998988083,1.0908727556147826,1.6250000000000002,6.195361495375424,59.56117886544606,46.49607889516519,13.065099970280869,43.04561403022454,4281,9.988456090293118e-09,10.358209989880836,2.404287099838257
514,test,0.07500000000000001,1.2775817018953648,8.8,9.384017181404937,0.7812763245927984,0.30000000000000004,8.124634556869836,39.27864530627528,38.334473134641655,0.9441721716336247,38.13752641988812,3318,9.99664560843726e-09,9.38401718140494,1.75925612449646
515,train,0.07500000000000001,1.6468177357042235,4.8500000000000005,8.48129820569055,0.5671439039851879,0.0,0.0,38.10866420227607,33.94127612190509,4.167388080370976,33.94127612201355,2234,9.99926437023723e-09,8.481298205690551,1.2007815837860107
516,train,0.07500000000000001,1.5012746159620496,0.30000000000000004,11.582288231562332,0.6716831862986612,0.5,8.412195547620522,65.84013253378251,38.988691541783,26.85144099199951,38.932628028664766,2544,9.988517277628465e-09,11.582288231562336,1.296825885772705
517,train,0.22500000000000003,1.9830311035636825,0.55,5.329496168706186,0.4789286633753,0.32500000000000007,1.6962780317307597,49.083233287871174,33.845444257026486,15.237789030844688,33.76820440624942,3015,9.996598871885337e-09,5.329496168706184,1.8348979949951172
518,test,0.25,7.576469086954459,0.30000000000000004,3.9774458946404287,2.4292204598299576,1.65,2.832954176695237,43.97785577771546,36.34912636377005,7.628729413945415,36.10047928058372,4981,9.994259392558296e-09,3.9774458946404283,3.1083858013153076
519,train,0.125,2.6291209210614186,0.55,2.8002391277528456,0.719647215331859,0.675,6.033438933095168,34.64458623761757,28.66872530899186,5.975860928625707,28.435215669410756,3007,9.992788058149726e-09,2.800239127752846,1.6861369609832764
520,test,0.2,2.2174331088452868,4.6,13.296406232514013,0.6297313817120119,0.55,0.77901236413519,56.87530905829133,46.03862349112111,10.836685567170221,45.78682802987003,3350,9.994842003617908e-09,13.296406232514018,2.0328054428100586
521,test,0.1,5.468361051368819,0.45000000000000007,6.95997533245684,0.920803047773215,0.0,0.0,42.90642516968827,32.90193744315082,10.004487726537448,32.901937443178795,2400,9.95231335496992e-09,6.959975332456841,1.4426987171173096
522,test,0.2,2.2285019306507845,8.4,9.6118982598379,0.721990499986033,0.0,0.0,42.40492934148395,40.87040756107298,1.5345217804109694,40.87040756138592,2049,9.953913146931553e-09,9.611898259837904,1.2919330596923828
523,test,0.05,3.983577597803897,0.35,8.595616994665368,1.6946177966261502,0.575,0.7340964037308668,52.18333156303092,40.92169181329333,11.26163974973759,40.91736165145157,2617,9.99687245842984e-09,8.595616994665365,1.4394373893737793
524,train,0.15000000000000002,2.691699474021101,6.500000000000001,4.416878903104665,1.1250627882069113,0.30000000000000004,1.6350736452927577,33.949495417767366,32.63177378935099,1.317721628416379,32.570522508992234,2729,9.992837378540832e-09,4.416878903104665,1.774963617324829
525,train,0.05,2.1442567871931932,2.9499999999999997,7.146491571193357,1.6267331725135792,2.0500000000000003,8.913365298140329,42.84469354658684,38.6769355539422,4.167757992644638,38.51816671708956,2899,9.993651944332115e-09,7.146491571193361,1.558880090713501
526,train,0.175,7.115070292577098,5.4,11.223720671920653,1.9007415628081639,0.925,6.2549547420063325,57.01611693388237,50.32686577967254,6.689251154209835,49.449360737023696,3642,9.996759572470405e-09,11.223720671920656,2.324432611465454
527,train,0.2,3.2729526438454024,5.75,7.039034440201102,1.980833744665234,3.6000000000000005,3.39309247524748,67.42735011092026,52.034047990976326,15.393302119943932,43.46739565957854,4975,9.995768182407494e-09,7.0390344402011005,3.459644317626953
528,train,0.175,5.713727151992611,7.9,13.696633852777435,1.1236915535820078,0.4,9.559641943268204,46.42926969473559,45.11058066809704,1.3186890266385447,45.01952268390704,2881,9.990274858189084e-09,13.696633852777435,1.5826725959777832
529,train,0.2,1.7989432480322967,3.6000000000000005,12.141130067274375,0.8285844131273807,0.42500000000000004,8.413449208632741,64.30783538983381,49.2299211629053,15.077914226928513,48.942489275599115,3367,9.994914582524589e-09,12.141130067274377,1.969735860824585
530,train,0.22500000000000003,1.2306568745325233,3.5,4.5023947392704144,2.256919170368589,0.42500000000000004,1.025019597038496,50.98096359281334,43.714484567486195,7.266479025327143,43.53580868232335,2439,9.962406602087747e-09,4.5023947392704144,1.766540765762329
531,train,0.15000000000000002,3.2473652323957483,1.3000000000000003,11.518370024444,0.8744275695942293,0.525,2.8979404133279765,58.97486968946802,40.96561999077721,18.00924969869081,40.757212775121815,2538,9.97386863973014e-09,11.518370024444,1.5380713939666748
532,train,0.05,1.4624418349223058,9.55,5.576872372691147,0.3677151218953182,0.30000000000000004,7.813288760889984,29.631689847659455,29.205807057752764,0.4258827899066908,29.134000127493756,2872,9.997046528330794e-09,5.5768723726911436,1.7548766136169434
533,train,0.25,3.255014387546152,0.8500000000000001,10.268694464841875,1.2816450976622116,3.6000000000000005,6.156376164258592,114.36841067420256,65.64286570600085,48.72554496820172,46.3728244922917,4573,9.988752569772526e-09,10.268694464841873,2.8270087242126465
534,test,0.175,6.200476992376879,1.5500000000000003,10.862416032467838,0.3592363394845257,3.6000000000000005,2.343838420004726,46.362105975273515,35.52143435737814,10.840671617895374,32.3119197438239,4397,9.998553393274574e-09,10.862416032467836,2.651782751083374
535,train,0.22500000000000003,6.856710046338429,7.800000000000001,4.16664445722887,1.0044595271263654,3.575,2.609144319463633,40.191963306469006,33.95097989226249,6.240983414206518,30.684435974344616,5400,9.986045847748126e-09,4.166644457228872,3.335742473602295
536,train,0.25,4.990506678906079,0.55,5.546788800882731,0.3165281319723576,0.0,0.0,41.25068548014876,29.710033171568256,11.540652308580505,29.710033171670418,2146,9.949206823079089e-09,5.546788800882737,1.4125721454620361
537,train,0.125,3.6503078671332587,2.8,10.084765635341718,1.8008673548774106,0.525,0.41012713290292424,55.08085356668653,46.95343835042572,8.127415216260808,46.93407170337206,2861,9.989511862466857e-09,10.08476563534172,1.7444665431976318
538,train,0.1,2.0529946243756636,0.5,1.2820226009524316,0.43109090799992617,1.425,8.735987207838214,28.94066034913448,26.24140392560945,2.6992564235250285,26.217730334774267,2860,9.983071375401786e-09,1.2820226009524311,1.6336684226989746
539,train,0.07500000000000001,6.283017818934719,2.0500000000000003,2.9257888649049586,1.0994945314265883,0.0,0.0,30.310952995076214,28.658788467807316,1.6521645272688978,28.658788467814865,2413,9.976429059831185e-09,2.9257888649049586,1.5134260654449463
540,train,0.2,2.4561711674071702,1.2000000000000002,4.917562857527021,1.455297228757758,2.1,6.009241556747954,56.56882744260362,40.150868930110164,16.417958512493456,36.31648936635344,4338,9.994858360334422e-09,4.917562857527022,2.725713014602661
541,test,0.125,3.4541786804234844,0.30000000000000004,11.121075981686896,1.0522142868359927,0.625,9.083813623153825,63.84066091353791,41.10372527080559,22.73693564273232,41.07842327212602,2776,9.979992353022555e-09,11.121075981686896,1.6710546016693115
542,train,0.175,2.991661377125538,2.4499999999999997,6.792392549799198,0.8857344323524166,0.8500000000000001,6.698168926806879,44.217892842776905,35.80925105089508,8.408641791881827,35.20462125219564,3067,9.98849862466154e-09,6.792392549799196,2.1239001750946045
543,test,0.175,1.0963315822171689,4.7,4.96171357205838,1.4443786095876558,1.5250000000000001,5.91639256526793,52.64697266444848,43.14386849453854,9.503104169909939,40.24376187653914,4177,9.993242063953151e-09,4.961713572058381,2.831578493118286
544,train,0.05,3.2236223836753286,3.7500000000000004,10.876290637284088,0.5168789335769683,0.8,2.9548209602615247,36.522818446093424,32.94020997559693,3.5826084704964956,32.65310860465333,3174,9.993298323057467e-09,10.87629063728409,1.922053575515747
545,train,0.25,2.3267145137752374,1.05,9.454103853136814,0.4977500329567612,0.8500000000000001,6.887133621901707,64.44191028644674,41.285634153794014,23.156276132652728,40.16337260528154,3923,9.998337293090634e-09,9.454103853136813,2.7074460983276367
546,test,0.125,2.9509740749091096,0.30000000000000004,10.462739885417907,0.6619593665778928,0.625,5.598180293916189,63.32582159958846,37.90665401740077,25.41916758218769,36.68912973079225,2517,9.970039160683087e-09,10.462739885417907,1.538534164428711
547,train,0.05,1.8087876150706375,2.4499999999999997,7.538592901865284,0.7042867472341207,0.35,1.3318336426818969,38.64400371208598,32.639425055459796,6.004578656626187,32.63193324606791,2385,9.996129639914493e-09,7.538592901865282,1.2734439373016357
548,train,0.175,2.5841083944135526,0.25,14.3410030687642,0.31412404332848,1.825,8.389348822739152,77.72884887844717,40.63417177982288,37.09467709862429,39.67094486237486,3467,9.987419455390672e-09,14.341003068764202,2.198854446411133
549,train,0.25,5.1628117695064395,1.4,14.642188545777447,0.3284283494721723,2.625,8.163358876306898,60.40287075806328,39.14423780867755,21.258632949385728,37.36279914007934,3888,9.980367688378151e-09,14.642188545777445,2.368060827255249
550,train,0.125,1.388219281808621,2.9000000000000004,8.22203213180568,1.0006661650055801,1.4,3.375148981899474,56.118139443431566,43.34053879647642,12.777600646955143,40.891271936217585,4487,9.990146884772289e-09,8.22203213180568,2.87094783782959
551,train,0.1,2.5122714121646403,0.4,3.6923965638596505,0.41732204312049337,1.7750000000000001,5.249587769849257,45.55537336465791,30.632172616478908,14.923200748179003,28.1275886595883,3639,9.993930276564717e-09,3.692396563859651,1.989323616027832
552,train,0.05,4.661162999240666,5.0,13.337265019403926,1.0571521148085494,1.0250000000000001,4.771407550461321,49.207023691249454,41.790271616314556,7.416752074934898,40.952544610156735,2499,9.973863391769526e-09,13.337265019403926,1.3111186027526855
553,train,0.125,7.335536047909706,1.05,6.5427775065698315,0.6053863159390841,1.1250000000000002,6.424092664630305,37.36996074667826,30.572739971120154,6.797220775558106,30.283007204888616,2915,9.987284369597243e-09,6.5427775065698315,1.7807555198669434
554,train,0.2,1.651343007847139,6.1000000000000005,5.844012141332201,2.5122605261688316,1.175,5.323128200397416,55.764498536815275,48.73772457778719,7.026773959028084,46.9446314747806,3297,9.993060055865785e-09,5.844012141332202,1.9289641380310059
555,train,0.125,6.739813015138273,0.4,13.73912042084446,1.0198808256932932,1.0250000000000001,0.8358235388554917,62.344466653524194,42.022955664242836,20.321510989281357,41.99546477521535,3209,9.994391316586494e-09,13.73912042084446,1.9968955516815186
556,train,0.175,1.8346349502888994,0.9000000000000001,10.08742238861996,0.9436661659246294,0.0,0.0,69.1731838092894,44.46066603060044,24.712517778688955,44.46066603091553,2393,9.951278469049496e-09,10.087422388619958,1.2398996353149414
557,train,0.15000000000000002,1.1831539957418562,0.5,3.6723920520111313,1.2173683646354163,0.0,0.0,45.37902314747786,34.242796783694274,11.136226363783585,34.242796783911785,2425,9.971193709055958e-09,3.672392052011132,1.1840355396270752
558,train,0.07500000000000001,1.6209165651786033,0.35,13.260444229035055,0.592173312050149,3.575,7.855072233088698,70.8378532482895,43.72767807728323,27.110175171006276,39.40801837726168,4996,9.983744788212441e-09,13.260444229035055,2.545915365219116
559,test,0.22500000000000003,5.187007659035511,0.30000000000000004,9.306761755759565,2.9254938519674156,0.32500000000000007,3.993483657399317,77.36878501216816,56.84161909770199,20.527165914466174,56.55863932282608,4649,9.988463411405782e-09,9.306761755759565,2.439296007156372
560,train,0.125,1.3481186192589782,3.2500000000000004,4.833877101043314,0.663723290878829,0.0,0.0,38.94815587164273,32.84348798795217,6.10466788369056,32.84348798811212,2308,9.97492131628898e-09,4.833877101043313,1.4295275211334229
561,test,0.1,3.147513190262267,0.45000000000000007,7.049265930112847,0.4173145017901904,0.375,5.210663855812345,46.2948244979814,30.97068907641164,15.32413542156976,30.404617960277008,2290,9.96803553475477e-09,7.049265930112844,0.9511749744415283
562,train,0.2,1.1922348253221466,0.55,1.7668375034661052,0.4135410611699569,1.5250000000000001,1.502704932733365,34.664701718681,29.085327975096735,5.5793737435842665,28.750518272580447,4398,9.990691212254149e-09,1.7668375034661021,2.8552772998809814
563,train,0.07500000000000001,2.7606962409621456,2.15,4.2791594669548605,0.7066423573556987,0.0,0.0,33.07686566809382,29.321863863030995,3.7550018050628218,29.3218638630568,2340,9.98869955938917e-09,4.279159466954859,1.3981006145477295
564,train,0.125,2.929226307636891,9.65,14.947710881147868,2.8624831299754,0.32500000000000007,3.2930730053873023,76.30055249432901,74.90075396412205,1.399798530206965,74.63960851900539,2362,9.998535506045946e-09,14.947710881147867,1.427363395690918
565,train,0.07500000000000001,1.728679076240893,0.25,2.333270544037256,0.851752054444116,0.4,7.0745597183239735,33.34472319871073,28.09899966913773,5.245723529573002,28.073561289044935,2664,9.992830349010346e-09,2.333270544037258,1.654043197631836
566,train,0.1,7.109971432273954,0.6000000000000001,8.537508861212746,0.45841674368619445,0.375,1.7426942595758985,40.4530826323492,30.38793979089496,10.06514284145424,30.38487108798185,2316,9.99126165306569e-09,8.537508861212743,1.3994860649108887
567,train,0.125,4.094712149039177,0.6500000000000001,3.413141171899462,2.552051915587671,0.0,0.0,40.465969428799056,34.86053189532537,5.605437533473683,34.86053189534607,2500,9.977381070215767e-09,3.413141171899464,1.4755818843841553
568,test,0.125,3.53397800210383,0.6500000000000001,7.338804431579449,0.36716310828828247,0.45000000000000007,2.0718301863436093,43.33143792329245,30.548206841285875,12.783231082006573,30.52273525968348,2361,9.992702648489776e-09,7.338804431579445,1.2607927322387695
569,train,0.175,2.0648023141551364,7.0,12.150533075969596,2.654688361688919,1.575,4.831761170165878,84.79563457459857,71.98854910534209,12.807085469256478,67.93869340366336,2960,9.985935337131627e-09,12.150533075969594,1.8675594329833984
570,train,0.175,3.2424788299574625,0.95,9.965250138847312,1.0550201348106005,0.0,0.0,60.10354354351005,41.20745633206594,18.89608721144411,41.207456332193814,2415,9.961660351788826e-09,9.96525013884731,1.601301908493042
571,train,0.25,2.4701618719986604,0.8,12.855672850155845,0.7177344823646972,0.8500000000000001,7.31953015552733,81.30728570813545,48.651307870238554,32.6559778378969,47.645017954860435,3802,9.989910279312451e-09,12.855672850155845,2.5409305095672607
572,train,0.2,8.407177556589161,1.4500000000000002,4.637175438768289,0.5231314873871453,0.7,7.022931653883236,33.535728059942706,28.73136138873265,4.804366671210055,28.6758431566754,2765,9.980772642449267e-09,4.63717543876829,1.9515063762664795
573,train,0.07500000000000001,8.904366824503438,2.9499999999999997,8.66032779321741,0.8427893961393432,2.625,3.473652848942037,48.30053919064056,36.15382825141828,12.146710939222281,33.302521143162956,4363,9.9999148205446e-09,8.66032779321741,2.270203113555908
574,train,0.1,2.4837927964940545,4.800000000000001,14.535478293151266,1.516279821887005,0.0,0.0,60.05965461447026,53.352272565086594,6.707382049383668,53.35227256521598,2378,9.962542128297563e-09,14.535478293151264,1.1843926906585693
575,train,0.25,3.855999377981415,0.4,12.047988558164969,0.5733719310379608,3.125,2.806942723357435,76.7029644263514,46.92696379327404,29.77600063307736,40.100695263732284,4998,9.993741170525102e-09,12.04798855816497,2.933088541030884
576,train,0.2,4.437299962066721,1.2000000000000002,3.447465182746013,0.3207693535402249,1.5,5.628865769296153,38.85904788129013,29.282031543670463,9.577016337619668,27.76886807970891,3576,9.982250349595311e-09,3.4474651827460185,2.2884433269500732
577,train,0.125,1.4329836649502696,1.3000000000000003,6.172594646537539,0.5640578621160375,0.6000000000000001,5.3773343519304735,51.278230762259334,35.288593920567486,15.989636841691848,34.0615563110446,3371,9.99668168462374e-09,6.17259464653754,2.089031934738159
578,train,0.22500000000000003,3.461592826943199,2.4499999999999997,2.0254438063457196,0.4521217484719793,0.0,0.0,29.938634417801488,27.296404046451872,2.6422303713496156,27.29640404649804,2236,9.986140467682504e-09,2.0254438063457174,1.4723596572875977
579,train,0.25,5.818525585437853,5.45,3.6103741047240874,0.49704190560082334,1.2750000000000001,6.0626717909051715,32.54138370505722,29.12923136329792,3.4121523417593025,28.460076706315675,3879,9.98945546698367e-09,3.6103741047240874,2.513310670852661
580,train,0.125,8.03882836433868,0.75,10.22262584889486,1.0885392682124724,3.1000000000000005,2.208835542518601,49.89631009021867,38.62778581557845,11.268524274640221,38.04101638333102,2824,9.989816643075372e-09,10.22262584889486,1.8713042736053467
581,test,0.2,5.1522986277340665,3.65,13.814571387659463,0.9901519499217023,2.475,7.037847370788754,68.30017413705134,49.895673603537986,18.404500533513357,44.47847484744813,4320,9.992605395326275e-09,13.814571387659463,2.983635902404785
582,test,0.175,5.859457055667548,0.6500000000000001,9.25308862564855,2.199402475379943,0.95,9.08195593026465,63.37948821925328,48.43921621215711,14.94027200709617,48.407830936278124,3609,9.999038187119206e-09,9.253088625648552,2.119022846221924
583,train,0.15000000000000002,6.283647904663696,6.6,6.3934588524662495,2.9759560585770815,0.0,0.0,46.80824659414265,45.755325640318844,1.0529209538238078,45.75532564035023,2341,9.991152018420792e-09,6.393458852466251,1.5652530193328857
584,test,0.05,3.0149032663774102,4.75,13.720648815210168,1.615327666943406,0.825,5.094740289169861,58.778960947753255,50.67797463584669,8.100986311906567,49.87330167205204,2387,9.967917028022017e-09,13.720648815210174,1.2664353847503662
585,train,0.15000000000000002,3.2307273869792326,0.25,8.042641267587488,2.1532380958032933,2.275,4.153996545961824,85.09835719880233,52.82130747842588,32.27704972037645,46.306537017220535,5126,9.99185501527192e-09,8.042641267587488,3.1914761066436768
586,train,0.05,1.0801487539959682,1.05,7.641824628497016,0.5399209189647661,0.0,0.0,46.02362948527219,32.90536663789311,13.118262847379079,32.90536663799371,2293,9.980079756512544e-09,7.641824628497015,1.196319818496704
587,test,0.15000000000000002,4.902392833836473,1.25,6.819494703571278,0.5334675520157468,0.8500000000000001,4.761957928216182,46.78532572561302,32.28414530308786,14.50118042252516,30.940511283072478,2421,9.992738210788409e-09,6.819494703571281,1.6330721378326416
588,train,0.2,1.0146695961366725,7.1000000000000005,1.9952235572311376,0.8473171602726678,1.075,3.0385537210144555,33.016703603584105,31.33049361539707,1.6862099881870343,30.686524422140113,4842,9.999332194860996e-09,1.9952235572311385,2.4526164531707764
589,test,0.175,7.244467994147343,1.1,9.942577780758123,0.5321094635015937,0.0,0.0,45.05660841830252,33.00715322444564,12.049455193856879,33.00715322450742,2288,9.980665780359236e-09,9.942577780758121,1.172980546951294
590,test,0.25,3.4394301151112328,1.35,14.468201093464039,1.5274268779615048,0.575,7.724327160297356,85.86086589061979,58.40003099075151,27.46083489986828,58.073702149393405,2755,9.984084796108887e-09,14.468201093464035,1.3478682041168213
591,train,0.125,3.5938377607912932,2.4000000000000004,14.801944806192587,1.3524102525539303,1.8750000000000002,1.9725122390135943,64.56379438360239,51.29312936813783,13.270665015464552,50.635406981721914,3167,9.9911148954268e-09,14.801944806192585,1.678027629852295
592,train,0.22500000000000003,3.050110607792683,7.4,12.295682260666371,0.38129046271601585,0.0,0.0,42.23166193144252,39.14784599253532,3.0838159389071933,39.14784599294216,2010,9.966638769411129e-09,12.295682260666377,1.3399770259857178
593,train,0.2,1.1738456686429057,1.5500000000000003,2.1308046289029425,1.5878138699457944,2.5500000000000003,3.359478625601306,41.30070170662629,34.4548961713305,6.8458055352957885,32.08126472679211,4391,9.975747574880985e-09,2.1308046289029443,2.724395275115967
594,train,0.25,1.3106287363785818,6.550000000000001,3.450069472057736,0.37973751676890105,2.325,1.9746264999799408,40.16968801540041,35.91270605810286,4.256981957297548,33.00031652658343,5390,9.999116223141259e-09,3.450069472057738,3.415030002593994
595,test,0.15000000000000002,4.1155463280717015,3.9000000000000004,11.515136246760196,0.46471013188573035,0.0,0.0,41.57164586250893,34.912787282332495,6.658858580176435,34.91278728245067,2212,9.974922096961708e-09,11.515136246760196,1.4062206745147705
596,train,0.15000000000000002,1.5939890925213824,3.3,5.9936991951758944,0.844258021672341,0.0,0.0,43.410889642636114,35.89031160500927,7.520578037626841,35.89031160519386,2345,9.9498236021381e-09,5.993699195175893,1.3789465427398682
597,train,0.15000000000000002,3.6944541961825363,0.5,10.505799252809119,0.3534191493759878,1.675,2.3503986520342854,54.07169458247433,33.8284751213162,20.243219461158127,33.311135497951064,3395,9.985646843599908e-09,10.505799252809119,2.204516887664795
598,test,0.1,2.1600454642779945,0.45000000000000007,4.057758663673644,2.23805890665875,0.4,5.543930246599509,45.638493036133234,36.38193216284467,9.256560873288564,36.08855104295412,3733,9.988394548688987e-09,4.057758663673644,2.2482900619506836
599,train,0.05,1.8021073311569835,9.15,1.4586012236917336,1.6197190007674147,0.30000000000000004,1.81713283304411,27.936218129891344,27.82932165541838,0.1068964744729648,27.81340637154094,2243,9.990185460868674e-09,1.4586012236917336,1.4340825080871582
600,train,0.15000000000000002,7.3816734081215944,1.8000000000000003,10.174295900102067,1.8202627853485804,0.925,5.079797734369343,64.61618350030716,47.60302338500419,17.013160115302966,45.90955575347467,3269,9.985736127905523e-09,10.174295900102067,1.9169929027557373
601,test,0.125,5.224032343130591,0.6500000000000001,12.962856309117342,0.3147082146440834,0.0,0.0,51.51994932186266,32.591744045621176,18.928205276241485,32.591744045713455,2141,9.982346471416454e-09,12.962856309117338,1.287989616394043
602,test,0.175,2.1890627550030013,0.45000000000000007,3.6145665799596465,1.0183044852015641,0.30000000000000004,0.4456648185090992,41.13332555664116,31.698835487267047,9.434490069374114,31.684779570488438,2713,9.985747694138347e-09,3.6145665799596465,1.6501491069793701
603,train,0.22500000000000003,2.918556705990353,8.5,4.906137247797769,2.730811944564232,0.55,7.995159207220587,43.63789381414481,42.612432249674974,1.0254615644698362,42.33538268841792,3632,9.987222844101543e-09,4.906137247797767,2.434828281402588
604,test,0.25,3.2495437535136533,1.2000000000000002,12.417038582956394,1.8629478056904918,3.975,4.870537577171838,160.59481281030526,90.72371456927205,69.87109824103321,58.07841021497973,4239,9.986154142006303e-09,12.417038582956394,2.2873570919036865
605,train,0.2,6.410958680708496,6.0,3.962436140351575,0.3305123535776235,2.7,3.460453952719925,35.624768862813646,29.79762496303951,5.827143899774136,27.671255890056184,4380,9.99276785554811e-09,3.9624361403515707,2.255309581756592
606,test,0.175,1.0170636645696964,0.95,9.617233726614117,0.4044626703071868,0.375,8.944262870663449,74.57063277960953,45.99585936589282,28.574773413716706,45.74215080062024,3208,9.990958885849264e-09,9.617233726614113,2.159822940826416
607,train,0.2,1.6458464258209986,9.799999999999999,9.466481986138273,0.3643058533445572,0.0,0.0,40.451893673123365,40.25194826027408,0.19994541284928857,40.25194826475719,1547,9.997903620675545e-09,9.466481986138273,0.9768917560577393
608,train,0.07500000000000001,3.8894907885576795,4.95,6.64147838478708,0.8355203152405353,1.1,6.673749424601303,36.735678645326985,32.626328140833586,4.109350504493399,32.04006192867331,3791,9.995949664905355e-09,6.6414783847870815,2.1688764095306396
609,train,0.05,2.9633689097774862,3.5,14.962350395652877,0.6720770988180914,0.0,0.0,44.08541157960335,38.0542115558918,6.0312000237115555,38.05421155595523,2303,9.999800478191174e-09,14.962350395652877,1.1733283996582031
610,train,0.07500000000000001,3.5769608350505915,0.9000000000000001,14.159756311869895,1.2722350167057286,2.275,3.1351067538542603,65.6712684740923,48.33227229547782,17.33899617861448,46.43187991301616,3007,9.993742805534835e-09,14.159756311869895,1.8537766933441162
611,train,0.07500000000000001,6.602958082931646,0.25,9.675483069900046,2.581537307859996,2.6750000000000003,4.245193142131241,95.27598865436393,58.68051369548177,36.59547495888216,51.38300496321149,5002,9.997808730380272e-09,9.675483069900046,2.8349688053131104
612,test,0.175,3.5549350059247447,2.4499999999999997,1.824814750701249,0.47716980269625275,0.30000000000000004,7.342034023900818,28.874355142774867,26.844163004687747,2.03019213808712,26.826840086383807,2579,9.980194492836505e-09,1.824814750701249,1.332742691040039
613,train,0.22500000000000003,6.91921791436849,7.45,2.4247584285172827,2.6112082111098642,0.0,0.0,32.52956104078686,32.19681913650626,0.3327419042806028,32.196819136523146,2281,9.95723978795645e-09,2.4247584285172823,1.133979320526123
614,test,0.22500000000000003,6.922309622844821,0.30000000000000004,1.2552350218457708,0.3177378652908289,2.375,2.1591283669285724,28.294895721737053,25.92672515446842,2.3681705672686313,25.84658140658821,3442,9.985496079159592e-09,1.2552350218457695,1.846719741821289
615,train,0.15000000000000002,1.3323252359910882,2.0500000000000003,4.280138411366932,1.6118884741460742,2.1,7.97968539439344,45.69494533938364,37.962441344627884,7.732503994755753,36.853442566086514,4025,9.991727261926167e-09,4.280138411366931,2.368006706237793
616,test,0.2,6.797031838160331,0.5,1.9568704655387834,1.3585460523899942,0.0,0.0,31.632527812320625,28.296267681758973,3.3362601305616515,28.296267681772335,2445,9.954473077822315e-09,1.9568704655387834,1.6053786277770996
617,test,0.15000000000000002,7.806950381575061,3.2,14.330810155724768,0.6180276579204209,1.9500000000000002,2.9293708329596058,49.20068474041404,39.031947432851176,10.168737307562864,37.06411750646505,3778,9.994451696789624e-09,14.330810155724771,2.4036917686462402
618,test,0.2,4.5652784858108735,9.250000000000002,11.425846119393388,0.39377859492372863,1.2750000000000001,1.916786921491478,40.72917775841307,36.204306028844385,4.524871729568687,34.86661388007759,4067,9.994168787286106e-09,11.425846119393388,2.2132728099823
619,train,0.15000000000000002,2.70374703993319,0.7,2.6635855916683635,0.9753560634733484,0.0,0.0,34.71865592528186,29.160010240140164,5.558645685141695,29.1600102401791,2400,9.999852048846153e-09,2.6635855916683617,1.2669258117675781
620,train,0.25,1.478076568267068,3.6000000000000005,3.733382722415386,2.362687890972852,0.0,0.0,46.009176151440414,40.25363821364587,5.755537937794543,40.25363822122827,2437,9.968945111130217e-09,3.7333827224153873,1.4719836711883545
621,train,0.175,3.326575518373441,0.8,4.151071360844272,0.8886362674159234,3.1750000000000003,3.657171818859047,51.09130962642298,35.75136601741546,15.33994360900752,31.003982809971212,5090,9.989768132689003e-09,4.15107136084427,3.4040539264678955
622,train,0.15000000000000002,5.2497720647779,2.15,3.8142260814858386,1.7274959696274297,1.5250000000000001,3.80789831283972,39.25897323686002,33.663078629775626,5.5958946070843965,32.799670205500696,4694,9.999526853388333e-09,3.814226081485839,3.1882314682006836
623,test,0.07500000000000001,2.748511518180434,0.5,11.591222147034774,0.43065805919240957,2.275,6.9049924473258155,54.31899368363236,35.27692806910281,19.042065614529548,33.521863005282135,4009,9.999885418261605e-09,11.591222147034774,2.4968719482421875
624,train,0.15000000000000002,1.8755697196510017,1.4,9.33762130203514,2.4908257919086565,2.825,2.5851051423818023,78.14565460168383,60.32759872043428,17.81805588124955,56.02190725393638,5095,9.99421856474743e-09,9.337621302035142,2.8485970497131348
625,test,0.05,2.3511508127859244,0.30000000000000004,11.394850074778711,0.42439866798018505,2.15,5.272526231768274,87.81279289607356,40.95759250405499,46.85520039201857,32.6200456151061,3771,9.990076716365123e-09,11.394850074778713,2.186523199081421
626,train,0.25,1.0051600163957843,1.65,5.269377192488728,0.45439411778188626,0.475,5.878273100749128,57.696488738943366,41.837843769160266,15.8586449697831,40.66705436363824,3975,9.984987690100432e-09,5.269377192488725,2.485214948654175
627,test,0.05,2.3947818092427866,0.5,2.9334663301624815,0.5175852099714268,0.0,0.0,31.582168522390546,27.22368236724644,4.3584861551441065,27.22368236726347,2283,9.959348702099901e-09,2.9334663301624797,1.3353471755981445
628,train,0.25,7.97911437054914,5.3500000000000005,6.208052594075225,1.1296785258662625,2.5,3.022175761377242,44.86567242027263,36.788289437014356,8.077382983258275,34.15478653614376,2834,9.991135119736255e-09,6.208052594075221,1.809647560119629
629,train,0.1,1.9787343307991585,0.75,1.5721798568034406,0.6191688769025793,3.125,2.316243002158784,30.17080216286364,27.25525268149412,2.9155494813695206,26.81776865251546,4811,9.982833032788613e-09,1.5721798568034417,2.630216598510742
630,test,0.25,2.406295182511611,1.5,8.766073336821481,0.31432578926992244,3.725,5.962615195322855,99.58175250155234,57.283539645774184,42.29821285577816,37.14043289265806,5040,9.991778133164177e-09,8.766073336821485,3.4328999519348145
631,train,0.15000000000000002,4.57564411503645,1.75,5.679827764001344,0.42276505186739183,0.275,8.155787470803475,35.80513059661898,29.451465163839302,6.353665432779678,29.443070354934246,2311,9.976282492695497e-09,5.679827764001342,1.1693766117095947
632,test,0.2,2.598688497726874,0.8500000000000001,14.57095444178021,0.44878487049321175,0.0,0.0,76.33786696447085,43.214720604796014,33.123146359674834,43.21472060524646,2249,9.977812568921145e-09,14.57095444178021,1.7972218990325928
633,train,0.125,1.4639677225806853,2.85,14.886534462214376,0.5159367042594073,0.55,6.3976542451840865,68.01358614375648,47.282751117326754,20.73083502642973,45.86269401361598,3740,9.988732385641531e-09,14.886534462214378,2.1821305751800537
634,train,0.05,3.1307902638340024,2.8,8.508476881116799,0.5187482439961493,3.6750000000000003,4.741915305252313,72.50771818660571,42.82604578498796,29.681672401617753,31.04203107262392,4340,9.985635732427823e-09,8.508476881116803,2.341248035430908
635,test,0.05,4.324334347180915,4.6,4.380846848705116,2.1956930977030527,2.15,1.954978974547413,36.633043000665474,35.52810223427648,1.1049407663889923,35.26425624751542,3210,9.997992336710504e-09,4.380846848705119,1.6300227642059326
636,train,0.2,3.4168029544032983,1.75,12.906036582809127,2.973366967614384,0.0,0.0,91.11528307682909,71.33752579786454,19.777757278964543,71.3375257980129,2498,9.961347084163606e-09,12.90603658280913,1.6797168254852295
637,train,0.1,1.8680484364702596,0.95,7.704857709340071,0.9354724413373277,2.125,1.2109561849238824,51.25726417213084,37.0379297875965,14.219334384534342,36.576218425764296,3838,9.990151611450384e-09,7.704857709340072,2.5052378177642822
638,train,0.2,4.150245986371546,1.35,2.8290335843598324,0.7491958075213617,0.42500000000000004,7.454140621059379,33.032842201962445,28.601226471692925,4.43161573026952,28.572395034923105,2455,9.973600947342007e-09,2.8290335843598315,2.0243265628814697
639,train,0.15000000000000002,2.0960453757794753,2.2,8.220222533422746,2.262290302835742,0.0,0.0,61.983079955073364,49.73950226249649,12.243577692576878,49.739502262628214,2469,9.979926647268444e-09,8.220222533422747,1.6107385158538818
640,train,0.175,1.9967314990791782,1.25,5.179591482529953,1.7390350575340126,0.32500000000000007,4.166013160629127,50.623949238735655,39.07802434504661,11.545924893689048,38.711072896174024,3739,9.992588153537741e-09,5.1795914825299505,2.5145061016082764
641,train,0.07500000000000001,5.93443378074731,5.75,11.26682787708691,1.0839467142004071,1.65,2.7819613813337583,47.48837436747746,40.379066676563866,7.109307690913596,38.99333752934381,3963,9.99979152499543e-09,11.266827877086909,2.4155433177948
642,train,0.25,5.896704065519473,0.8,10.15562405403704,0.9090791186687988,0.32500000000000007,6.608151074329549,57.019025050221664,39.011375035206186,18.00765001501548,38.85949632774295,3547,9.99125556468866e-09,10.155624054037036,2.2587568759918213
643,train,0.15000000000000002,7.339847477699317,0.4,6.125479271030291,0.335574312848128,0.0,0.0,37.87107761072084,28.50135396087204,9.369723649848797,28.5013539609066,2162,9.95583997532717e-09,6.125479271030292,1.3821072578430176
644,train,0.125,3.115096524767414,0.95,4.848279072750265,2.8650611761480627,1.8750000000000002,3.243034528423212,49.958907766030656,41.85903207006916,8.099875695961494,40.989622043725674,4817,9.989350979361768e-09,4.848279072750267,2.572272777557373
645,train,0.25,1.1762225611481043,3.1000000000000005,1.0228318668181082,1.4219023313294639,1.975,7.1647450929889605,31.45570705401352,29.40112572366957,2.05458133034395,28.66073273296114,4872,9.99930615553312e-09,1.022831866818109,3.0915157794952393
646,train,0.15000000000000002,1.0579945766132242,3.35,14.862038596780685,0.5245013655737891,2.375,2.410525638552614,84.79130547346698,63.014529375505305,21.776776097961672,54.33684196337332,5233,9.989063235516862e-09,14.862038596780687,3.025076150894165
647,train,0.2,4.577029119975823,4.05,1.5202492654710005,1.0737009787170622,0.575,8.5470485090716,28.293537270824967,27.357189003578274,0.936348267246693,27.34472956326661,2923,9.98537721756511e-09,1.520249265471001,1.8733501434326172
648,train,0.22500000000000003,2.3131016026211877,5.7,3.668998592483895,1.9883617087848218,0.0,0.0,38.21006028627173,35.980389274290076,2.229671011981651,35.98038927438529,2359,9.978045660227513e-09,3.668998592483897,1.5487282276153564
649,train,0.07500000000000001,3.0848145964967206,0.35,10.4906501908612,1.8523486952469461,3.8,6.066497478257437,112.30716397444984,63.04168293927303,49.265481035176805,47.315100581159236,3817,9.995921513447266e-09,10.4906501908612,2.329318046569824
650,train,0.15000000000000002,3.2044852604839362,7.25,10.012617350792477,2.2944186333091476,1.0,7.0683702895742355,58.88927524872353,53.99528060343638,4.893994645287151,52.97704712930124,3606,9.998511033449098e-09,10.012617350792475,2.3129184246063232
651,train,0.2,1.5948570207913586,0.55,14.692598365678924,0.8160778971083369,0.0,0.0,99.57740485974269,55.88054287971707,43.696861980025616,55.88054288085043,2375,9.964448236952647e-09,14.692598365678926,1.7265362739562988
652,test,0.25,2.4967562647715784,2.5,13.922205226668535,2.908783048689024,1.75,3.5300906499968594,115.98804741072689,86.72010982995505,29.267937580771843,79.87783706992606,5557,9.990983885726568e-09,13.922205226668535,3.567228078842163
653,train,0.1,7.197117540106375,0.55,2.489329090353546,2.8208321501908697,0.575,6.650984001891389,35.47230690079622,32.46008962790088,3.0122172728953416,32.446686906059035,3512,9.989623740653136e-09,2.489329090353547,2.0423762798309326
654,train,0.2,2.1043995785349208,0.7,2.904384233092691,1.0627701233380948,1.0250000000000001,2.4453305781276558,38.56998430376085,31.16482057883297,7.405163724927878,30.93896225293603,3691,9.998499294861205e-09,2.9043842330926926,2.3551671504974365
655,test,0.15000000000000002,8.681817868919456,2.65,13.594409203366716,0.3858268264498724,2.625,3.7530407511316914,67.28650870156153,40.103768931073546,27.182739770487984,33.02434974055933,4263,9.98875727260695e-09,13.594409203366714,2.400172710418701
656,train,0.15000000000000002,1.8408623090692546,0.7,7.260785508929493,0.6354550823153912,1.5,1.2007751592110179,53.55642516402735,36.14317950505112,17.41324565897623,35.76017387586708,3765,9.99812973272779e-09,7.260785508929491,2.2922840118408203
657,train,0.07500000000000001,2.1895949266924797,3.2,3.461896489934083,0.49894091244913674,0.25,4.7442355803578335,31.01877612094196,28.1179653078873,2.9008108130546617,28.02270883691029,2400,9.98651494592764e-09,3.461896489934083,1.4460537433624268
658,test,0.125,1.874734673377963,9.799999999999999,13.857546959464198,0.49226285127027086,0.9000000000000001,8.134163274599118,46.75501687374913,42.78028258184719,3.974734291901939,41.50005002109966,4114,9.989812962470212e-09,13.857546959464196,2.428724765777588
659,train,0.05,6.348131893383646,0.4,2.7422838768769298,0.7831654295522631,2.875,2.2024816790165276,30.330234784381172,27.497710985927124,2.832523798454048,27.450492326659955,2986,9.993684411199733e-09,2.742283876876928,1.660247802734375
660,train,0.25,1.431117186060736,3.15,13.83006547100469,0.8548512423653787,0.0,0.0,85.7163780617148,61.42016215127923,24.296215910435578,61.42016222814174,2351,9.966112573105062e-09,13.83006547100469,1.6439528465270996
661,train,0.175,3.795370659330757,1.15,12.352582532675443,0.6568492655505681,0.525,1.7549796000452995,59.558643542915696,39.26883200788169,20.289811535034005,39.20057788687047,2708,9.981430581626423e-09,12.352582532675445,1.6554837226867676
662,train,0.15000000000000002,1.0837167647674597,0.7,10.24164687434843,0.41629791262144555,0.0,0.0,74.07398005392618,43.76361954510869,30.31036050881749,43.76361955003081,2227,9.970497391896853e-09,10.24164687434843,1.5278711318969727
663,train,0.1,1.356392223651685,0.35,13.244895765801154,2.63776663277191,0.0,0.0,105.01146157086502,70.1211635783387,34.89029799252633,70.1211635785397,2499,9.95533731077922e-09,13.244895765801154,1.413123607635498
664,train,0.125,5.459485875164703,9.9,5.870189264094955,0.5789355870918066,2.7,6.668733590526662,36.54220549504766,31.799984478546158,4.742221016501503,29.928385150242313,4643,9.983309523731589e-09,5.870189264094957,2.857243299484253
665,train,0.2,2.9622643634751413,0.6000000000000001,11.178220377757196,2.1460909480817962,1.6,4.161780977883424,98.51013891187752,62.51058104778628,35.99955786409124,56.89053273190544,5267,9.988561744497594e-09,11.1782203777572,7.913960695266724
666,train,0.07500000000000001,3.3489632356499226,4.3500000000000005,14.685083777805035,0.834617366888446,0.7,1.5951683451891894,46.31325131746625,41.0831316812681,5.230119636198154,41.01017673178712,2626,9.986834314927947e-09,14.685083777805033,4.324815273284912
667,train,0.15000000000000002,1.9812475285667186,0.35,6.990519684509461,0.441040553018014,2.2500000000000004,3.0309392920658045,54.73968919701341,36.12739551608092,18.612293680932495,33.59698274281915,4574,9.98856525238728e-09,6.990519684509462,8.13980484008789
668,test,0.1,7.96492002131213,2.0,3.7130965788137775,0.6635710777133544,1.0250000000000001,1.846363030585212,30.23593849113943,28.055333730867215,2.180604760272214,28.047666166124753,2534,9.973946426164042e-09,3.713096578813781,4.6024065017700195
669,train,0.175,2.797669090723214,1.85,4.7426580024060145,1.2290421295918945,0.0,0.0,41.24356341882322,33.945741536791495,7.297821882031727,33.94574153686476,2426,9.950113465662328e-09,4.742658002406014,4.646507978439331
670,train,0.2,6.372015635290644,0.6500000000000001,9.472475900043095,0.7711714953042627,3.1750000000000003,3.930261225898618,84.67348487406056,46.55025975512255,38.12322511893801,35.57801412301967,4655,9.999042355642586e-09,9.472475900043094,8.133314847946167
671,test,0.125,1.7245504410523633,7.15,11.443220983101408,1.441852943658687,0.0,0.0,53.379501393138284,50.15616126482753,3.2233401283107526,50.15616126502695,2257,9.987498341300917e-09,11.443220983101408,4.072712659835815
672,train,0.125,4.3485049002526415,0.55,4.158931798825027,1.8040965253160448,0.30000000000000004,0.5033898889056527,40.76152949856656,33.83251794613011,6.9290115524364495,33.830320155539226,2718,9.988013078898845e-09,4.1589317988250265,4.723387718200684
673,train,0.07500000000000001,2.7744569295242587,2.4499999999999997,13.164393267485242,0.38719135295029333,0.0,0.0,44.36825856481078,34.07265224949935,10.295606315311431,34.07265224959797,2192,9.942300924257112e-09,13.164393267485236,3.6855690479278564
674,test,0.1,2.31264175302889,1.5,13.937745085779015,1.0519931418705015,3.875,2.33694597813466,72.5358631526726,53.78480994812665,18.751053204545954,46.13053774894918,5318,9.98790333818993e-09,13.937745085779015,9.770439624786377
675,train,0.15000000000000002,8.55290106460079,1.6,8.052588728739934,2.5066031951331453,0.8500000000000001,2.9182706178723707,53.64257374325525,46.93246065433486,6.710113088920387,46.85189895777619,3979,9.990862865747557e-09,8.052588728739936,7.157010555267334
676,train,0.15000000000000002,3.712317314814323,0.55,10.931780810858546,1.321928945125197,0.25,4.47916621421783,66.67650347847004,44.63951733909902,22.036986139371017,44.21430902750954,3790,9.991330746114407e-09,10.931780810858546,6.811304569244385
677,train,0.175,1.0140470760698579,0.35,7.028538634731677,0.3622773138104094,1.5500000000000003,3.382799645049591,68.59344174943409,43.324878751573195,25.268562997860897,39.8984082765163,4548,9.991357738395279e-09,7.02853863473168,8.574811935424805
678,test,0.175,8.24711468458176,2.15,14.537259940889026,2.213800846393519,2.0,2.094654272031579,71.78607286556607,61.15222931796079,10.63384354760528,60.72768496794234,3734,9.995324140293367e-09,14.537259940889028,7.540174961090088
679,train,0.25,4.836725320961421,1.5500000000000003,1.235563149539546,0.564093476221643,0.6000000000000001,2.005671879833542,28.25583297383905,26.388090229693535,1.867742744145513,26.374735477364837,2873,9.99937579117831e-09,1.2355631495395478,5.250348091125488
680,train,0.25,3.014485954217883,5.6,11.612024711866852,0.8203010401808428,0.275,4.63657985696956,53.00367462129722,45.00460953592824,7.999065085368983,44.52325651218999,2491,9.987394852642954e-09,11.612024711866848,4.6557228565216064
681,train,0.07500000000000001,6.527927891948429,3.7,6.7204107467815035,1.1798422024466861,1.25,5.153170888443555,41.16329773248239,34.75714738632386,6.406150346158533,33.91395176666609,2468,9.987082771369865e-09,6.720410746781507,4.125240802764893
682,train,0.07500000000000001,3.218910070070144,8.05,6.992394542143607,0.311198544977463,1.0,5.3651466669979575,31.926761450171213,29.451190211506162,2.475571238665051,29.02666362855835,2638,9.989585878114421e-09,6.992394542143612,4.5601420402526855
683,test,0.2,3.5676709269357914,3.5,4.84507399664539,1.386835447731041,0.7750000000000001,4.097509939624821,41.2198635258621,35.261035942092796,5.958827583769306,34.588846864586095,3255,9.991747195139728e-09,4.84507399664539,6.225248575210571
684,train,0.22500000000000003,2.5941039575645304,4.55,13.725622077698375,1.1768861339705816,1.65,7.005220842611633,74.87870231251182,58.20111365463833,16.677588657873493,53.49307811827532,4298,9.995415577268441e-09,13.725622077698377,8.246630668640137
685,train,0.07500000000000001,2.1488830427018315,5.25,2.031741649936761,0.30752113743074344,0.0,0.0,27.113919030552204,26.398257472042946,0.7156615585092574,26.398257472068753,2053,9.988983200783142e-09,2.0317416499367553,3.463325262069702
686,train,0.22500000000000003,7.5670923281992275,1.2000000000000002,4.849043687585343,0.805742683667381,0.575,1.587203564232773,36.770087388894645,30.51396499494308,6.256122393951564,30.502449665813028,2884,9.990518911520497e-09,4.8490436875853415,5.4255805015563965
687,test,0.07500000000000001,4.528094292526855,0.4,11.85594233741744,0.477319599991642,2.325,2.12437712501891,49.804838025646745,33.23520703250302,16.569630993143726,32.99824230240988,3089,9.987608911937648e-09,11.85594233741744,5.643505096435547
688,train,0.22500000000000003,8.90374617236546,1.4,9.823296929621836,0.316505815979208,1.0250000000000001,8.466309362669902,41.62906306634866,30.943912752430716,10.68515031391794,30.902574566825812,2688,9.997907154002517e-09,9.823296929621836,5.044089078903198
689,train,0.05,1.8682690426208852,4.3500000000000005,10.270980995621825,0.3911938535541897,0.475,4.452575271635543,38.67049724137484,32.4934477715,6.177049469874838,32.09198838118791,2716,9.995328518634023e-09,10.270980995621823,4.874095439910889
690,train,0.25,2.7128123601247363,0.6000000000000001,10.742302755195857,1.1523710767529398,1.175,2.5457732035429927,76.41606813368068,48.67920591569268,27.736862217988005,47.61889178352666,3308,9.997121999923551e-09,10.742302755195857,6.6100335121154785
691,test,0.175,4.791053947829107,1.05,6.088549476220274,0.42350199741299466,1.325,3.6146080838071337,40.407882893040025,30.811644274478596,9.59623861856143,29.995245465456733,3477,9.98798487061966e-09,6.088549476220271,6.4867658615112305
692,train,0.2,7.005802640683668,0.35,10.730537429338856,0.7429438823136824,0.475,2.909493056573011,55.7178406640764,36.450365560327086,19.267475103749312,36.375315983869484,2847,9.997414320079581e-09,10.730537429338856,5.446572542190552
693,test,0.22500000000000003,2.7676189435128276,0.6500000000000001,10.6879071294112,0.9078819188862264,1.0250000000000001,8.48937020312622,70.16260110368516,44.075293963748045,26.087307139937117,43.73078997469947,3624,9.99012620777205e-09,10.6879071294112,7.328554630279541
694,train,0.2,3.1537620611183486,0.7,3.518410505835389,2.2672746480442134,1.2249999999999999,8.32953901824344,43.090722260016285,35.42802805257239,7.662694207443899,35.319865916971345,2755,9.993290060394617e-09,3.518410505835389,5.58847713470459
695,train,0.22500000000000003,1.3233974313809158,3.1000000000000005,4.0339723737852475,0.39600320034098635,0.7250000000000001,9.091885226491094,40.76875521717596,33.84396612446612,6.924789092709837,33.583645377172715,3739,9.98937630968532e-09,4.03397237378525,7.157855987548828
696,train,0.22500000000000003,6.529835776822448,3.95,10.350934180819507,2.4975933402022763,0.7250000000000001,1.8552873537184993,60.46203890157309,54.869783370734325,5.592255530838763,54.746848211416264,3057,9.999431076601184e-09,10.350934180819507,6.571007251739502
697,train,0.1,1.8869573125077421,6.4,7.641349860759152,0.6583768882044124,0.95,6.960821602703986,39.616859586952444,35.165226283346655,4.451633303605789,34.322425815142424,4102,9.995852920456802e-09,7.641349860759149,7.730167627334595
698,train,0.125,5.7242226899366395,2.5500000000000003,12.02587587555586,0.5346023747452112,0.375,3.6890459533346287,42.65259958256415,34.682595671171285,7.970003911392865,34.435974851955976,2334,9.965284518300122e-09,12.025875875555856,4.518767595291138
699,train,0.1,5.3010279593454,2.5500000000000003,3.6300501547253075,2.165030041013498,0.0,0.0,35.87742704014436,33.65890153044395,2.218525509700413,33.65890153045809,2471,9.989521276223929e-09,3.630050154725309,4.369426012039185
700,train,0.1,9.634307423987584,1.8000000000000003,12.20940547943189,1.181142313118942,1.5500000000000003,6.615065522842118,48.59119688280246,41.73562260889266,6.855574273909795,41.074960793237665,4051,9.995636080451842e-09,12.209405479431886,6.798302412033081
701,train,0.175,1.689706018933088,3.85,4.330738413300631,2.869204675470866,0.475,8.416361472608806,46.97477694452635,42.15775163447779,4.817025310048557,42.0481876212015,2918,9.986355196582976e-09,4.330738413300631,5.720740795135498
702,train,0.15000000000000002,2.295634767265,3.5,3.2224801227266853,0.43270609194292003,0.5,2.4887505779058188,31.725919897208037,28.69202178074035,3.033898116467686,28.60204575731162,3251,9.984923419460731e-09,3.2224801227266884,6.150878429412842
703,test,0.1,1.0215012947092401,1.0,5.4555077646576455,0.32231243824965505,1.425,1.319614045459125,45.51675972623991,32.63932105642746,12.877438669812449,32.271812064780505,3440,9.982077749037036e-09,5.455507764657642,6.181579828262329
704,train,0.07500000000000001,7.461145890581989,2.15,6.76764613616783,0.8754335434351453,2.375,8.156785879063627,35.15079240116557,31.903664124523583,3.247128276641984,31.81922211478763,3009,9.991038805614487e-09,6.767646136167832,5.65504789352417
705,test,0.1,8.140742958648888,0.55,5.350363748870397,0.43425420199996806,0.625,6.247866284980957,34.30482056948319,28.2153937750454,6.089426794437792,28.150078982071562,2478,9.99925689183937e-09,5.350363748870395,4.069133758544922
706,train,0.15000000000000002,8.306095580891236,0.35,1.0962921544806628,2.1481588022257516,0.675,5.89053475761185,29.332511825811714,27.633950357570594,1.6985614682411203,27.587705250105962,4780,9.995864633379152e-09,1.0962921544806632,9.212980031967163
707,test,0.07500000000000001,1.6731855329617316,0.45000000000000007,7.596087891942119,0.6765643103265034,0.45000000000000007,6.555959540353909,49.881220294189184,33.972017626400095,15.909202667789089,33.7847065623823,3000,9.99440317277833e-09,7.596087891942116,5.057683229446411
708,train,0.1,1.4676961095087349,0.30000000000000004,7.154223254218742,1.7829753570020568,1.75,4.198424554945289,73.80817052508591,47.19719822213828,26.61097230294763,42.856812308022356,3898,9.988524686385371e-09,7.154223254218741,7.041653394699097
709,test,0.2,1.717692997817495,1.8000000000000003,3.8611197124887564,1.597165614649739,0.0,0.0,43.85508685848498,35.78482051336453,8.070266345120451,35.7848205135141,2444,9.973553933970722e-09,3.8611197124887573,4.816447734832764
710,train,0.05,3.2102937873743738,1.5,9.411891269698412,0.8214211014255781,2.575,7.8149173754320405,42.290310660100154,34.81889426561168,7.471416394488472,34.49506183210107,3459,9.993589505025967e-09,9.41189126969841,5.035780906677246
711,train,0.1,4.261049421872219,2.6000000000000005,9.52878157202328,0.8165925419616573,1.3000000000000003,0.8721269831045178,41.82999682744852,35.36949076067033,6.460506066778187,35.319129015933754,2978,9.98578445332326e-09,9.528781572023277,4.730305910110474
712,train,0.05,7.106271995898871,0.30000000000000004,8.347132104667853,1.2362577229531455,0.0,0.0,45.22980373478427,36.170839767999524,9.058963966784745,36.170839768013394,2436,9.972154116975231e-09,8.347132104667853,4.081001281738281
713,train,0.05,7.865581551845711,0.5,13.383209823133445,1.738247142219978,0.375,3.231239835542513,61.60489091294458,49.54496208417791,12.059928828766672,49.537872966539965,2645,9.985698386059792e-09,13.383209823133447,3.726783037185669
714,train,0.15000000000000002,1.7611026740102749,9.950000000000001,4.215132707354135,2.0312158730737773,0.0,0.0,37.30291491039256,37.285516987432814,0.01739792295974496,37.28551698750918,1502,9.96299579059685e-09,4.215132707354134,2.557734251022339
715,test,0.125,9.555306567114583,0.55,6.903639766970292,1.0856387129229346,0.0,0.0,41.722816968499565,33.61658979417222,8.106227174327344,33.61658979419035,2424,9.969163045776956e-09,6.903639766970294,3.981519937515259
716,test,0.15000000000000002,1.8822856559197654,1.9,8.694873349705457,1.2016054986830484,0.0,0.0,57.54792789622008,42.65212016203655,14.895807734183528,42.65212016221395,2416,9.985157761171813e-09,8.694873349705459,4.091707468032837
717,train,0.22500000000000003,1.4744116773222633,0.45000000000000007,5.228717631821926,0.41882771417171416,1.0250000000000001,6.1090869506315935,55.348330896643056,37.13093270540915,18.217398191233904,35.3347004623139,4220,9.999459327521095e-09,5.2287176318219215,6.319801330566406
718,train,0.05,1.8890616916339464,1.6,5.120521647687671,0.6618615932977273,1.0250000000000001,9.346718255742003,35.3281242462496,29.923654393413823,5.404469852835778,29.906534680535515,2433,9.964535377098386e-09,5.1205216476876725,1.3611268997192383
719,train,0.125,1.6723323392928868,1.5,3.093164352850745,0.6716151549898968,0.4,5.780972552480415,35.889385424703995,29.75451262992432,6.134872794779675,29.48738005742653,3183,9.99760679294343e-09,3.093164352850745,5.36646842956543
720,train,0.125,1.126106705189085,7.800000000000001,6.790443964100409,1.824096417811187,3.35,3.606627723952168,65.01596493634723,53.36075609682173,11.6552088395255,45.138978026495394,4061,9.97130779198031e-09,6.790443964100409,8.886744022369385
721,train,0.125,2.5836319688114964,4.1000000000000005,5.811342413931997,0.6941899565341318,1.175,6.671282503639057,38.608243298008,32.99188052809239,5.616362769915611,32.02981623353795,4188,9.990177758804372e-09,5.811342413931994,5.217036724090576
722,train,0.25,6.728591260428911,6.0,8.885585854584335,0.5911222813991032,0.0,0.0,36.32463488295215,33.83527341757431,2.48936146537784,33.83527341766383,2195,9.9889276533623e-09,8.885585854584335,4.346349239349365
723,train,0.175,4.115316590891715,5.25,7.307557277163233,0.4383564439854374,1.0250000000000001,8.021713940324558,34.58992926797179,31.91171793032181,2.67821133764998,31.542191383033938,3626,9.991349510687846e-09,7.30755727716323,7.8142008781433105
724,train,0.125,4.094019206013492,4.05,14.104665284687524,0.3924867016151976,1.325,7.313636270975081,43.40422009879595,36.48959618520561,6.91462391359034,35.28902611933868,3710,9.991839187711029e-09,14.104665284687528,6.562629222869873
725,train,0.07500000000000001,1.1318130824458204,1.6,9.716815437131112,0.608072124269222,1.15,5.465049266990873,66.8822320724157,41.21390425683928,25.668327815576426,37.65510637260523,3955,9.997600039588103e-09,9.71681543713111,7.290296316146851
726,train,0.175,2.7509441069184573,0.55,13.833731093194897,2.84250504943789,0.4,2.307239849104094,105.6927598000193,73.71292613641194,31.979833663607366,73.56078082704694,2871,9.98212684407343e-09,13.833731093194896,5.58057713508606
727,train,0.05,3.004361966009733,6.3,8.000507009126954,0.3408107746566854,0.0,0.0,30.458804057548782,29.3114902553038,1.1473138022449838,29.311490255342775,2040,9.951884544336065e-09,8.00050700912695,3.4447686672210693
728,test,0.22500000000000003,6.9625973042187255,2.5,8.881409953008081,0.6253034823567493,0.625,8.140103868621376,41.28611594192039,33.75194010144889,7.534175840471505,33.70489563672763,2697,9.996062795378491e-09,8.881409953008081,4.820831060409546
729,train,0.1,7.868709605416602,1.5,13.520049772730397,0.5674460041148254,0.32500000000000007,4.747813521343911,48.06588053365398,35.22806940806634,12.837811125587642,34.8182373132046,2422,9.963765357777696e-09,13.520049772730395,2.5894999504089355
730,train,0.175,1.1554822486730258,0.25,5.546529630171317,1.1658746227852161,0.575,9.629560290066166,59.19414962620777,40.220974092800795,18.973175533406973,40.04252361935487,3411,9.985295383010633e-09,5.546529630171317,4.749716520309448
731,test,0.07500000000000001,8.70011593602681,0.4,6.811503973358927,1.3364976169234657,0.7,7.2904208584387336,42.30915036008308,34.91362705259927,7.395523307483813,34.90644724738214,2704,9.9770969815186e-09,6.811503973358928,5.732118129730225
732,train,0.1,2.1469040005205025,3.5,9.759559063645252,2.062203262434216,0.0,0.0,57.59887830615342,49.98112310173127,7.617755204422153,49.98112310182887,2440,9.993710902518911e-09,9.759559063645252,4.647826910018921
733,train,0.07500000000000001,1.4941414632339654,0.30000000000000004,3.6895991394889585,0.3029730963295748,1.075,6.409184149048504,37.19245814525065,28.500371439074218,8.692086706176429,28.086719620434188,3478,9.987379930560448e-09,3.6895991394889536,5.61475682258606
734,train,0.15000000000000002,1.007413324388891,3.0,1.7600752284707761,2.2044065132186734,0.0,0.0,34.56549699445245,31.55634186823645,3.009155126216001,31.556341868713503,2447,9.988899577646063e-09,1.7600752284707761,4.439512729644775
735,train,0.125,3.392150584687584,6.800000000000001,9.014854061042922,1.2176935377602414,0.35,6.688046522821898,42.27182454464518,39.78754490425757,2.484279640387605,39.58475372771488,2632,9.993228505272705e-09,9.014854061042922,4.4704108238220215
736,train,0.07500000000000001,9.423686563553108,1.3000000000000003,5.823067923485656,1.6999293424866002,0.5,1.885499907212178,39.241878302458964,35.548532948866054,3.6933453535929104,35.546639865917456,2499,9.955691910458553e-09,5.823067923485652,4.130484342575073
737,train,0.22500000000000003,1.4798929476940652,1.35,3.3817416786191017,0.313935333737124,0.0,0.0,40.08723475643946,31.310269914696836,8.776964841742622,31.310269925386375,2143,9.993036272924496e-09,3.381741678619097,3.9615752696990967
738,train,0.125,1.1829362516504773,0.35,7.316638237469454,0.5274988741575596,3.125,4.345109834614961,90.96568051744347,50.57841514903289,40.38726536841058,36.82264956221125,5137,9.986197398844739e-09,7.316638237469457,9.503470182418823
739,train,0.25,2.810163052223233,1.0,1.5301256330037951,0.5888003967570374,0.0,0.0,30.837633768180986,27.310635308608795,3.526998459572191,27.310635308660576,2310,9.952948358636162e-09,1.530125633003792,3.604950428009033
740,train,0.15000000000000002,3.637990602987519,0.35,2.4410385331336903,0.907057815168389,0.375,0.2303218637853064,33.429494721211924,28.30120997581907,5.128284745392854,28.29794071285561,2699,9.988891369992349e-09,2.4410385331336903,3.716935873031616
741,test,0.05,1.5594607258559174,0.6000000000000001,12.203478210524146,2.46921897245624,0.7750000000000001,6.960139842684772,80.54633850882868,59.673947557956964,20.87239095087172,59.432227209205,2775,9.98169143183333e-09,12.203478210524143,4.113110542297363
742,train,0.175,1.5280592236116728,0.35,7.126566469170712,1.101411528355346,0.0,0.0,63.03793128052728,41.23661149433587,21.801319786191414,41.23661149462676,2419,9.969332582889807e-09,7.126566469170715,4.102977514266968
743,train,0.175,1.9645970763511336,0.75,4.658174814338296,0.866727389633482,1.0250000000000001,2.3205726461699148,45.06951051038753,33.63562488965187,11.433885620735659,33.3342291350444,3821,9.98887360983881e-09,4.658174814338297,6.042217493057251
744,test,0.15000000000000002,6.6354512514663835,1.4500000000000002,1.8699485778742808,0.5435540729878929,2.0,8.006533063179022,28.412567641000507,26.54065748218207,1.8719101588184373,26.49835093050397,3237,9.995658114779057e-09,1.8699485778742782,4.827294826507568
745,test,0.05,4.000256375034862,1.2000000000000002,6.97288996576231,0.46894434083506353,1.2750000000000001,1.9886919897165933,35.16416437445237,29.38287063537788,5.7812937390744885,29.362260855418747,2406,9.990936739593597e-09,6.972889965762312,2.7198524475097656
746,train,0.22500000000000003,2.335975068517328,0.30000000000000004,5.590332890916973,2.2231971110947746,0.9750000000000001,9.118467959162595,59.3913001526484,43.16575453726026,16.225545615388135,42.99002101215024,3507,9.992457635869057e-09,5.590332890916975,2.577967643737793
747,train,0.22500000000000003,7.503118564040881,5.25,13.035940905550884,0.7227642565293653,1.25,6.922235015227684,49.44917605177332,40.39533549509148,9.053840556681841,38.743873742987525,3702,9.991989834927171e-09,13.035940905550888,4.1040802001953125
748,test,0.2,5.387582229661384,8.55,5.237286513340014,2.9059128048993683,0.42500000000000004,1.2876406503372824,42.80502536942208,42.43250603475853,0.3725193346635507,42.32915196643708,3129,9.995537139159688e-09,5.237286513340012,6.349035739898682
749,train,0.07500000000000001,6.094834444813092,1.9500000000000002,5.299838111268404,1.2177878157229727,0.875,8.309310147496957,35.4478066889107,32.28108030015587,3.1667263887548316,32.27407819101373,2572,9.969782181748524e-09,5.2998381112684045,4.403124094009399
750,train,0.125,5.786311899388365,2.15,14.879572684398694,0.5230356857853342,0.32500000000000007,5.522638682534124,50.51611634097818,36.95986455633783,13.556251784640352,36.46812444664183,2327,9.977857518287039e-09,14.879572684398696,4.028710603713989
751,test,0.2,4.105435528708918,3.65,5.696242963289654,0.30858730568820686,3.975,3.7621598565847045,57.21226283798309,39.076696328130296,18.135566509852794,29.71314550642114,4851,9.996869956806407e-09,5.696242963289656,8.474164724349976
752,test,0.25,1.9132290119182607,1.2000000000000002,4.512781005335905,0.6669315766579312,0.6500000000000001,4.028151133727172,47.17048589973889,34.921490567692466,12.248995332046427,34.04943325765394,3611,9.985705570389768e-09,4.512781005335904,7.145315408706665
753,train,0.07500000000000001,1.0965571292473155,7.4,6.696403438807951,0.6386527267550686,0.0,0.0,35.67159543543763,34.0687937727412,1.6028016626964288,34.06879377288525,2124,9.977566612131473e-09,6.696403438807952,3.397901773452759
754,train,0.22500000000000003,7.3084444489343285,0.30000000000000004,3.033814543124497,0.4202532528008788,3.225,4.578380686868828,48.02861715128098,31.88959798558921,16.139019165691774,27.305040622885222,4330,9.9958348751464e-09,3.0338145431245,8.289929151535034
755,train,0.175,2.2070209118914947,4.2,11.395966864579119,0.5295139353097897,0.0,0.0,50.33907933962025,40.43133195185967,9.90774738776058,40.43133195219562,2235,9.978777468926508e-09,11.395966864579123,4.269737243652344
756,train,0.125,5.964903090216542,3.2500000000000004,10.321951888986874,2.0255819338385366,0.6500000000000001,0.7208738631957956,53.63630147683706,48.411589620898866,5.224711855938196,48.39788050523428,3079,9.994091055971574e-09,10.321951888986876,5.811983108520508
757,train,0.125,7.391724569065096,2.15,5.173712086371706,0.3519960469146268,2.0,6.329429216920181,36.46459190767053,29.194015792526915,7.270576115143616,27.85987669093385,3814,9.99380273770621e-09,5.17371208637171,6.912428855895996
758,train,0.2,8.188720700219676,4.0,10.208588530175584,1.3429664960315566,3.2750000000000004,5.643161636118864,79.14358503135381,52.155706741972956,26.987878289380852,41.526393614592486,3999,9.990445606829632e-09,10.208588530175582,7.061771392822266
759,train,0.07500000000000001,2.6101737092522868,0.95,12.467103775130115,1.3235080725222084,0.0,0.0,63.18050888815119,45.477366773176335,17.703142114974852,45.47736677325444,2444,9.958608694655623e-09,12.467103775130113,4.417459487915039
760,train,0.22500000000000003,7.946683112015382,6.550000000000001,14.325654281764564,0.8034747294159795,2.475,3.613119216432403,64.77545848892126,47.01481496816112,17.76064352076014,41.02006966368579,4602,9.99380304753785e-09,14.32565428176456,8.579499959945679
761,train,0.07500000000000001,1.3974546117180182,9.9,1.4230688525188986,1.1870176413030193,1.65,2.9594916621418994,28.501022630071585,27.772868755822056,0.7281538742495286,27.4980185881683,4341,9.999523861526664e-09,1.423068852518898,7.504528760910034
762,train,0.2,1.6458852881457724,5.3,4.067633437184884,1.4922008525962287,0.42500000000000004,2.491220619082171,39.533817255443,36.39324670744894,3.1405705479940593,36.14132540537747,2653,9.998425878499423e-09,4.067633437184883,4.873052358627319
763,train,0.2,6.01317355360852,0.35,3.6706533345332977,0.8563516934927086,1.175,4.00875701043759,37.82091527281624,30.05994514966622,7.760970123150017,29.480478132356584,4382,9.985858826891796e-09,3.6706533345332977,8.232320547103882
764,test,0.22500000000000003,2.9087828851275805,1.25,6.763020436428129,0.6156038501010591,1.675,1.1774563478711604,48.39042149759825,35.0380901112882,13.352331386310048,34.608831261492014,3971,9.99459440809607e-09,6.763020436428132,7.5363547801971436
765,test,0.25,4.806364747490435,0.55,6.378912044862901,0.42039759927628545,1.9,3.822710166056554,50.95386395329597,33.97591320723355,16.97795074606242,31.201628648431935,3930,9.989769339722498e-09,6.378912044862901,7.633782863616943
766,train,0.07500000000000001,1.684634079020271,5.1000000000000005,4.747082290837934,1.7857631124400337,0.42500000000000004,7.1764794584326514,37.93926844097945,35.891478775422165,2.047789665557282,35.740892313804096,2389,9.978930481065213e-09,4.747082290837934,4.298171758651733
767,train,0.07500000000000001,2.9413386482773927,0.30000000000000004,14.43919387082158,0.4215748554678848,0.7250000000000001,4.901962315621782,76.89696645424067,37.885028337294806,39.01193811694586,35.22623362996217,2397,9.99604022908463e-09,14.439193870821585,4.067845582962036
768,train,0.2,1.0141221761313097,7.800000000000001,10.043852442842157,2.6777506528657864,3.2750000000000004,5.679228705042435,107.32087168961614,88.57916202901028,18.741709660605864,72.02096096282358,5533,9.988889179495985e-09,10.043852442842155,10.756463527679443
769,test,0.22500000000000003,2.2767166460846204,1.3000000000000003,10.212452345377582,0.8017761151105953,0.32500000000000007,8.1926208289288,66.3389682267697,43.73547512999103,22.603493096778664,43.60410670653234,2960,9.991408094283827e-09,10.212452345377585,5.911975383758545
770,test,0.15000000000000002,8.789164836397324,0.45000000000000007,2.8082987454335697,1.945348279927848,1.9500000000000002,8.707270234432873,34.93326051279455,31.053433999996738,3.879826512797809,31.03132599959395,3810,9.990868372223159e-09,2.808298745433569,6.849611043930054
771,train,0.07500000000000001,1.8644022942551162,5.3,5.928567420607892,1.0339984322703233,0.25,5.726006387006787,36.610749244422436,33.825795019301474,2.7849542251209627,33.70277410957405,2521,9.987261213000666e-09,5.928567420607893,4.714521884918213
772,train,0.15000000000000002,1.4946943179944956,7.75,8.425593551859054,0.4522382145738625,0.42500000000000004,0.8208318099278461,39.77168770277624,37.8186843505241,1.9530033522521393,37.53268753438556,3592,9.989461311473504e-09,8.425593551859052,6.4747843742370605
773,train,0.2,4.845239425725477,0.4,2.4870442772700945,1.6484083960328446,0.0,0.0,35.30770183227975,30.205014003336508,5.102687828943239,30.20501400335943,2463,9.951169555193481e-09,2.487044277270095,4.378462314605713
774,train,0.1,6.2538686950996,0.4,8.257329061877563,0.3747544043808656,0.30000000000000004,9.311464306330649,41.14128618320281,29.67813113714772,11.463155046055089,29.676307882849905,2284,9.994983695120262e-09,8.257329061877565,3.205876350402832
775,test,0.22500000000000003,1.613357957115235,3.1000000000000005,2.7960799412795407,0.4860911375379272,1.2249999999999999,9.377524934437018,34.931797625133726,30.651318793131672,4.2804788320020535,30.347124348657033,4185,9.98221995970713e-09,2.796079941279538,7.226293325424194
776,train,0.2,1.000724240120737,0.9000000000000001,6.126189149233879,2.2959291963331547,2.875,2.4576485972130904,76.3643795824917,57.73790550215419,18.626474080337502,51.50280357625309,5643,9.99096627141546e-09,6.126189149233879,5.812265396118164
777,train,0.05,2.582883602633564,3.9000000000000004,5.37655494897938,1.3815267016798953,0.625,8.379027962642036,35.71105639814722,33.65334931576816,2.0577070823790606,33.638916529931095,2475,9.9978902716511e-09,5.37655494897938,1.2691991329193115
778,test,0.125,9.211367022094723,0.75,1.329393537525883,0.5395381500652218,0.0,0.0,27.36394449525825,25.939757219915062,1.4241872753431863,25.93975721991956,2297,9.96487849890399e-09,1.3293935375258805,2.068629741668701
779,train,0.1,3.2123803909526867,0.4,9.764684281435736,2.2491598655790415,0.4,4.040239959530365,68.89667699716131,50.61050839394416,18.28616860321715,50.311254601327406,3585,9.988686685290803e-09,9.764684281435734,5.598350763320923
780,train,0.22500000000000003,3.903801027851251,0.35,8.520620160578467,0.8814681734937642,0.35,9.642730178735652,57.98821630557547,37.71154422452361,20.276672081051863,37.69143120031959,2916,9.993186285799149e-09,8.520620160578463,5.432575464248657
781,train,0.22500000000000003,1.4998344331369766,0.5,3.038157689431302,1.1151012263007176,0.5,4.329522138704517,43.95995866578137,33.60421189107118,10.355746774710191,33.041801299924984,3245,9.99063847872169e-09,3.0381576894313,6.115541219711304
782,train,0.15000000000000002,1.9129364015723158,7.3,5.288847320487881,0.47347852449052286,2.375,3.8039243894314247,41.8752072110173,34.912965076444316,6.962242134572982,31.818805019237058,4713,9.99774446642751e-09,5.288847320487882,8.276345252990723
783,train,0.2,6.9411567354968415,1.7000000000000002,5.854534975654879,2.0736375293400164,0.575,6.005445006306403,45.861717087554915,39.32875003462851,6.532967052926402,39.01248175434614,4856,9.987662542404856e-09,5.854534975654883,3.459524631500244
784,test,0.15000000000000002,1.0024251923687961,8.700000000000001,8.694807065019713,1.190018892956378,1.15,3.1419234262463025,56.05029325886383,50.89878735489233,5.151505903971504,48.63297748589479,4489,9.994556541125032e-09,8.69480706501971,2.916306734085083
785,train,0.125,9.366473848798808,2.5,10.39289904775546,0.8548974310498011,0.30000000000000004,3.547232906708496,40.86284320685508,35.6778496152192,5.18499359163588,35.60095243858282,3234,9.987517976873737e-09,10.392899047755467,2.0219976902008057
786,test,0.175,4.592913521013841,6.4,5.238568015439132,0.6456599975535617,0.375,9.133335231772854,31.827898668074738,30.571862534996583,1.2560361330781546,30.54423021194723,2804,9.985366074109563e-09,5.23856801543913,1.6003248691558838
787,train,0.07500000000000001,2.3112492382212517,0.35,3.445576068888981,2.569610692300581,1.575,2.103192008309884,41.72128447714654,35.158515277245606,6.562769199900934,35.08098788773195,2710,9.994652294154645e-09,3.4455760688889807,1.807326316833496
788,train,0.2,7.572481463379213,0.45000000000000007,1.2625082143079083,0.9513809350627158,0.625,1.514021287303536,28.673376411675722,26.576938792870177,2.0964376188055454,26.574552038641762,2971,9.991004440620272e-09,1.2625082143079092,1.8711423873901367
789,train,0.07500000000000001,9.59910693014981,3.0500000000000003,12.90966884727419,1.6953506106941174,0.7250000000000001,3.3707534369637546,52.488380168861,48.54765709924966,3.9407230696113373,48.30388285683424,3663,9.987746158444964e-09,12.909668847274194,2.0335655212402344
790,train,0.25,5.208504073785301,8.35,8.961237449876513,0.5912108020855255,1.3750000000000002,4.36804452135087,41.480192760215836,36.31004701269908,5.170145747516756,34.88300587121489,3664,9.997693820245564e-09,8.961237449876517,2.5319535732269287
791,train,0.2,6.182058684221589,2.15,1.1321001867871077,1.1141948402697428,3.15,4.408993464599692,32.31355101833784,28.12005928239145,4.193491735946392,26.663483484507058,2502,9.981664545010987e-09,1.1321001867871083,1.5749926567077637
792,test,0.07500000000000001,2.985365094931405,1.8000000000000003,1.9422569893659505,2.3681266338459728,1.15,5.500516314130369,34.18942112323388,30.589447703469364,3.5999734197645132,30.148959899205007,3876,9.995801313036295e-09,1.942256989365951,2.146420478820801
793,train,0.175,1.1417106072143313,2.2500000000000004,7.008125058308274,1.535199728611833,0.0,0.0,61.39122049569474,46.72276368304032,14.66845681265442,46.72276368638339,2437,9.97963797288356e-09,7.008125058308277,1.438361644744873
794,train,0.15000000000000002,1.9359486060269642,2.7500000000000004,9.779763654369722,0.5057812662266763,2.5250000000000004,5.7892975358709355,78.59286817783648,48.0901873252858,30.502680852550682,37.83361113587232,4810,9.987967173464697e-09,9.77976365436972,2.807067632675171
795,train,0.2,1.1714892345355712,1.3000000000000003,5.364800422890838,1.3145191993752323,0.25,6.050031216830014,56.76167748961469,41.785276816488455,14.976400673126236,41.380959558519436,2571,9.974277302777742e-09,5.364800422890838,1.5873806476593018
796,train,0.125,5.87124268903968,0.30000000000000004,5.251217839538166,0.791397757415641,0.0,0.0,39.13223664204049,30.440085983532395,8.692150658508094,30.440085983558802,2371,9.987692065476721e-09,5.251217839538164,1.266571283340454
797,train,0.2,2.634716378249659,0.35,2.585041962098722,1.398994533666035,1.8000000000000003,1.2944899297366776,37.545388992027924,30.84311276245423,6.702276229573695,30.660611636028005,3939,9.997748480852149e-09,2.585041962098723,2.7405614852905273
798,train,0.07500000000000001,2.4629106890746026,4.75,11.975322122877866,0.7123294456123875,0.475,5.765875114618502,44.82257989563975,38.0327589387822,6.789820956857547,37.5562911466144,2936,9.990369169313069e-09,11.975322122877868,1.7328009605407715
799,train,0.175,1.205770609944349,1.25,3.558187541533528,2.2935194992693764,1.2750000000000001,3.7818317313793415,50.332785292536016,39.96166515564791,10.37112013688811,38.43763817495244,4684,9.991293860178853e-09,3.5581875415335293,3.2493958473205566
