idx,split,tim_mm,tim_k,spot_mm,q_w,r_sink,t_max,t_die_mean,t_top_max,penalty,t_1d,iters,residual,q_out,seconds
0,train,0.05,2.747125117426749,5.95,10.763152406831095,0.372647835160326,33.174969696999504,31.301714056829134,29.463669901039907,1.8732556401703704,31.310683350556367,2086,9.946828967599793e-09,10.763152406831093,1.0991830825805664
1,train,0.2,9.454147019347436,4.15,12.004900273877354,0.4029349020258865,37.132281524845084,32.746949566764904,30.626238345756924,4.3853319580801795,32.756953650392376,2172,9.963533776771132e-09,12.004900273877356,1.0474653244018555
2,test,0.22500000000000003,2.348540339649495,7.65,10.014111681129304,1.9947242524776503,57.53323227240533,54.87809825253908,45.16283898391892,2.655134019866246,54.88644334584707,2241,9.998097534088521e-09,10.014111681129304,1.1011767387390137
3,train,0.15000000000000002,2.7759663595175303,0.6000000000000001,8.764187018221687,0.34748695934552737,51.60075457483597,33.05141901963532,28.781694049955217,18.54933555520065,33.05872250898946,2173,9.947742752818253e-09,8.764187018221683,1.3968358039855957
4,train,0.22500000000000003,4.282174876280268,4.1000000000000005,5.963363553818157,2.8042664691319525,49.164885080433194,45.040084417433626,42.11088990545802,4.124800662999569,45.045053887129534,2443,9.9993135844741e-09,5.963363553818157,1.1751220226287842
5,train,0.22500000000000003,7.818458248486394,4.4,3.724941909927546,0.8787033020935759,31.009174308250667,29.459936861062193,28.515036670358835,1.5492374471884744,29.46304097934613,2327,9.976228995798303e-09,3.724941909927547,1.3877089023590088
6,train,0.15000000000000002,1.4265581920717942,3.1000000000000005,11.42667018270944,2.783754852955395,85.25471633749089,69.17630683171588,57.52137810007964,16.078409505775014,69.18582905715331,2463,9.956984018554028e-09,11.42667018270944,1.257129192352295
7,train,0.05,2.117509454710026,1.0,7.573781357861311,0.4640797449765964,40.020731048894554,30.53673358572647,29.297937731285995,9.483997463168084,30.543045070239035,2253,9.98105884875572e-09,7.573781357861309,0.9755728244781494
8,train,0.15000000000000002,2.9902322853456824,0.6000000000000001,10.377395925555145,0.8208677122336988,60.38135013464268,39.04408601437219,34.49315930684532,21.33726412027049,39.0527338444469,2375,9.96349277843132e-09,10.377395925555144,1.425964593887329
9,train,0.07500000000000001,6.802651084037404,3.3,5.373132979348575,2.0388301915509084,38.52610466797046,36.71297134878794,36.45681695129075,1.8131333191825192,36.71744895961696,2448,9.972033368890223e-09,5.373132979348576,1.147963047027588
10,test,0.125,2.440497566986986,0.7,10.554937055649656,0.4138793309168114,56.26007920090211,35.10005409801312,30.2891061925217,21.160025102888994,35.10884987907519,2224,9.980164389813139e-09,10.55493705564966,1.1336331367492676
11,train,0.22500000000000003,1.58455822643396,0.25,12.016941285029937,1.3866667797107013,99.23742291838994,59.09752105185855,42.45943086230056,40.13990186653139,59.10753517165902,2444,9.956582391401585e-09,12.016941285029938,1.2543604373931885
12,train,0.15000000000000002,6.03571925764201,1.35,8.962376743340513,0.41392175508766127,41.16098881721199,31.213397058190978,29.587523361422694,9.947591759021009,31.220865705535893,2224,9.958748769702246e-09,8.962376743340513,1.1797852516174316
13,train,0.2,1.3017574550948767,2.9499999999999997,7.595346886003855,1.1024460892233359,58.57637592004304,45.27702369139988,33.76822058086599,13.299352228643158,45.28335315216199,2390,9.988358259296419e-09,7.595346886003856,1.3761951923370361
14,train,0.05,4.312392876786837,1.9500000000000002,8.82890025043579,0.6040478637831737,36.68381699903045,31.628968796973087,31.272669126037364,5.054848202057361,31.636326213874085,2312,9.955005323068855e-09,8.82890025043579,1.0500881671905518
15,train,0.2,1.073539020435079,1.25,4.004185419473409,0.7685106643786344,47.07690987787743,35.660507047163954,28.293239945407173,11.41640283071348,35.66384392117318,2359,9.977091224416459e-09,4.004185419473411,1.30894136428833
16,train,0.25,1.7137185031442421,0.30000000000000004,4.939374488307951,0.5898139125461955,51.64112334931933,35.27124778403535,28.217137450500964,16.369875565283976,35.27536393251906,2311,9.991369415552501e-09,4.939374488307948,1.2748682498931885
17,train,0.22500000000000003,4.591097487934229,1.9500000000000002,11.974574927489789,1.3849522336510944,63.43061502617107,47.82191684399526,42.64167238607962,15.608698182175807,47.83189565656323,2439,9.96823539054805e-09,11.97457492748979,1.4565608501434326
18,train,0.125,6.5165898053958085,0.45000000000000007,1.3179690238740467,0.36912130746549865,27.675868691701318,25.779938166831208,25.625952905691765,1.89593052487011,25.781036474356867,2194,9.971510224549782e-09,1.317969023874042,1.1253886222839355
19,train,0.125,5.276662905689198,1.35,3.257804906470425,0.9509682772483414,32.519150792553965,28.970266500001134,28.445618037259784,3.548884292552831,28.972981337439943,2399,9.991797514507907e-09,3.257804906470426,1.0986354351043701
20,train,0.25,4.969587882290162,1.3000000000000003,6.334297165350755,0.6006664065692984,42.44271692457241,32.186637422555464,29.358234920587616,10.256079502016945,32.19191600361604,2313,9.981833735692161e-09,6.334297165350755,1.3152189254760742
21,test,0.07500000000000001,4.268571821620996,0.95,2.227098870425414,0.3936653196341344,28.785998836919212,26.336707966933048,26.112988568568753,2.4492908699861644,26.33856388266903,2211,9.959943971477371e-09,2.2270988704254107,0.967120885848999
22,train,0.125,8.101784566026197,3.3,4.722179460433274,2.7944582921452565,41.01015166744093,39.070104965369374,38.62752949677248,1.9400467020715553,39.07404011493409,2468,9.959594844771607e-09,4.7221794604332725,1.1334857940673828
23,train,0.25,6.008290242468465,3.5,7.291061030013042,0.5615168803338831,37.56848051441419,32.35261190042529,29.60123088018645,5.215868613988903,32.35868778469939,2267,9.976829183771485e-09,7.291061030013042,1.3880774974822998
24,train,0.05,7.991023292122631,1.35,3.8330871071332244,0.6068451409568811,29.757906721449146,27.684114200893514,27.780931203630672,2.0737925205556316,27.68730844015612,2319,9.9925434172705e-09,3.8330871071332258,1.0620148181915283
25,train,0.05,3.795068060779586,0.5,12.992599977293256,1.7204449647727968,65.15210966356416,49.465432680241065,48.97732548021311,15.686676983323096,49.47625984692756,2468,9.966712960010155e-09,12.992599977293253,1.2777955532073975
26,train,0.15000000000000002,2.704537700568954,2.5500000000000003,9.177371564778298,1.3395775367160805,53.34586634131083,42.666755127641444,38.031925721716476,10.679111213669387,42.67440293739068,2426,9.971295888136378e-09,9.177371564778294,1.1203851699829102
27,train,0.2,1.214630888355025,1.15,1.5825984340664947,0.9356470959347375,33.567895032528035,29.13544237224465,26.57359088483208,4.432452660283385,29.136761207426684,2391,9.963304212377825e-09,1.5825984340664963,1.129836082458496
28,train,0.07500000000000001,1.3948393437351905,0.35,9.227024010487968,0.4443387851004989,55.70472706375328,34.34576151903274,29.911323596239804,21.35896554472054,34.35345070586381,2247,9.982009814514316e-09,9.227024010487968,1.1081523895263672
29,test,0.1,8.41627889241259,2.15,5.856177263487719,1.1695983480172458,35.872479977593656,32.72575621366878,32.48222401155385,3.146723763924875,32.73063636140395,2420,9.977174027176226e-09,5.856177263487719,1.1106152534484863
30,train,0.1,9.089902255505235,1.5,11.958293181504008,0.36295372224923916,39.00512789756913,31.02457901220173,30.60229173472521,7.980548885367401,31.03454425655622,2181,9.962969572806818e-09,11.958293181504008,1.0470833778381348
31,train,0.05,3.0666084698049927,1.5500000000000003,14.129570369649759,1.119049524669886,55.18590654910225,43.55112877769863,42.39375622251504,11.63477777140362,43.562903419727206,2420,9.969134224730286e-09,14.129570369649759,1.3273231983184814
32,train,0.15000000000000002,1.8491649929332197,0.8500000000000001,8.28941363460153,0.8242001989570679,58.0645018464363,38.811907804574105,32.49697931686657,19.252594041862196,38.8188156494723,2377,9.972330118375034e-09,8.28941363460153,1.2578094005584717
33,train,0.15000000000000002,1.0510226609249051,5.25,13.546250805756735,0.4143528627521109,62.28985730164174,50.36356114002032,31.050075241005324,11.926296161621416,50.374849694208024,2146,9.962256249946961e-09,13.546250805756738,1.2312753200531006
34,train,0.1,1.2840316865981996,3.0,4.937272973746117,1.3694427760594572,41.85119878066227,35.75867867294583,32.10122070389459,6.092520107716446,35.76279306719415,2413,9.990740606634291e-09,4.937272973746117,1.3982195854187012
35,train,0.15000000000000002,5.333282816091307,4.25,2.508373243382552,2.4724817796686085,33.07598056376087,31.984735306254617,31.38004480182392,1.0912452575062552,31.986825617304273,2440,9.983872113091024e-09,2.508373243382552,1.6634528636932373
36,train,0.25,1.0899650092737543,1.9500000000000002,6.192911974074143,2.027267218901287,68.0333058071424,51.95001748154742,37.851391457345954,16.083288325594978,51.95517884297723,2460,9.973559622952941e-09,6.1929119740741445,1.5895898342132568
37,test,0.1,6.43059964292407,0.8,14.340591530976429,0.5861909279023584,52.001208477687314,36.07854799521706,35.03149301540781,15.922660482470256,36.09049848821503,2311,9.996529515502919e-09,14.340591530976432,1.3490424156188965
38,train,0.175,1.802872816622875,7.9,3.304509446148254,0.3326839690243641,30.174985299363726,29.408844520063898,26.145675720279623,0.7661407792998283,29.411598278153125,1933,9.993352381624876e-09,3.304509446148251,1.0619642734527588
39,train,0.15000000000000002,2.723309869643026,9.700000000000001,13.483481727568796,1.6816254606776362,55.7666027069326,55.51661316750265,47.709301834422526,0.24998953942995428,55.52784940244321,1813,9.963469445140603e-09,13.483481727568794,0.9531764984130859
40,train,0.22500000000000003,7.824320643646418,1.7000000000000002,5.423006725631102,1.7747357053719293,42.067317400546614,36.351079438677814,35.17760057985628,5.716237961868799,36.35559861098183,2462,9.970321206561869e-09,5.423006725631099,1.6455910205841064
41,train,0.25,4.588399916292541,1.0,2.322533352861214,1.674599148601682,34.53592565337985,30.226361334062545,29.104661517285106,4.309564319317303,30.228296778555293,2460,9.994116554968945e-09,2.322533352861213,1.3422338962554932
42,test,0.125,8.645958577929642,0.6000000000000001,2.7186110537608044,2.0334520074085654,34.22658712631027,31.005035452273987,30.862877196906386,3.2215516740362844,31.00730096149287,2482,9.964180503365764e-09,2.718611053760804,1.1243083477020264
43,test,0.1,1.4232602383284312,0.5,9.391359081291808,2.2474151055300378,75.94274978979927,52.99433258304293,46.947209037163425,22.948417206756332,53.00215871575206,2483,9.980889322736098e-09,9.391359081291807,0.9904606342315674
44,test,0.05,2.04326018727926,4.4,14.605569964853544,0.9503037453645223,48.39122260392854,42.904150952331754,39.86616309438173,5.487071651596786,42.91632226071924,2337,9.989464466674956e-09,14.605569964853547,0.9977843761444092
45,train,0.07500000000000001,1.3928280440620502,0.25,4.215184419983974,0.4063904302024625,39.254954265178576,29.112740902315927,27.07997507758283,10.142213362862648,29.11625355607467,2223,9.945531347281063e-09,4.215184419983974,1.0291013717651367
46,train,0.05,1.323830871769267,1.6,10.719674099000411,1.1435044629481712,55.38712743357079,41.637250938894304,38.300428249066755,13.749876494676485,41.64618400073624,2416,9.965007300182915e-09,10.719674099000414,0.9500153064727783
47,train,0.2,1.5840746779567005,4.8500000000000005,11.015699814621223,1.644770312898252,67.65645213793685,57.366002963992905,43.57721313922158,10.290449173943948,57.37518271442687,2383,9.95477375198174e-09,11.015699814621218,1.109267234802246
48,train,0.22500000000000003,1.3297004130129588,7.65,6.566094713549169,0.5998876850480628,42.70534867409877,40.251931554867454,29.030053337879803,2.453417119231318,40.25740334723973,2097,9.949298775027425e-09,6.566094713549168,1.057469129562378
49,train,0.07500000000000001,3.080236376018237,2.9000000000000004,14.37872559865758,0.5801863161048612,46.27733057870382,37.28672823692858,34.57169403156224,8.990602341775237,37.29871050835142,2285,9.978509234941196e-09,14.378725598657581,0.8830618858337402
50,train,0.25,1.0589110770320274,1.9500000000000002,9.875651563535191,0.3828411908607983,78.27127520777434,52.40088446205229,29.190464742474624,25.870390745722048,52.4091179849448,2207,9.996696126460584e-09,9.875651563535193,1.0330288410186768
51,train,0.25,1.3814640797744036,1.15,14.527246770004544,1.1834878615770348,110.85200821326337,68.9303282521377,43.012569371021364,41.921679961125676,68.94243438808286,2420,9.99308093127555e-09,14.527246770004545,1.2325689792633057
52,test,0.07500000000000001,6.373249427182594,1.4,11.986688289530624,0.3125777341578408,39.20761432428203,30.526947389871637,29.99083529432285,8.68066693441039,30.536936296821402,2132,9.963866693370016e-09,11.986688289530619,0.9413607120513916
53,train,0.25,1.2857128864229028,5.3500000000000005,12.155439236552265,0.5125804012168228,67.32708443429836,55.24103416654485,31.56870054293388,12.086050267753507,55.2511641801433,2195,9.95016158012483e-09,12.155439236552269,1.4721617698669434
54,train,0.125,4.0366009743486355,6.15,9.44350020274216,0.7756982720232147,37.74681469862966,35.54081681045706,32.70971643812742,2.205997888172604,35.54868639402997,2242,9.970372171965078e-09,9.443500202742154,1.2196636199951172
55,train,0.15000000000000002,2.3669225290116964,1.2000000000000002,10.127034358119639,2.2111178290622133,73.19922773917365,54.12216551458161,48.297742754154164,19.07706222459204,54.13060471002042,2479,9.981214708294356e-09,10.12703435811964,1.3157033920288086
56,train,0.1,1.7694551655124113,0.6000000000000001,11.444199923408249,1.9664821931258158,79.1512047761319,54.325318712865446,48.59306808262219,24.82588606326646,54.33485554628345,2475,9.949679543066916e-09,11.444199923408247,1.1227543354034424
57,train,0.15000000000000002,1.2743187693730755,0.30000000000000004,9.322071292590325,0.42004372278527236,69.15923982634285,40.17611361828649,29.52902757755754,28.983126208056362,40.18388201198918,2230,9.984254914224562e-09,9.322071292590326,0.9586913585662842
58,train,0.07500000000000001,2.043311945337325,0.45000000000000007,13.893586614824303,0.4391905404580051,63.16935359103522,36.629974350461616,32.442711638618874,26.539379240573602,36.641552339451806,2244,9.957451653841363e-09,13.893586614824304,0.9841346740722656
59,train,0.22500000000000003,1.9262829576781848,0.45000000000000007,2.6168608913149694,0.31497005846597237,36.70926826766276,28.96155078817081,25.988396266602805,7.747717479491946,28.963731505967665,2147,9.959531144425486e-09,2.6168608913149685,1.0146598815917969
60,train,0.2,1.4950009579257393,0.30000000000000004,9.276013425553597,1.4382546324752812,81.04891810442295,51.036654251122016,38.974884674537236,30.012263853300936,51.044384263105684,2443,9.959300640845944e-09,9.276013425553597,1.019573450088501
61,train,0.05,2.475314904453894,0.8,8.063367318311222,2.2497082293417767,55.26014899082947,45.017600165772066,44.09082015890564,10.242548825057405,45.02431963857523,2486,9.99398966153998e-09,8.063367318311222,0.9822416305541992
62,test,0.22500000000000003,1.1052869999499884,0.5,4.314428195461544,0.5327320563054714,51.214516094104816,36.21421581379701,27.518869395617894,15.000300280307805,36.21781141991731,2289,9.989865182696888e-09,4.3144281954615415,1.2034335136413574
63,train,0.22500000000000003,3.725912500966024,1.15,1.6895576789863158,0.7091455682975121,30.41031139687396,27.270525294221656,26.34235342297916,3.1397861026523053,27.271933258981484,2350,9.989868785685635e-09,1.6895576789863154,1.0483589172363281
64,train,0.25,1.2637812360523226,5.4,1.7274661305114596,2.523266510978177,34.53567059353501,32.82937798296136,29.410879619728846,1.706292610573648,32.83081757038551,2379,9.987066246943097e-09,1.7274661305114596,1.2033021450042725
65,train,0.15000000000000002,1.2563572248805581,5.6,13.637144014986639,2.8621469995080093,90.44946678761305,80.7337567638832,64.52674213977481,9.71571002372984,80.74512105103409,2383,9.976116819889525e-09,13.637144014986639,1.0068769454956055
66,train,0.1,6.018351386208309,2.65,11.905948964093806,0.4089530609190895,38.58565545582091,32.21434851354577,30.931715350674516,6.37130694227514,32.22427013773697,2205,9.980822821170535e-09,11.90594896409381,0.8604512214660645
67,train,0.22500000000000003,3.4361177340886617,1.65,13.006010017715806,0.8708044110995486,66.85353797147825,45.24315885619628,37.38769225036049,21.610379115281965,45.253997198109076,2381,9.975098881189165e-09,13.006010017715806,1.1530427932739258
68,train,0.22500000000000003,4.360770903135025,0.6500000000000001,2.9567577533553964,0.901568083364451,35.2951064423917,29.282465134225436,27.940562618934386,6.012641308166263,29.28492909905529,2394,9.981384036230703e-09,2.956757753355398,1.0404009819030762
69,train,0.125,2.6114960218007925,0.6000000000000001,6.145165341611792,0.6974510052168872,44.819393629421015,32.41682854850701,29.864224634217123,12.402565080914002,32.42194951970003,2346,9.97472020901086e-09,6.1451653416117935,1.0031015872955322
70,train,0.2,2.395874579997042,3.15,5.156270643997994,2.6667308276687023,49.52699021306488,43.21366185025307,39.095853609672865,6.313328362811809,43.217958742548866,2467,9.98665280918823e-09,5.156270643997993,1.1958646774291992
71,train,0.1,8.247987983238287,1.4500000000000002,5.597056870065643,1.0293333513596457,35.68539439741717,31.612409858428535,31.408795491229657,4.072984538988635,31.61707407250238,2411,9.974390176453327e-09,5.59705687006564,0.918006420135498
72,train,0.25,4.493526844851445,4.8500000000000005,8.458111864920362,1.2883648985921006,45.60919377816503,40.86364633279382,36.34768660635534,4.7455474453712085,40.87069475944962,2365,9.955222285651714e-09,8.458111864920362,1.0879240036010742
73,train,0.22500000000000003,1.9415814505253282,3.7500000000000004,3.833664303760057,1.4856598392051927,39.97414407393375,35.2563643352586,30.89853909624094,4.717779738675148,35.25955905566016,2408,9.950797273513155e-09,3.8336643037600573,1.318791151046753
74,test,0.15000000000000002,1.3555103478670856,2.4000000000000004,2.3313404752190845,1.5952798622720825,35.437805321482536,31.37087154915779,28.871888583021622,4.066933772324745,31.372814332961255,2436,9.982816490403307e-09,2.3313404752190845,1.0158390998840332
75,train,0.22500000000000003,1.2147676526544768,7.9,2.9237110205292303,2.728987212330508,39.48522256858746,38.48423296648193,33.016152669701064,1.000989602105527,38.486669421178526,2220,9.995009530738582e-09,2.9237110205292307,0.9438567161560059
76,train,0.07500000000000001,3.9235754138382597,4.500000000000001,12.131607745763203,2.6494047922871844,63.60277171276989,59.834580892052784,58.00133789775421,3.768190820717109,59.844690565222855,2431,9.967318171797528e-09,12.131607745763205,0.9905216693878174
77,train,0.22500000000000003,1.7921871282775812,2.2,2.330688765901617,1.2396153766297602,35.4115937125774,30.88708201709669,28.034628769416482,4.524511695480708,30.88902425787216,2413,9.980705684043563e-09,2.330688765901618,1.0231986045837402
78,train,0.07500000000000001,3.6724053505691696,2.0500000000000003,7.523792141737182,0.9994314927571072,40.062194397143706,34.28805103417213,33.29057922548244,5.774143362971579,34.29432086099126,2399,9.976084071179815e-09,7.5237921417371805,1.0870096683502197
79,train,0.07500000000000001,5.806619791159537,4.75,7.890145018056008,1.1932039880659573,37.43660716390915,35.676946187172696,34.94285411370172,1.7596609767364555,35.683521308042764,2362,9.981492074359393e-09,7.890145018056009,1.003540277481079
80,train,0.07500000000000001,1.3174483215226962,0.4,2.2279261667507577,1.364534560316583,34.56671543547871,29.37709555697284,28.24999226063989,5.189619878505873,29.378952162145158,2442,9.985918382995365e-09,2.2279261667507564,0.965886116027832
81,train,0.25,2.621852773227719,4.3500000000000005,10.397239786320297,0.6467836204759034,51.568118687187685,41.959365431006184,32.22640618533404,9.608753256181501,41.96802979788187,2277,9.956859881515663e-09,10.397239786320295,0.9918086528778076
82,test,0.2,5.788048306874994,0.7,6.098688248808756,0.6188155735460692,41.277264701317655,31.0693445610061,29.380432823792198,10.207920140311554,31.074426801265997,2323,9.987048256075293e-09,6.098688248808754,1.0889217853546143
83,test,0.25,1.4375125622477487,0.45000000000000007,14.105784487260417,0.8222905361175098,108.97190943943181,61.56556609981017,37.414175049205895,47.40634333962164,61.577320991682384,2375,9.950587258900201e-09,14.105784487260417,0.9909162521362305
84,train,0.2,5.366432964418399,1.9,14.105959815738471,1.8089341123142955,72.30242184330467,56.20879402424889,51.866274139987745,16.093627819055783,56.220548990871706,2460,9.980082203784625e-09,14.105959815738471,1.3181061744689941
85,train,0.125,3.015571041431187,1.0,14.81284162894051,1.5663235970158154,79.2317721733698,54.79858051225132,49.688567929574596,24.433191661118485,54.810924547071934,2455,9.966496607992283e-09,14.812841628940507,1.1233453750610352
86,train,0.22500000000000003,1.3136466940858031,5.75,9.919034375876906,0.39723081658006404,54.37742836762574,46.23519883153398,29.196612712363528,8.142229536091762,46.243464813224776,2117,9.954119793693124e-09,9.919034375876908,0.930713415145874
87,train,0.25,3.8748777021183947,3.15,1.1722376024404397,0.8539633191682051,28.026403025724814,26.793498100297594,26.081547287801662,1.2329049254272206,26.794474964985447,2356,9.969197310347076e-09,1.1722376024404402,1.2178020477294922
88,train,0.2,1.974053985349203,1.35,7.192397778950505,0.6012410798840662,52.74039707774072,36.83306179609995,29.82558043700574,15.90733528164077,36.83905546123876,2315,9.95383704785317e-09,7.192397778950507,1.1111955642700195
89,train,0.22500000000000003,8.28785025275921,4.45,2.548237753945547,2.979585914538316,34.37062911086482,33.36306399969436,32.76652314247428,1.0075651111704573,33.365187531167955,2445,9.968441762355764e-09,2.5482377539455476,1.150972604751587
90,train,0.05,1.9226863269690828,5.500000000000001,2.4898734461993604,2.993822067096362,33.84416646282235,33.17850777485976,32.5882727221765,0.6656586879625905,33.180582669410796,2398,9.979472114954365e-09,2.4898734461993595,1.13773512840271
91,train,0.22500000000000003,4.631106155286252,2.7500000000000004,2.2661701777778585,2.366762358879721,33.819470483481744,31.534367418603004,30.549641266142675,2.28510306487874,31.53625589377259,2471,9.987862765578041e-09,2.266170177777859,1.2217531204223633
92,train,0.22500000000000003,1.7411174093978827,0.4,11.87475116969106,0.47350599501145635,83.21852624872122,46.33433104269577,31.37810163077339,36.884195206025446,46.34422667093004,2261,9.998088498465724e-09,11.874751169691063,1.2692687511444092
93,test,0.05,8.140259074988252,2.8,1.506277946925747,0.3037743420191115,26.0283267974587,25.59653243298646,25.592787872098388,0.43179436447223907,25.59778766461192,2106,9.958291619712052e-09,1.506277946925747,0.841439962387085
94,train,0.07500000000000001,4.035758569786706,4.800000000000001,4.339739488783438,2.120948374774589,36.336448997822636,35.14466345921269,34.49040533400655,1.191785538609949,35.14827990880315,2407,9.964096841997915e-09,4.339739488783438,0.9335207939147949
95,train,0.05,1.1408589142152763,4.800000000000001,13.989136022411925,1.7751279159013007,63.23303260763705,56.39480426552359,50.64686339397688,6.83822834211346,56.40646187900806,2391,9.967131848657882e-09,13.989136022411923,1.1194558143615723
96,train,0.22500000000000003,6.886209301659619,0.30000000000000004,3.8249495500667754,0.3999861319521536,35.209401641860474,27.897626720732248,26.89979021818997,7.311774921128226,27.900814178729203,2217,9.96266503312265e-09,3.824949550066779,1.0319974422454834
97,train,0.2,3.195442375632518,3.9000000000000004,9.820165824069582,2.1293759981158686,60.45890864776328,52.35997148611355,46.54231672904592,8.09893716164973,52.3681549577648,2431,9.997558195911123e-09,9.820165824069583,1.0502643585205078
98,train,0.15000000000000002,5.42776569629791,0.5,4.7906225184492035,1.5382465580802303,41.76397647641831,33.84079060643745,32.901616508323954,7.9231858699808555,33.844782791896264,2457,9.973287941298355e-09,4.790622518449201,1.1974878311157227
99,test,0.07500000000000001,9.55443004306559,2.4000000000000004,1.7630044098781383,1.240024382224268,28.064239407611144,27.378919403601998,27.376738086257735,0.6853200040091458,27.38038857394634,2419,9.983040011791139e-09,1.763004409878139,0.9683852195739746
100,test,0.05,7.658535174846613,3.45,3.423789849915045,0.37054611183333963,27.406896381249588,26.597766592772015,26.54987173340761,0.8091297884775734,26.60061975098717,2162,9.941418461745443e-09,3.423789849915046,0.849623441696167
101,test,0.05,1.5259251424207452,9.3,7.4198489944188575,1.8247450871884305,41.42916937021295,41.19937412551171,38.58682673740322,0.22979524470124346,41.20555733305783,1985,9.95495611831659e-09,7.419848994418859,0.9160456657409668
102,train,0.1,3.736054044477457,0.45000000000000007,14.24434234981333,0.6004320792736481,61.600629010568255,37.80463096546082,35.064830342952845,23.79599804510744,37.816501250846976,2321,9.949314611315501e-09,14.244342349813326,1.0006628036499023
103,train,0.175,3.784575868046432,3.3,10.089264173434325,2.6164694268009723,64.69262958569209,56.3746449546578,52.17744636946824,8.317984631034285,56.38305267489672,2461,9.95194085538571e-09,10.089264173434323,1.0500595569610596
104,train,0.07500000000000001,3.2236860392333786,1.1,7.638362212756654,0.3947651271757607,39.119852500428195,30.0279625419591,28.785569044811854,9.091889958469096,30.034327843850743,2208,9.972860443237344e-09,7.6383622127566575,1.0485284328460693
105,train,0.07500000000000001,1.3617413017982285,0.7,5.2658644526516385,0.8035713945850312,43.22674137002419,32.29411816531459,29.713238000820358,10.9326232047096,32.298506385771745,2370,9.983228586203464e-09,5.265864452651638,0.8705594539642334
106,train,0.22500000000000003,4.311507217185495,1.15,6.72296353200176,0.49516481960155556,43.69470144443837,32.04470722705102,28.906580465613906,11.649994217387352,32.05030969676697,2273,9.973406535658807e-09,6.722963532001763,0.9695248603820801
107,test,0.175,3.875308209980593,0.8,1.5048376798830918,0.7861787463546681,29.662605981348744,26.909020625815984,26.326427130613386,2.75358535553276,26.91027465723626,2367,9.985085234850359e-09,1.5048376798830907,0.9215328693389893
108,train,0.15000000000000002,1.681097367997782,2.0500000000000003,8.920806606046893,1.5105094124132954,62.15846441325238,46.7098271387382,39.131900746658395,15.448637274514184,46.71726114444961,2443,9.966490299255751e-09,8.920806606046895,1.0001623630523682
109,train,0.15000000000000002,4.445785266065047,2.7500000000000004,5.4269981255366035,1.8388803698425489,41.37761495177817,36.97799222683086,35.4603018976467,4.399622724947314,36.98251472530549,2454,9.98425093334951e-09,5.426998125536604,0.9843153953552246
110,train,0.125,2.7003384177616376,2.5,6.04920268230356,0.9769233708749808,40.33808550146894,33.89633037795088,31.413956655037204,6.441755123518057,33.90137138025409,2383,9.998637550768826e-09,6.049202682303559,0.9883954524993896
111,train,0.15000000000000002,5.453881386605269,6.6,13.894800762132682,0.9566524319918134,45.03566501666645,42.542453429986196,38.79344965199153,2.4932115866802533,42.55403243070718,2244,9.987574858580387e-09,13.894800762132679,1.1396465301513672
112,train,0.2,6.307691010509953,0.8,12.72335307283096,0.9359720957073764,61.05560074288002,41.33524155710515,38.23088344058576,19.720359185774868,41.3458443514275,2396,9.982773014367056e-09,12.723353072830959,1.0078017711639404
113,train,0.15000000000000002,1.3057400476678866,0.35,12.787904954552484,0.34094880422500085,83.30077834723306,44.44472523337654,30.184640263808515,38.856053113856525,44.45538182231776,2172,9.963314515738217e-09,12.78790495455248,1.119771957397461
114,train,0.05,2.158390597833668,0.45000000000000007,5.394507177227849,1.658875608338531,43.88729363163624,35.36480663988138,34.57397820484595,8.52248699175486,35.36930206255421,2469,9.962827237503217e-09,5.3945071772278474,0.9374213218688965
115,train,0.1,1.0343864993358423,5.3,12.991672330043814,0.7069404433333193,56.15661207373662,47.14470044147105,34.69835886027239,9.011911632265566,47.15552683555356,2256,9.970356115663846e-09,12.991672330043812,0.8592278957366943
116,train,0.2,3.9887829790913725,0.4,6.108871055095535,2.7261543151390217,58.344069604121195,44.905107076453945,42.25778724613292,13.43896252766725,44.910197802391195,2497,9.99797185745997e-09,6.108871055095534,1.2525038719177246
117,train,0.07500000000000001,9.896109055372708,4.3,5.353461138890727,1.4614578820589603,34.45000592059174,33.3946477271279,33.236481545662606,1.0553581934638459,33.399108944752705,2394,9.99383256512571e-09,5.353461138890726,0.9276177883148193
118,train,0.07500000000000001,2.4425400592594437,2.65,1.1501870296594674,0.4854884623260069,26.853882303776263,25.94704007133477,25.654861449632367,0.9068422324414946,25.947998560533943,2251,9.949094265576821e-09,1.1501870296594703,0.8497767448425293
119,test,0.2,3.350335529623171,0.45000000000000007,3.322696150271471,2.057906056276159,41.6227481737629,33.92374685929035,32.148113787098474,7.699001314472554,33.92651577278884,2484,9.968079091885094e-09,3.3226961502714722,1.2375714778900146
120,train,0.25,3.597240116487694,5.500000000000001,14.864503300567815,0.415639815422406,49.69858862684576,41.96709303856495,31.75475612979635,7.731495588280815,41.97948012505464,2134,9.94881406922909e-09,14.864503300567815,1.000551462173462
121,train,0.25,2.807020686823279,1.05,2.1206899710465903,1.7078566987885284,35.38895170888349,30.57595990451236,28.789588412319848,4.81299180437113,30.577727146202434,2464,9.97432893465664e-09,2.1206899710465903,1.0822269916534424
122,train,0.05,2.946639010638318,0.45000000000000007,3.5329731312321537,2.4222829756917053,39.154638780233036,34.26628602515662,33.991211214950575,4.8883527550764185,34.269230169445365,2498,9.995314667761756e-09,3.5329731312321537,1.0942339897155762
123,train,0.125,1.1082789612171817,0.6000000000000001,5.088830624403397,0.927510419529362,49.98711302407563,35.61641326609251,30.08558120906962,14.370699757983125,35.620653958511895,2390,9.991258724529859e-09,5.088830624403396,0.9055922031402588
124,train,0.25,3.1137947054350565,0.35,4.41134435677999,2.0927128424929955,49.691948349706024,37.909468647480686,34.60518656845871,11.782479702225338,37.91314476785247,2484,9.958122565279716e-09,4.41134435677999,1.119842529296875
125,train,0.175,4.340989151271512,2.7500000000000004,10.382845574918969,1.7378979613160392,56.92806649089364,47.55014119718538,43.92899955720706,9.377925293708259,47.55879356858507,2449,9.973756759776864e-09,10.382845574918969,1.0678248405456543
126,train,0.175,2.325992901096011,1.85,5.738390766162564,2.0970081966307235,51.198203481774016,41.5277612902307,37.494735062525336,9.670442191543316,41.532543282638386,2474,9.959580528288723e-09,5.7383907661625635,0.9102013111114502
127,train,0.05,3.037893247735171,4.25,12.928217236336367,0.9592078794257012,43.8832059784095,39.92729399664744,38.341278086061145,3.955911981762057,39.93806751106091,2348,9.998364247119194e-09,12.928217236336366,0.8539273738861084
128,test,0.125,3.8647725560069928,5.75,5.76827113828134,0.946102550493223,34.122440116301,32.5008877909851,30.7246901658861,1.6215523253159034,32.50569468364373,2291,9.99163362748015e-09,5.7682711382813405,0.831728458404541
129,train,0.25,3.39946865432459,0.35,6.579735093821569,2.4800413805253863,63.373387509996554,46.35968717917692,41.894692673789876,17.01370033081963,46.36517029185508,2496,9.949432901519578e-09,6.579735093821569,0.9692432880401611
130,test,0.175,1.5048963277733007,0.8500000000000001,3.682442135277798,0.31764672828044865,40.37823595659436,30.56546210180716,26.399438273938646,9.8127738547872,30.568530804106828,2148,9.959169785458935e-09,3.682442135277796,0.8102643489837646
131,train,0.175,8.461755229992756,1.3000000000000003,5.305491013891006,1.1901410808730963,38.030815769079666,32.5751126785911,31.897928012411064,5.455703090488569,32.57953392112733,2426,9.978552035504614e-09,5.3054910138910065,0.8773789405822754
132,test,0.175,1.8968024704181639,3.35,9.872776822969682,2.8769161370434055,74.88802956775524,62.81623773670988,54.02572945677818,12.07179183104536,62.824465050928545,2466,9.980082955878266e-09,9.87277682296968,0.9046664237976074
133,train,0.05,4.172128822685277,1.4500000000000002,11.660055884576106,2.4013149610398385,63.25309570048236,54.756359895001715,54.39960578808456,8.496735805480647,54.76607660826947,2493,9.95412219830219e-09,11.660055884576108,0.8426885604858398
134,train,0.15000000000000002,9.187793455369553,4.45,13.13522013566697,0.3901443535757908,36.33265093446209,32.67409183062571,30.95374736247383,3.6585591038363745,32.68503784746103,2154,9.968372637109496e-09,13.135220135666968,0.822723388671875
135,train,0.2,5.4002454913664275,1.25,8.743453233757853,1.3527690678205466,52.760187536858446,40.335631689469395,37.702603221108454,12.424555847389051,40.34291790056401,2444,9.986746804322853e-09,8.743453233757855,0.8949122428894043
136,train,0.125,9.651128130114342,0.7,11.272548964130827,1.686960029624916,57.8866627601121,45.82391384916222,45.40673443884069,12.062748910949885,45.83330763999601,2467,9.952378377872135e-09,11.272548964130825,0.8823435306549072
137,train,0.25,2.220715180291188,0.4,1.5732574440000766,1.7966537253436201,34.31159438129857,29.64622335889242,27.942879503332115,4.665371022406148,29.64753440680565,2464,9.974766934419301e-09,1.5732574440000762,0.961580753326416
138,train,0.25,9.672531873196718,1.4,14.690837707033763,0.7739221150238256,56.81995675031359,40.61958242152396,37.86349890473573,16.20037432878963,40.63182478636825,2363,9.964319145790144e-09,14.690837707033761,0.9575510025024414
139,train,0.15000000000000002,6.218450055342698,0.35,8.776463941928695,1.9018709360935777,58.73913082194055,44.0793474668209,42.70141526466798,14.65978335511965,44.08666118681506,2481,9.997798763093203e-09,8.776463941928693,0.9493203163146973
140,train,0.1,6.646348208163109,0.30000000000000004,6.217832778294278,0.335598280545927,36.98143357126794,28.21393668399177,27.76142051514255,8.767496887276174,28.219118211334138,2161,9.984735510800446e-09,6.217832778294282,0.7389059066772461
141,train,0.25,1.2861223669637138,3.0,10.985614748363774,1.7817301844119362,87.19440517110353,66.26626418436783,45.08674139892374,20.9281409867357,66.27541902828015,2429,9.983826095263636e-09,10.985614748363773,0.9795284271240234
142,test,0.05,5.488219448549436,4.800000000000001,1.6854919375259094,0.5148211793712252,26.373791282705202,26.07325172484484,25.97384404522084,0.30053955786036113,26.07465630146365,2212,9.94681961907117e-09,1.6854919375259088,0.7469353675842285
143,train,0.22500000000000003,4.1869499878524525,5.95,1.0630017491552277,0.9811843145113718,27.042792535197584,26.6470166789848,26.08531481131421,0.3957758562127829,26.647902513788942,2286,9.986511321311376e-09,1.063001749155227,0.9420669078826904
144,test,0.1,1.0705508216350865,1.1,13.538888339371756,1.4084260969229165,88.25879982177189,57.13262906068827,45.12116799545539,31.12617076108362,57.14391146798442,2440,9.959910658202735e-09,13.538888339371756,0.8705568313598633
145,train,0.2,1.7284561386935093,5.800000000000001,5.8724399277332004,2.140256998620004,48.37409683641395,44.544609350306885,37.77088622362621,3.8294874861070625,44.54950305043376,2358,9.958430000134134e-09,5.8724399277332004,0.9176914691925049
146,train,0.25,3.8933213459500444,1.1,4.847550710570938,2.3103555314562856,48.8657775322582,39.461766528405626,36.63030999335266,9.404011003852574,39.46580615406712,2483,9.977296411964202e-09,4.847550710570939,1.04451322555542
147,train,0.1,1.5402587404217067,0.35,5.786977139639245,1.5658869414087078,52.40819994448355,37.99732984127784,34.58870118766497,14.41087010320571,38.00215232231256,2461,9.950044144639946e-09,5.786977139639244,0.8921458721160889
148,train,0.125,9.971106847771528,0.75,6.71118731583795,0.4110953200427706,35.64493427521403,28.807195252996948,28.508857268252818,6.837739022217079,28.812787909115393,2226,9.965691974246854e-09,6.7111873158379485,0.8760054111480713
149,test,0.22500000000000003,3.757265888311606,9.9,10.812334141689218,1.1812289849730269,44.6494696484275,44.58007778472906,37.78300567640501,0.06939186369843497,44.589088063342395,1581,9.972462717397552e-09,10.81233414168922,0.699688196182251
150,train,0.05,8.228084825182703,1.5500000000000003,2.8811367863828607,0.6958245027513277,28.668209040862074,27.268680051680906,27.34432055675678,1.3995289891811673,27.271080999007417,2346,9.956576458765268e-09,2.8811367863828594,0.8704760074615479
151,test,0.125,1.167257488593466,0.55,1.2473629339987709,0.851924623924154,30.94251203419995,27.43690337592586,26.153862509688796,3.5056086582740917,27.43794284508248,2382,9.986036719781876e-09,1.247362933998771,0.8994472026824951
152,train,0.25,2.204410456340377,1.2000000000000002,14.428929819824063,1.6946670144709985,100.96922697665782,66.2608293942456,50.481391979261176,34.70839758241222,66.27285350291712,2455,9.982523476497568e-09,14.428929819824061,0.9996545314788818
153,train,0.175,3.4742145673186617,0.7,13.557955182821933,0.5154877765751421,66.14907719266213,39.236287919947245,33.20318804129908,26.91278927271489,39.24758621613574,2282,9.946620760851487e-09,13.557955182821932,0.9053285121917725
154,train,0.175,8.110820953009592,1.75,11.392451291851673,1.1691387334492602,51.17902835059932,41.128671635369955,39.515609708859465,10.050356715229363,41.13816534483167,2424,9.988547810687371e-09,11.39245129185167,1.0263445377349854
155,test,0.1,4.502349545961251,0.75,4.379208862773281,0.630396222218132,34.77291386575212,28.868312013894364,28.237190932989208,5.904601851857759,28.871961354636863,2330,9.981638460052282e-09,4.379208862773278,1.261810541152954
156,test,0.07500000000000001,7.487112611770317,0.7,8.860851521801385,1.858213794978749,51.09953507504353,42.62617647104194,42.59496192110902,8.473358604001596,42.633560513996215,2475,9.951492173340823e-09,8.860851521801386,0.9807729721069336
157,train,0.07500000000000001,6.078887545687643,1.25,7.66760232021416,2.9636233212131473,55.10707448041713,48.906314985499975,48.660679562424434,6.200759494917158,48.912704654121086,2507,9.970665960067363e-09,7.66760232021416,0.8729610443115234
158,train,0.175,6.525870376210694,7.0,12.02625770721075,0.4595159596683494,35.88202187297278,34.122069879319326,30.873187395252042,1.759951993653452,34.1320917608282,2084,9.984285773500899e-09,12.026257707210748,0.9406397342681885
159,train,0.2,3.6489737045517985,0.35,10.140909771895977,2.7068904688412636,81.85520646077242,58.321235791137035,53.42993046241177,23.533970669635387,58.32968654939847,2502,9.988488201858278e-09,10.140909771895977,1.1665236949920654
160,train,0.22500000000000003,2.71001998053017,0.30000000000000004,14.436843312609085,0.38029791015778036,82.59146513763767,42.92165799290729,31.561166459570966,39.66980714473038,42.933688696265065,2202,9.980378690556506e-09,14.436843312609083,1.0271344184875488
161,test,0.15000000000000002,1.0992060075747583,0.6000000000000001,1.917426074857354,0.8555375921947592,35.09047488571909,29.31611130755974,26.76611351069663,5.774363578159349,29.317709162910223,2377,9.984016160064675e-09,1.9174260748573544,1.0012683868408203
162,test,0.1,2.0538558012082313,0.30000000000000004,2.5624051554891736,0.7271527195337517,34.00869502723668,28.189874506394098,27.106280212513106,5.818820520842586,28.192009844057672,2354,9.992677583112106e-09,2.5624051554891754,0.8099908828735352
163,test,0.15000000000000002,1.1495515485913421,3.3,3.8982875813473674,0.6014407133917818,38.32730573732744,32.55149259658479,27.54363187530845,5.775813140742656,32.55474117015088,2283,9.960323306390981e-09,3.8982875813473665,0.9438509941101074
164,train,0.15000000000000002,2.6098144600459925,0.25,2.5689851939817654,2.1871865092165335,38.50131728207063,32.174593371791104,30.8638511303015,6.326723910279526,32.17673419281639,2489,9.955599153172982e-09,2.5689851939817654,0.9662408828735352
165,test,0.125,1.002843265793331,1.65,7.853028091100914,0.6459745613955958,57.65694251326878,40.103445346513375,30.569512644572313,17.553497166755406,40.109989537286765,2326,9.952593410383209e-09,7.853028091100918,0.8268187046051025
166,train,0.125,6.0336642196819215,5.55,4.6448796078135,0.6303934552954991,30.066022196628776,29.033602987349685,28.159808967891987,1.032419209279091,29.037473720379182,2232,9.979515497688527e-09,4.6448796078135,0.7978653907775879
167,test,0.125,1.7477642551960635,1.4500000000000002,10.56561700722338,0.5074276520066628,57.76093586648359,38.24358268743038,31.180344655607914,19.51735317905321,38.25238736853443,2276,9.956443210481828e-09,10.565617007223382,0.7892777919769287
168,train,0.2,8.518921524620165,0.30000000000000004,7.450774473353928,1.54411377144177,51.00284097190984,38.483805197741646,37.35489234237679,12.519035774168195,38.49001417650624,2459,9.961364934316515e-09,7.450774473353929,0.912431001663208
169,train,0.1,1.4140149838400735,0.30000000000000004,2.9348752029394305,2.4885389823555375,42.14673612789448,34.469604936705075,32.567565653207204,7.677131191189403,34.47205066608732,2490,9.97558232394308e-09,2.9348752029394305,0.9567663669586182
170,test,0.05,1.542843853991051,0.30000000000000004,2.5488125458708457,1.2510381148107506,34.04252160593301,29.09326120955611,28.464156232901125,4.9492603963769,29.0953852200311,2435,9.948575224577267e-09,2.548812545870845,0.8793857097625732
171,train,0.05,1.7443712039676784,2.0500000000000003,9.262735358725767,2.1210777477965896,56.2948252415664,47.58761847900292,45.57846894107541,8.70720676256348,47.59533742518878,2476,9.955522806603069e-09,9.262735358725767,0.8776228427886963
172,train,0.15000000000000002,7.134597204726133,2.4499999999999997,3.2784088054694065,1.7785195476111482,33.82396387820467,31.621061323881012,31.15570850068971,2.2029025543236607,31.62379333123156,2458,9.970996195827773e-09,3.278408805469407,1.0146782398223877
173,train,0.05,7.169544122217681,0.6500000000000001,13.863111532637532,0.854237603271074,49.81434389971301,38.236642758562,38.604067230366816,11.57770114115101,38.24819535153101,2388,9.966654538725173e-09,13.86311153263753,0.863490104675293
174,test,0.25,9.65271611007252,0.95,12.38423084148158,0.6244826437779973,52.575987577300076,36.32303151842659,34.00931915198234,16.252956058873487,36.333351710870325,2329,9.964896126146511e-09,12.384230841481578,0.9762122631072998
175,train,0.175,6.29815757637999,2.3,4.02897973315562,0.7783005699963927,32.746693294610346,29.379472527256294,28.509184702204184,3.367220767354052,29.38283001039218,2353,9.955732589618894e-09,4.028979733155621,0.8732092380523682
176,train,0.175,1.1970392562212684,0.30000000000000004,5.850701175700533,0.3134407100935953,55.018049732327185,35.56762071754046,27.166741271662424,19.450429014786728,35.57249631227092,2144,9.99472210674738e-09,5.85070117570053,0.8277013301849365
177,train,0.1,1.4638202730323635,3.65,10.91327729957023,1.6432424334214872,61.014377045939476,50.7249926975895,43.64636319500016,10.289384348349977,50.73408709550469,2422,9.995416149817958e-09,10.913277299570229,0.8681316375732422
178,train,0.22500000000000003,7.7628189457424535,2.2500000000000004,2.7643687844527713,0.4176763799858318,29.43159780085221,27.041079644242178,26.39360194809774,2.3905181566100318,27.043383284918843,2218,9.981433774107293e-09,2.764368784452776,0.8436777591705322
179,train,0.1,4.932821802634125,0.45000000000000007,8.102097822148608,2.943714795247524,62.7990340153993,50.7425673478413,49.820885625159114,12.056466667557999,50.74931909606074,2510,9.96846973634908e-09,8.102097822148608,0.906303882598877
180,train,0.1,1.0389144861067847,9.75,9.184943677878318,0.4018197047778734,38.02405466703817,37.81479821205719,28.706884986396595,0.20925645498098078,37.82245233228895,1613,9.993586092839336e-09,9.184943677878316,0.6333773136138916
181,train,0.05,7.894092295797312,6.45,8.506805783559253,1.2557791976896764,37.21496572353538,36.48377127606329,36.043683055608945,0.7311944474720917,36.4908602808967,2294,9.950865771819753e-09,8.506805783559255,0.8051714897155762
182,test,0.07500000000000001,1.1233619158718515,2.2500000000000004,5.126572704838682,1.3827456515604204,42.92362538405349,35.66951428203957,32.4959867122768,7.2541111020139155,35.67378642603509,2433,9.956244461238254e-09,5.126572704838684,0.914860725402832
183,train,0.1,6.858753216033617,0.25,9.339992845600184,0.5109775202937894,44.871256975622785,31.422271984738483,30.845318232780087,13.448984990884302,31.430055312144088,2285,9.945822715487867e-09,9.339992845600184,0.7866120338439941
184,test,0.22500000000000003,1.7933477265505955,2.4000000000000004,8.749571761254561,0.7469435042133685,58.89728920454552,42.78274871128522,32.0531548863298,16.1145404932603,42.790040021843964,2340,9.950053678289299e-09,8.749571761254561,0.9192941188812256
185,test,0.22500000000000003,4.7601513738569325,3.65,8.937129134471416,1.7200595859351733,51.53074334450596,44.87230508991588,41.00939178910334,6.658438254590074,44.879752697612744,2429,9.959672830186576e-09,8.937129134471416,1.0009410381317139
186,train,0.2,2.6258649598566857,1.65,1.1745782911769853,1.875641403949279,30.239894134743153,28.133925846779825,27.298206184908416,2.1059682879633286,28.13490466203897,2468,9.951460155162659e-09,1.1745782911769855,0.937800407409668
187,train,0.25,3.313065843181957,1.15,2.3170074832515413,2.326899768472285,36.972757157523425,32.211271473019394,30.58652827098855,4.761485684504031,32.21320231262691,2488,9.953920250488572e-09,2.3170074832515404,1.0440678596496582
188,test,0.175,4.81483709945362,0.45000000000000007,14.461694813574455,0.4524421073489759,64.55303245121952,37.24522745186612,32.93583567333987,27.3078049993534,37.25727886435719,2253,9.961663659236962e-09,14.461694813574459,0.8425881862640381
189,test,0.125,1.5832226446247926,5.95,13.776158417987038,0.4889547418495336,49.718459862601016,43.03735778134211,32.20462354457705,6.681102081258906,43.048837913777845,2158,9.974692183721477e-09,13.776158417987038,0.8335206508636475
190,train,0.125,5.413708961152011,6.4,6.306737730522273,0.9865991604663964,33.965610278002195,32.87287604995784,31.471354033341353,1.0927342280443568,32.87813166476683,2260,9.975610167871548e-09,6.306737730522272,0.9251999855041504
191,train,0.15000000000000002,5.5171705651134415,3.7,11.961441820365188,1.1144358474677045,48.06172120085104,41.95112941005914,39.25061878084852,6.110591790791901,41.96109727831622,2379,9.95281472576678e-09,11.96144182036519,0.9499030113220215
192,test,0.125,8.016287616819232,6.1000000000000005,12.173364101456663,0.37755804781566676,33.68072019173247,31.86972042740461,30.089512732020207,1.8109997643278604,31.879864897539214,2081,9.964325736741878e-09,12.173364101456666,0.8567242622375488
193,test,0.05,1.6010222484100263,3.9000000000000004,1.32396132414725,2.859867342289106,29.938340460621045,29.24064963745056,28.886454869568805,0.6976908231704861,29.241752938562016,2451,9.996834051081771e-09,1.3239613241472497,0.8623182773590088
194,train,0.25,5.2397737361691314,6.6,6.524818434101151,0.625538066391685,34.116625011801325,32.3958245274997,29.28889564713896,1.720800484301627,32.40126187628007,2175,9.957876347480004e-09,6.524818434101153,0.9400043487548828
195,train,0.125,4.062011315672456,2.15,6.72795968674716,1.199212124055948,41.68075888711354,35.34608674264477,33.711940642818526,6.334672144468769,35.35169337576327,2421,9.979374830882816e-09,6.727959686747161,1.0366642475128174
196,train,0.175,2.9352172875963145,0.5,6.280883760362054,0.7434097237034986,47.922264978066856,33.60764372720174,30.227516098993807,14.314621250865116,33.61287779710774,2358,9.964552468945868e-09,6.280883760362055,1.1203453540802002
197,train,0.25,1.3524109954252437,0.45000000000000007,10.583869027511481,0.6555397164385105,88.03462660834988,51.82929852316231,32.51953733082623,36.205328085187574,51.838118565799874,2335,9.977051119009886e-09,10.58386902751148,0.9713642597198486
198,train,0.05,1.7522527302990243,0.35,11.549063882003612,2.2811681886830297,75.84204206856798,54.9969436101654,52.65151528797913,20.845098458402575,55.00656783014057,2493,9.999021502679452e-09,11.54906388200361,1.070207118988037
199,test,0.25,1.897201052326916,0.55,3.60072588819522,0.9980069279711685,44.26143577735903,33.44935867428119,28.834392591470365,10.81207710307784,33.45235927953595,2405,9.959074718678493e-09,3.600725888195219,1.0601937770843506
200,test,0.05,1.8173552915988707,0.30000000000000004,7.74087876456793,2.731829574572642,62.61034744840359,48.51514844164896,47.03283072329609,14.095199006754626,48.52159917400078,2499,9.988443196279478e-09,7.740878764567931,0.9996731281280518
201,train,0.15000000000000002,4.492821876108249,1.5500000000000003,2.549689036414626,0.5364849525317972,30.387511844484298,27.29773942756874,26.607783343912892,3.089772416915558,27.299864168454462,2289,9.97734817048511e-09,2.549689036414626,1.0232632160186768
202,train,0.07500000000000001,5.818399705845625,6.3500000000000005,13.622985949930138,2.8952752842701543,68.32589518597128,66.61835885609939,65.04229850407184,1.7075363298718855,66.62971134442705,2363,9.952795115374623e-09,13.62298594993014,0.8610570430755615
203,train,0.1,9.602110138085015,8.4,2.005509967040381,0.4120166727598774,26.172014549062542,26.097001480356724,25.855761019320667,0.07501306870581814,26.098672738668192,1939,9.95952404359347e-09,2.00550996704038,0.7593388557434082
204,test,0.25,3.5718914654895366,0.35,12.841157409229995,1.2413019390234303,82.90102704104774,50.323334572674185,42.05585845662989,32.577692468373556,50.334035537399444,2437,9.952952137772362e-09,12.841157409229993,1.0825474262237549
205,train,0.1,3.486297161444826,0.45000000000000007,4.5455766416027625,0.4339435921323531,36.22726542587064,28.416519982266713,27.43281504224729,7.810745443603928,28.420307962836564,2241,9.95809127402236e-09,4.545576641602759,0.8160648345947266
206,train,0.05,3.839086169126809,3.7500000000000004,5.144460080740361,0.7053000129325664,31.073000696052475,29.45701963403594,29.04121595859547,1.6159810620165338,29.461306684118846,2311,9.98341491427486e-09,5.144460080740361,0.7997901439666748
207,train,0.22500000000000003,2.5401242722421022,4.15,11.812941827443954,0.48298626680844,52.63929331467543,41.533429220337894,31.295245508093263,11.105864094337534,41.543273338981884,2219,9.954918160874479e-09,11.812941827443957,1.0014939308166504
208,train,0.175,1.3202474503133408,6.800000000000001,2.40553903909733,0.5516467525068861,30.752058276569333,29.58974245451628,26.37949219733849,1.1623158220530527,29.591747071011778,2136,9.945794562352995e-09,2.4055390390973304,0.8288605213165283
209,train,0.25,7.022286369622744,0.5,6.789951038339577,0.8452409990350147,45.734307269583134,33.36578825935878,31.42663639584393,12.368519010224354,33.37144655195004,2382,9.956560774953307e-09,6.789951038339577,0.9903061389923096
210,train,0.07500000000000001,5.1315102571765845,5.800000000000001,13.244051957978005,0.6553048774858465,38.182943608764774,36.02294515750596,34.31495003464158,2.159998451258815,36.03398186751801,2224,9.997784212968263e-09,13.244051957978003,0.7959115505218506
211,train,0.1,3.395082986650815,0.6500000000000001,4.427151021702036,0.43488589048992266,35.447896332022395,28.365798382611956,27.368503042686097,7.082097949410439,28.36948767516521,2241,9.956773201147442e-09,4.427151021702039,0.9183051586151123
212,train,0.05,7.726607096219913,4.4,8.247261298028207,0.9283872559577862,34.8998158170502,33.444635134118386,33.26725662501166,1.455180682931811,33.45150785188009,2336,9.973026242602441e-09,8.247261298028201,0.8665194511413574
213,train,0.25,3.38645778536377,1.8000000000000003,7.0838831857676645,0.40632737977698147,45.2358328277809,33.326362449425176,28.38708190336097,11.90947037835572,33.33226568563332,2213,9.941744090175334e-09,7.083883185767666,0.980017900466919
214,train,0.125,8.958797411515546,1.5,14.344877348672645,0.4372180998109286,44.633501692108304,33.71564750788323,32.78348191864344,10.917854184225071,33.72760157239359,2235,9.99876559756766e-09,14.34487734867264,0.9496777057647705
215,train,0.07500000000000001,3.5844006882349078,0.55,4.544584485772422,0.32149619217983977,34.054735297804626,27.552100153295665,26.92668005666008,6.502635144508961,27.555887307059937,2148,9.969358562371537e-09,4.544584485772424,0.8487849235534668
216,test,0.125,8.257496677674048,0.8,9.513808966804282,0.8752565846806168,45.47941969212465,35.06054392145595,34.439697913216186,10.418875770668699,35.0684720956267,2387,9.971733224755464e-09,9.51380896680428,0.9884779453277588
217,test,0.07500000000000001,2.514497714679605,1.8000000000000003,3.6213452246147813,2.922302389910977,40.581713569851,36.77446369324375,35.95645035713632,3.8072498766072442,36.777481480951195,2493,9.969206248036136e-09,3.621345224614781,0.9174401760101318
218,train,0.07500000000000001,5.515877756550184,1.4,3.140279709768704,2.4991200166334857,35.871721052669194,33.371748477341555,33.221779886109914,2.4999725753276394,33.374365377108525,2490,9.9834218652366e-09,3.140279709768704,0.9090120792388916
219,train,0.22500000000000003,2.194760156163147,0.30000000000000004,5.793651475348801,1.8688665257293355,59.111868283861604,41.94567058360382,36.274996626890164,17.166197700257783,41.950498626655076,2468,9.977944659921391e-09,5.7936514753488,0.982292652130127
220,test,0.175,5.634282062138047,4.65,3.9673645551275962,2.517123769756451,37.949460881172904,36.3409324904185,35.2408581883972,1.608528390754401,36.344238627572125,2428,9.988163075417716e-09,3.9673645551275936,0.9701962471008301
221,test,0.175,2.7415085389876523,2.65,1.032322816214388,2.9545391774081704,30.002566660615095,28.740835621325783,28.130825943850752,1.2617310392893124,28.741695890351473,2484,9.977911211226482e-09,1.0323228162143878,1.00095534324646
222,train,0.1,1.1536208761909883,1.35,2.8064208005485844,0.42603763469847716,34.538052286438415,28.714878511345415,26.39657120182628,5.823173775093,28.71721719545325,2231,9.999781888052994e-09,2.8064208005485884,0.8824865818023682
223,train,0.1,4.288276825368599,1.05,13.90593430216993,0.6255726445126193,54.306525677625515,37.370717465587695,35.17530494499106,16.93580821203782,37.382305744250246,2327,9.967969388843258e-09,13.905934302169925,0.9702146053314209
224,train,0.125,2.8913417688617424,2.85,9.395734994023865,0.8910564689738302,46.3032166206217,37.72384558388066,34.12694681719746,8.579371036741037,37.73167536313819,2369,9.956881148690886e-09,9.395734994023861,0.994220495223999
225,train,0.2,8.913763241879801,0.9000000000000001,3.481297017489816,1.4296025547556277,35.2517691932095,30.86531711086419,30.367141689895575,4.386452082345308,30.86821819172956,2449,9.979553005240155e-09,3.4812970174898163,1.0068354606628418
226,train,0.25,1.097119009267088,1.3000000000000003,13.494827655622569,1.6855431448766272,119.3919364022962,78.91280465983506,48.42148508957239,40.479131742461135,78.92405167003676,2447,9.993676641532961e-09,13.49482765562257,1.094184398651123
227,train,0.22500000000000003,9.813133711863227,1.8000000000000003,10.239940063216117,0.6020069926439852,42.920123934075946,33.82810711204142,32.1700763933777,9.092016822034523,33.83664039548282,2311,9.95551695130301e-09,10.239940063216117,1.0630650520324707
228,train,0.125,2.3245317827256518,3.8,6.643962857667146,1.0938057064443616,41.18870612746259,36.0448025426092,32.70879283283912,5.1439035848533905,36.05033917841145,2372,9.945848669491817e-09,6.643962857667146,1.0190834999084473
229,train,0.25,5.245447383433264,1.65,13.699208576733119,0.7878113667752444,62.03567288032418,42.74387895504025,37.00070515971438,19.291793925283926,42.75529496234874,2366,9.964554796858398e-09,13.699208576733117,0.9926493167877197
230,test,0.07500000000000001,2.1996948260660494,1.15,7.160701515269734,0.4008005169703869,40.69278238909841,30.532288081575235,28.541930297891806,10.160494307523177,30.53825533291022,2215,9.962039836446532e-09,7.160701515269736,0.861025333404541
231,train,0.175,1.2351613089386626,2.9499999999999997,10.177248336802732,1.3804827013763947,70.98542504764346,53.782632489413096,39.606146490611586,17.202792558230364,53.79111353144796,2416,9.976706543022151e-09,10.17724833680273,0.9580442905426025
232,test,0.1,2.121030153448522,0.5,11.894119915616173,2.1764648421826363,81.64887732530302,56.86157820542057,52.08243405268707,24.787299119882448,56.87148997213549,2483,9.975972002906665e-09,11.894119915616173,1.0257227420806885
233,train,0.05,1.764738568059995,2.9499999999999997,2.811079248415842,0.5652932247647139,29.37567945581968,27.472216698685305,26.821798680393147,1.903462757134374,27.474559264746713,2282,9.950795911182753e-09,2.8110792484158393,0.8167791366577148
234,train,0.2,1.9209708143519322,3.0,13.744576742593534,0.47823753879394026,66.0098033156768,46.30699549196401,32.35450421522024,19.702807823712796,46.3184493067184,2238,9.97679661837317e-09,13.74457674259353,0.9086050987243652
235,test,0.07500000000000001,3.484007128661041,3.3,14.34091455879792,1.222311049145368,53.30563532645017,46.0583960802579,43.762542607027186,7.247239246192272,46.07034684245872,2399,9.966663620853248e-09,14.340914558797923,0.8577957153320312
236,train,0.2,4.2216104568912405,0.8,14.665797469683909,0.7530041849669364,70.80331951611655,43.44356569136311,37.41578211259332,27.359753824753433,43.455787189435085,2360,9.96113859622092e-09,14.66579746968391,0.9766607284545898
237,test,0.1,4.846494461416525,0.25,6.600860245886575,2.2502401432988113,52.37946897207907,41.41903377461653,40.64076062120875,10.960435197462537,41.424534491516816,2494,9.9778028252407e-09,6.600860245886575,0.8969292640686035
238,test,0.25,2.779347734668715,7.9,12.955781266061207,0.6299947474248384,48.07076237896887,45.215160764486264,33.36417755712282,2.855601614482609,45.22595724931625,2080,9.959322907557629e-09,12.955781266061214,0.8166241645812988
239,train,0.175,3.5038733673076963,1.5,9.850835001608072,0.6474891892898018,51.60284640742263,36.60201593137504,32.240902973723394,15.00083047604759,36.61022496067963,2326,9.991239236191567e-09,9.850835001608072,0.8694705963134766
240,train,0.22500000000000003,8.178465674404324,7.550000000000001,12.806520400667706,2.8531571008385286,66.94036387674491,65.45711909012553,61.86554901964989,1.4832447866193803,65.46779119052476,2277,9.995024761994221e-09,12.806520400667704,0.9935002326965332
241,train,0.1,5.558934102313915,4.2,11.67626128747697,0.9072539875085641,41.890798374656974,38.05380233618144,36.439628221671654,3.836996038475533,38.06353255396985,2338,9.949206173415704e-09,11.676261287476969,0.87611985206604
242,train,0.175,1.738706493803748,2.7,5.050481905432683,0.543162357240621,40.721529655916676,32.98224139888579,28.05075808588152,7.739288257030886,32.98645013405155,2273,9.962653802548074e-09,5.050481905432684,0.9637672901153564
243,train,0.15000000000000002,3.854440749646863,1.15,4.063992523124851,1.9641618500197087,40.85142537050354,34.68919499433296,33.394953438391966,6.162230376170584,34.69258165480287,2479,9.95584100951699e-09,4.06399252312485,1.0143840312957764
244,train,0.1,1.4712941889511004,0.25,5.705819559411232,1.8820540447596086,54.77008264258888,39.792685843245216,36.25486805337341,14.977396799343666,39.79744069296911,2476,9.993560408798479e-09,5.705819559411234,0.9591431617736816
245,train,0.22500000000000003,6.9051619100625725,0.4,11.840702616562716,0.3915844361061393,55.49915016308292,33.85993552721616,30.776682796072862,21.639214635866765,33.8698027795096,2210,9.999925909808001e-09,11.84070261656272,0.8887772560119629
246,test,0.07500000000000001,9.96803410002168,0.5,3.15549015608677,0.7941848301260914,30.816572828250145,27.84075739171926,27.904586797424503,2.9758154365308833,27.84338696685516,2373,9.955564558832454e-09,3.1554901560867696,0.8836150169372559
247,train,0.125,4.165513304890549,7.800000000000001,14.73149603746248,0.3521777311952595,36.61362784154659,35.06299846283302,30.46894875808026,1.550629378713566,35.07527470966403,1956,9.944944308402277e-09,14.73149603746248,0.8413946628570557
248,train,0.25,6.176436401910606,0.7,13.387886833089048,1.382211531732955,73.3204405347487,49.33662131219317,44.84983386470991,23.983819222555532,49.34777788467177,2445,9.969259971167698e-09,13.387886833089048,0.9938714504241943
249,train,0.07500000000000001,1.2937334357837107,5.4,3.468989320113062,0.7954568927202116,31.543555340404478,29.87742601874209,27.91632381892767,1.666129321662389,29.880316843231526,2273,9.989249775984342e-09,3.4689893201130593,0.8453340530395508
250,train,0.15000000000000002,3.1678612319549755,3.15,10.137614288169573,2.945528710656774,68.88262927993034,59.97342741317611,55.66141291941855,8.90920186675423,59.981875425178536,2476,9.968039269605342e-09,10.137614288169573,1.1234047412872314
251,train,0.15000000000000002,9.986697823221343,1.7000000000000002,2.332787217452096,1.6031145421091662,30.875582906225603,29.16203688764275,29.001379000276195,1.7135460185828535,29.163980876997723,2454,9.996971957426047e-09,2.332787217452095,1.0343279838562012
252,train,0.07500000000000001,2.081260240013722,1.35,6.946876947416383,0.33770726942256374,39.49066218232558,30.06357298066033,27.965789292407933,9.42708920166525,30.06936204486309,2161,9.949566492464245e-09,6.946876947416379,0.892174243927002
253,train,0.25,4.7018030268479185,0.9000000000000001,12.024494244841032,2.038174341642832,79.06100209474545,56.272325744195065,50.643268540628014,22.788676350550382,56.282346156202266,2477,9.962042606520996e-09,12.024494244841033,1.0728771686553955
254,train,0.25,2.6101531971656993,0.8,11.483490915338768,1.8989375768950056,86.91390139339723,58.15937349500535,47.703537428937636,28.754527898391878,58.16894307103213,2468,9.986738490822107e-09,11.483490915338768,1.039778709411621
255,test,0.22500000000000003,3.099255969616722,6.75,3.014721745099816,2.2708582947248566,35.13888121698356,34.12758958658478,31.935466360195466,1.0112916303987802,34.13010185475258,2319,9.993203461680163e-09,3.014721745099816,0.9391746520996094
256,test,0.25,1.4240509309646932,1.8000000000000003,1.9452587226238103,0.3387882629402517,33.89706585134029,29.13401864028153,25.75349893135541,4.763047211058758,29.135639725891778,2163,9.93929131008393e-09,1.94525872262381,0.9719653129577637
257,train,0.05,1.0011951662256269,1.25,11.844734338091218,0.32505706147095037,54.74383858992265,35.13072458509033,29.829177028670284,19.613114004832326,35.14059519725572,2149,9.976750058459634e-09,11.84473433809122,0.7593073844909668
258,test,0.125,6.654682157280917,0.45000000000000007,3.056092287499659,2.1773198320085037,36.70850114712638,32.3223691169229,32.02073902367364,4.386132030203477,32.324915860507595,2492,9.966716339240854e-09,3.0560922874996588,0.9844310283660889
259,train,0.175,6.654640670983297,1.85,12.468798310115725,0.3714303026107313,45.08638413134056,33.29471864036447,30.766605256850315,11.791665490976087,33.305109305715064,2188,9.95017540078747e-09,12.468798310115723,0.9110419750213623
260,train,0.125,5.467610339468891,0.6500000000000001,11.532604802069738,0.9578551952219163,55.48679484424141,39.038727475763295,37.33700605150255,16.448067368478114,39.04833797982324,2405,9.956737326449962e-09,11.532604802069738,1.0395925045013428
261,train,0.125,5.626858421840846,1.4,6.150660763105447,0.4969474554490442,35.933679552496855,29.612562664916695,28.68208249424149,6.32111688758016,29.617688215588537,2269,9.965826594633653e-09,6.1506607631054475,1.0956456661224365
262,test,0.175,5.642750014750035,0.4,2.203752901553232,0.45020739023191175,30.7152055999584,26.74355022106071,26.21165246562351,3.9716553788976903,26.745386681831906,2249,9.963390425700629e-09,2.2037529015532282,1.0544085502624512
263,train,0.07500000000000001,1.4974299371703768,5.200000000000001,6.579092728638973,2.9343351234386614,50.879147442722,47.80331049816269,44.64904915840321,3.0758369445593132,47.80879307550295,2408,9.948900976261248e-09,6.579092728638971,1.8126261234283447
264,train,0.22500000000000003,4.503392764288048,1.3000000000000003,6.500854473759036,2.2501188285948928,53.61726507946754,43.076116497500806,40.24109373326983,10.541148581966738,43.081533876302444,2481,9.979535443309881e-09,6.500854473759038,1.8592453002929688
265,test,0.07500000000000001,9.453565679067209,6.25,3.6922095064918627,0.49879165154955946,27.61387260739006,27.24840837909128,26.995244169220662,0.3654642282987801,27.251485220354173,2150,9.975530919770299e-09,3.6922095064918605,1.4920332431793213
266,train,0.15000000000000002,1.9457345096580698,3.7500000000000004,8.929889111335026,1.0666698586311252,50.44759680381316,41.684785994931815,35.06557920248208,8.762810808881348,41.69222756937338,2373,9.976595841441678e-09,8.929889111335028,1.7110669612884521
267,train,0.175,6.73824697240969,3.45,1.3720887099620838,0.33618659448943455,26.590618823963766,25.859931069738895,25.55947509718953,0.7306877542248706,25.861074477008312,2132,9.979517866656733e-09,1.3720887099620889,1.3883798122406006
268,train,0.25,3.0633179491900413,0.6500000000000001,6.861185222407223,1.7180332846012787,59.434162459501415,42.59876978579743,37.35739340829608,16.835392673703986,42.60448744028655,2467,9.98508350666753e-09,6.861185222407223,1.5386247634887695
269,train,0.175,6.708284682224581,2.0,6.395172731999442,0.559523093640252,36.16143883325974,30.44374935319351,29.180876799383707,5.717689480066227,30.449078663847132,2291,9.996785168170948e-09,6.395172731999443,1.1768791675567627
270,train,0.07500000000000001,2.0641897566026133,2.0,10.473133355134927,0.34930151207519644,44.17635224568293,32.78649747169544,29.540798254185127,11.389854773987487,32.79522508294637,2163,9.97781704996937e-09,10.473133355134928,1.0805387496948242
271,train,0.15000000000000002,1.002460952232691,0.55,13.523160968062934,1.3286543628735559,106.12160445839517,63.61951516616977,43.83878400081498,42.5020892922254,63.63078447164903,2438,9.96141420421125e-09,13.523160968062935,1.3871822357177734
272,test,0.22500000000000003,7.767190588109544,1.4,7.66528459350125,2.586206497983646,56.33620973053593,47.28083496798623,45.63380580345646,9.055374762549697,47.28722270519293,2491,9.988675294240649e-09,7.66528459350125,1.043259620666504
273,train,0.07500000000000001,1.146797380282667,0.55,9.200798552166114,0.470552152393022,57.121702796614464,35.63042508401604,30.09381147536453,21.491277712598425,35.63809241635193,2262,9.958368287722683e-09,9.200798552166116,0.8771026134490967
274,train,0.1,1.6371643885295888,0.35,3.8977922349717566,0.7940636011731309,40.07400041249478,30.59609595913956,28.443704479008208,9.477904453355222,30.599344119399735,2373,9.984076845920973e-09,3.8977922349717584,0.9970059394836426
275,train,0.2,1.5001624796088813,0.4,13.043946407065173,0.6273623594754836,91.95965531727086,50.975514197712116,34.027471522894295,40.98414111955874,50.98638415532753,2324,9.9549864884014e-09,13.043946407065171,0.9110107421875
276,train,0.125,1.1357177398699234,0.95,4.707300482502115,1.2235066158863173,48.09664424510109,36.085530387718855,31.102066071212615,12.011113857382234,36.08945313828696,2429,9.991824120219811e-09,4.707300482502115,0.9122645854949951
277,test,0.125,1.6046868646903076,6.6,14.015332692873772,0.3775307335411811,46.87304110379692,41.64085640002561,30.666249370450927,5.23218470377131,41.652535844432705,2056,9.984460590575964e-09,14.015332692873768,0.7984893321990967
278,train,0.2,1.3041466739766012,2.4499999999999997,2.7075654989347204,2.135519653465572,40.39879264276608,35.017783380678665,30.93581062811255,5.381009262087417,35.02003968638263,2460,9.992148978028628e-09,2.707565498934719,0.9504642486572266
279,train,0.05,5.678995374290168,5.15,8.364847376404292,2.977134573597012,52.239095684842994,50.897664913622265,50.43884132201439,1.341430771220729,50.904635619785466,2421,9.98247089046636e-09,8.364847376404292,0.8613166809082031
280,train,0.125,2.519213437627644,0.8500000000000001,14.281036981976975,1.1323539860706908,75.61555693859887,48.697580591572695,42.53225092684877,26.917976347026176,48.709481455882624,2425,9.948603449192714e-09,14.281036981976975,0.9352126121520996
281,test,0.05,6.400161978202533,0.45000000000000007,14.700878014606145,0.9457161413921094,55.107260640424705,40.50461173111599,40.782350017341365,14.602648909308712,40.516862462823156,2404,9.988648194663196e-09,14.700878014606143,0.8806195259094238
282,train,0.15000000000000002,9.351574295382258,1.0,6.565350343769901,1.1531185471235599,40.559314274133435,33.82614633400102,33.33404644238729,6.733167940132418,33.831617459308625,2425,9.961327351956871e-09,6.565350343769903,0.9844188690185547
283,train,0.15000000000000002,1.3429276338914065,0.8,3.7049165142318277,0.38054387292309005,40.530068757289506,30.662371548433303,26.652561127134287,9.867697208856203,30.66545897920336,2201,9.967077544850736e-09,3.7049165142318303,0.9679968357086182
284,train,0.22500000000000003,3.8844645834408573,0.95,6.72137128313398,0.8102895880551919,47.592447341543604,34.5467220703858,31.03933504022323,13.045725271157806,34.55232321322651,2375,9.986179880600694e-09,6.721371283133981,1.3969991207122803
285,test,0.22500000000000003,4.296839998404154,7.65,14.058914675197755,0.7389469046111837,45.61391920984579,43.18409360901871,35.678753944361034,2.4298256008270798,43.19580937143476,2136,9.986283645122127e-09,14.058914675197757,0.9056808948516846
286,test,0.2,2.825182452796832,2.0500000000000003,7.465450760296475,1.367334162067369,52.21733120011624,40.72288413822066,35.79768334766887,11.494447061895585,40.7291053473195,2434,9.997000106525803e-09,7.465450760296476,0.980262279510498
287,train,0.1,3.5842560203280636,0.8,5.840231280676856,0.7173218209378358,39.595958290704765,30.998811556043247,29.805817245020684,8.597146734661518,31.00367841548443,2351,9.988900863423416e-09,5.840231280676855,0.8990602493286133
288,train,0.15000000000000002,1.4657592123227783,3.6000000000000005,6.447353961309121,0.4916547363396184,42.71938095344721,34.96663254525115,28.50911756217194,7.752748408196055,34.9720053405718,2232,9.994608646007419e-09,6.447353961309123,0.8789963722229004
289,train,0.05,3.653191265184784,4.05,4.6039130728352,2.0133122529404552,36.39944919378997,35.041190683222645,34.63629217131259,1.3582585105673246,35.045027277462886,2433,9.97546756306511e-09,4.603913072835199,0.8832578659057617
290,train,0.25,3.9572594883014416,2.9499999999999997,1.7360638645227753,2.6463126067909077,32.66360825520695,30.74445525141868,29.7239033856037,1.9191530037882707,30.745901971330724,2473,9.969792079202344e-09,1.7360638645227746,1.1552438735961914
291,train,0.25,2.4687933236811554,7.550000000000001,9.105685346503396,0.3032075795647951,39.883376648395064,37.26245681725394,27.907629905834558,2.620919831141123,37.270044889142284,1938,9.98621560776796e-09,9.1056853465034,0.8632597923278809
292,train,0.175,4.7909187502511825,2.0,1.3714541208850408,1.6618094180686613,29.32063415689699,27.8223389657514,27.409455559398157,1.4982951911455906,27.823481844194898,2452,9.953505772659172e-09,1.371454120885041,1.100442886352539
293,train,0.05,7.114515617741042,1.5500000000000003,7.520604165001569,0.3038046127244368,31.910059338118906,28.04521896834584,28.083259695401605,3.8648403697730664,28.05148613850113,2123,9.948998646134202e-09,7.520604165001567,1.7498109340667725
294,test,0.175,2.1414900789458495,6.4,6.222848225812743,1.1020445859946233,39.743680957272964,37.134964261764424,32.053606930197965,2.608716695508541,37.14014996875666,2270,9.976468852651944e-09,6.222848225812741,1.5003345012664795
295,test,0.22500000000000003,1.8635531693651888,0.45000000000000007,11.848710647338592,0.9412646172142604,86.34393908241316,50.82389661813611,36.977745516665884,35.52004246427705,50.833770544325425,2397,9.990303323950716e-09,11.84871064733859,1.7393889427185059
296,test,0.07500000000000001,9.234554600914292,8.75,12.97898970383365,0.4620942319226114,32.7797665580108,32.4518124360475,31.146834184012167,0.32795412196330176,32.46262826082909,1925,9.98771063761949e-09,12.978989703833653,0.925462007522583
297,train,0.15000000000000002,3.9289155529299378,6.4,6.2424951102851285,0.37864081012055906,31.45734968357262,29.939429706316254,27.572106809596423,1.5179199772563656,29.944631785649296,2067,9.972378642347288e-09,6.242495110285131,1.2043416500091553
298,train,0.125,3.032239852615262,2.0,14.75002014844982,1.214318706129175,66.74515947047765,49.44651462313928,44.26489181296511,17.298644847338366,49.45880630673233,2419,9.966352649339429e-09,14.750020148449819,1.2967007160186768
299,train,0.22500000000000003,2.6605987681341423,1.0,6.846670097156639,0.39402187915545656,49.11433257758547,33.69889641831285,28.193122263580566,15.415436159272623,33.70460197700919,2210,9.967953434412876e-09,6.846670097156638,1.3451943397521973
300,train,0.22500000000000003,6.882034702132039,0.7,5.253152657739218,2.246236660659292,47.24733397101362,38.679252536118895,37.36319778627959,8.568081434894722,38.683630163368434,2487,9.953379701276876e-09,5.25315265773922,1.4232478141784668
301,test,0.22500000000000003,1.0567453744544044,1.7000000000000002,7.491460005541015,1.4697654167020968,72.3083517398266,52.19233406582278,36.388836468619424,20.116017674003828,52.198577303964456,2432,9.95748135386356e-09,7.491460005541013,1.593536376953125
302,train,0.175,4.659407997687691,1.0,9.662006894374988,0.3290154291218709,47.16934753389393,32.105758301040204,29.043434579474287,15.063589232853722,32.11380997357213,2153,9.982666779113766e-09,9.662006894374986,1.4427213668823242
303,train,0.07500000000000001,2.895524187901375,1.7000000000000002,4.000569639969813,0.4137565756598263,31.81168572308234,27.814842270735177,27.03464676336357,3.9968434523471643,27.818176078797627,2217,9.962308888409543e-09,4.000569639969812,1.6124770641326904
304,train,0.175,2.2087221071618317,0.35,14.262477140214463,0.7622813882255106,85.67981682241198,47.61213155058113,37.03426302294007,38.06768527183085,47.624016948549745,2366,9.959365556695517e-09,14.262477140214457,1.3288507461547852
305,train,0.07500000000000001,6.441241798729147,9.1,2.1302939200383477,1.3452119685889667,28.225139475286,28.17942634683034,27.884493183524913,0.04571312845565956,28.181201591768918,2014,9.956418861670136e-09,2.130293920038347,1.1422486305236816
306,train,0.25,4.307590732823334,1.2000000000000002,7.035069006931136,0.32585181226981585,44.169030709681024,31.59225343700622,27.843654351925792,12.576777272674803,31.598115994681134,2150,9.982147802089758e-09,7.035069006931135,1.611224889755249
307,train,0.22500000000000003,3.4245282350034234,9.75,14.421905363607078,0.3292459819013844,39.91783169760328,39.66857938416578,29.775199651413285,0.24925231343750198,39.68059763903258,1570,9.941554307686575e-09,14.421905363607078,0.8541817665100098
308,train,0.07500000000000001,2.0033870709999726,7.0,1.6316064399298995,2.5881852433642107,30.1916919581653,29.88402554907545,29.27398507410395,0.3076664090898511,29.885385221121346,2306,9.9659191525162e-09,1.6316064399298997,1.211601734161377
309,test,0.2,6.87821495034873,0.4,1.8375407224421887,2.050354326810007,32.58300159164924,29.35857451988842,28.971218555388713,3.2244270717608217,29.36010580383592,2482,9.949868076037748e-09,1.8375407224421894,1.4633562564849854
310,train,0.25,3.4268741300403,7.3500000000000005,8.944273589690527,0.7487805523477782,40.78352817433902,38.4981762657884,31.89357902810228,2.2853519085506164,38.505629827306265,2161,9.9943231391695e-09,8.944273589690528,1.2841343879699707
311,train,0.07500000000000001,2.786224166934463,0.30000000000000004,14.562532499062383,0.613444729912288,64.47538292903376,38.302284573152704,35.488296700160845,26.173098355881052,38.31442001700048,2322,9.955064777469779e-09,14.562532499062387,1.4584553241729736
312,train,0.22500000000000003,1.9321787517281,8.75,2.320004748832098,2.210162954414372,33.23264030070042,32.900740956001734,30.14794196637095,0.33189934469868376,32.90267429338858,2116,9.966762553437133e-09,2.3200047488320967,1.2570648193359375
313,train,0.07500000000000001,5.1032153375376375,5.3500000000000005,14.66256556515055,2.085815595079664,61.06249978054296,58.19040475779872,56.44003283573964,2.87209502274424,58.20262356248192,2391,9.976522995284558e-09,14.662565565150544,1.2194476127624512
314,train,0.125,1.3394769876675323,4.7,8.639459717134669,1.0486168929316848,49.50445132292675,42.3882110386899,34.46841079293326,7.116240284236845,42.39541058870438,2337,9.984907742554955e-09,8.639459717134667,1.4361941814422607
315,test,0.25,7.923582357331369,9.000000000000002,10.867736522604533,0.912136099719123,39.154735301601036,38.67686477204319,35.00893426337357,0.4778705295578476,38.685921219222706,1993,9.949188932630092e-09,10.867736522604535,1.4987847805023193
316,train,0.15000000000000002,2.434117043267532,0.95,6.48109578358204,0.3688709803653847,44.559146198271975,31.584431644226076,27.91148672747945,12.9747145540459,31.58983255753564,2192,9.991883395775779e-09,6.481095783582042,1.3753845691680908
317,test,0.15000000000000002,1.1951876180121563,4.45,7.245020500883165,2.557441706119449,60.46685466021016,52.84484613203608,43.86327533734326,7.622008528174078,52.85088364942027,2427,9.968887354892592e-09,7.245020500883164,1.3096280097961426
318,train,0.22500000000000003,1.0843662253339246,0.45000000000000007,3.8814771021821057,2.8369865648629893,57.91883910951673,44.185227676797446,36.22718876747369,13.733611432719286,44.18846234502875,2492,9.95866254408216e-09,3.8814771021821057,1.4392409324645996
319,test,0.175,1.654642694422308,1.7000000000000002,14.106477042962746,2.8465183290938523,109.53061117592127,80.50873059176327,66.17649426009865,29.021880584157998,80.52048598965266,2486,9.964484397695972e-09,14.106477042962744,1.6165156364440918
320,train,0.05,1.1197411631879697,0.45000000000000007,1.8865987018358132,0.470159803084243,30.700055889099843,26.78759925241536,26.062320798416973,3.9124566366844817,26.789171418024676,2262,9.952877914110238e-09,1.8865987018358104,1.2456753253936768
321,train,0.1,3.7031364487072254,7.25,8.52106437172076,1.2679753519480363,39.500399512847665,38.36827221875851,36.04839699101286,1.1321272940891518,38.37537310578175,2241,9.953253480637612e-09,8.521064371720765,1.2521312236785889
322,train,0.22500000000000003,6.318058178174037,2.4499999999999997,13.097915608698148,2.666639830652394,77.0737444001935,64.9957327673518,61.12582716664677,12.078011632841708,65.00664769711648,2485,9.970646413492067e-09,13.097915608698148,1.4164173603057861
323,test,0.07500000000000001,2.2279260718044203,0.35,4.163005410834955,0.8221722614220617,37.965650797810106,29.9524841695924,28.857686069350724,8.013166628217707,29.955953340799695,2380,9.988507664119523e-09,4.163005410834957,1.3013291358947754
324,test,0.175,2.3895153370410527,4.3,8.56667369039057,0.45701454810675146,42.31422102909596,35.453174909823964,29.354715178658243,6.861046119271997,35.46031380480839,2197,9.986091023344572e-09,8.56667369039057,1.2234501838684082
325,train,0.25,2.092830803806792,2.8,10.419947525588508,0.816358655086872,63.1388527551348,46.27488900670092,34.11002212303272,16.863963748433882,46.283572296966454,2348,9.984536796901404e-09,10.419947525588508,1.47287917137146
326,test,0.22500000000000003,5.2711670467732175,0.45000000000000007,14.113375686111773,0.4624074619512665,66.35671315471691,37.985593340575235,32.831612478743935,28.37111981414168,37.99735448715472,2259,9.971382467304035e-09,14.113375686111771,1.4514837265014648
327,train,0.1,1.280301819924869,1.5500000000000003,8.273694373535717,0.9667499749634708,55.218981440292175,39.71599934438827,33.65213907750785,15.502982095903903,39.722894089872725,2396,9.989888815058345e-09,8.273694373535715,1.1474370956420898
328,train,0.25,9.881318383845034,1.5,7.6912521303576336,0.7922957338106101,41.34915018728062,33.27680056699933,31.873431542650362,8.072349620281294,33.283209943819806,2366,9.976723978599483e-09,7.691252130357631,1.4642877578735352
329,train,0.125,1.1663415698757154,2.2500000000000004,4.191548811124554,1.3023575586566074,42.582617436641804,35.080331623376594,30.739452624294373,7.50228581326521,35.08382458084546,2424,9.957199228118925e-09,4.191548811124553,1.3713960647583008
330,train,0.175,9.580476308546729,1.4,13.554575202269778,0.8967728015366878,52.53932971025656,40.04922854334036,38.635533696784265,12.490101166916197,40.06052402273003,2387,9.974065977810222e-09,13.554575202269774,1.4410486221313477
331,train,0.05,1.1490285468350754,5.200000000000001,10.074572215339881,1.8150069914734221,52.25096750119633,47.98000374737889,43.8196954412567,4.2709637538174405,47.988399224324,2378,9.954718063804806e-09,10.074572215339877,1.3633556365966797
332,train,0.25,4.3444694160369695,5.8999999999999995,9.834916200206425,0.6680283437877088,41.43488242769121,37.53269213154699,31.948488506220315,3.9021902961442194,37.54088789521461,2223,9.952064115833578e-09,9.834916200206424,1.406646728515625
333,train,0.125,4.5975831702567405,3.0,14.44821747509275,0.704747552443894,48.914367980733054,39.55604253388683,36.397068337753964,9.358325446846223,39.56808271521048,2323,9.969976290320149e-09,14.448217475092749,1.1806490421295166
334,test,0.175,6.488181065052527,1.6,11.312023303620263,0.864630834245101,50.14993951820879,38.18060406120599,35.92474557740531,11.9693354570028,38.19003074736238,2378,9.998180004507933e-09,11.312023303620268,1.4448416233062744
335,train,0.125,1.6424612863599322,3.9000000000000004,2.836172368585939,0.4739198705895753,31.225050189936628,28.59004442514547,26.50049043986432,2.6350057647911562,28.592407902205444,2216,9.995756651716474e-09,2.836172368585941,1.2206125259399414
336,train,0.125,5.588172453773595,6.800000000000001,4.816210963822484,0.3871199146236325,28.769068737777264,28.090273476930907,27.013973945833815,0.678795260846357,28.094286986097003,2051,9.996296451764201e-09,4.81621096382248,1.2645542621612549
337,train,0.175,9.037465647973582,0.45000000000000007,3.7673377515649533,0.5867467710291049,33.47348419202236,28.056133934440776,27.627448985902785,5.417350257581585,28.059273382584568,2317,9.980942245035403e-09,3.7673377515649515,1.379652976989746
338,train,0.1,7.635290512646276,4.15,10.914205753796892,0.44905736388166406,34.62854445929273,31.667067915156096,30.667450883925984,2.9614765441366373,31.676163086654537,2200,9.999518858340707e-09,10.914205753796894,1.3035359382629395
339,train,0.15000000000000002,2.278676279901623,1.4500000000000002,3.063963348798202,0.5630551781761101,34.27410165670197,28.836588984395874,26.97138029531666,5.437512672306099,28.839142287250503,2300,9.980499122578228e-09,3.063963348798202,1.3286373615264893
340,train,0.1,1.3405289527956399,1.9,10.8703947513387,0.35241378360672604,55.24642024793532,37.27508136985707,29.594643927125457,17.97133887807825,37.28414003251671,2168,9.991821180532864e-09,10.870394751338697,1.1506056785583496
341,train,0.1,3.0277715352387102,4.500000000000001,11.471861805334257,1.959721471423692,56.73901789708673,51.62424923669869,48.23336787348717,5.1147686603880445,51.63380912161756,2410,9.97362303000901e-09,11.471861805334257,1.326772689819336
342,train,0.07500000000000001,6.615414832183777,0.6000000000000001,6.051347859845214,0.450273959307198,35.01078913322673,28.597398424496838,28.423843064140083,6.413390708729892,28.602441214397846,2248,9.969307880486328e-09,6.05134785984521,1.208265781402588
343,train,0.15000000000000002,2.9341650479297794,1.05,4.372979629800371,1.6939553699887362,42.59414274032693,34.778014765083235,32.823455701318245,7.816127975243695,34.78165891481832,2466,9.9761509724339e-09,4.372979629800371,1.5651402473449707
344,test,0.07500000000000001,1.8741499261502599,0.4,7.143503825227281,0.6026787565448909,46.823144261481275,32.38419362288469,30.005020631251757,14.438950638596587,32.39014654281773,2317,9.986906302138621e-09,7.14350382522728,1.2532627582550049
345,test,0.1,2.3403070523619873,0.6000000000000001,11.684176857478606,2.553433795298635,82.73113469227549,60.18761702955418,56.039474951587636,22.543517662721307,60.19735384371358,2493,9.991806719627169e-09,11.684176857478604,1.4383692741394043
346,train,0.125,4.395400197324026,6.15,14.98361492267122,1.2320766852792773,51.49618405412921,48.18412084723192,44.09743020562709,3.3120632068972924,48.196607193089875,2306,9.955987656966141e-09,14.98361492267122,1.391021728515625
347,train,0.15000000000000002,7.758530406905074,7.15,12.080320829306713,0.8670669764759424,39.52420599126953,38.18247968640669,35.83611792142586,1.3417263048628456,38.19254662048391,2201,9.991311304548201e-09,12.080320829306716,2.176048755645752
348,train,0.2,1.0370639922324554,1.4500000000000002,7.920403469484649,0.7664496717937817,68.39906880243292,46.58946972382755,31.484746566897016,21.809599078605373,46.59607022327292,2357,9.969626822740721e-09,7.92040346948465,1.4194025993347168
349,train,0.05,3.6997071704974753,1.9,12.712582574457702,0.38528167912918254,40.06752574125919,32.00794899248652,31.17311223875638,8.05957674877267,32.018542811347956,2194,9.965913497756428e-09,12.712582574457699,1.170839548110962
350,train,0.2,6.208761522103882,5.7,14.927538990692149,2.238892652566962,67.96162692225607,63.68996312875838,59.14864864350301,4.271663793497694,63.702402744683916,2373,9.973609219987178e-09,14.927538990692147,1.350281000137329
351,train,0.1,7.76066625377603,0.8,6.623262876131269,0.5561684637255089,36.45175770919145,29.741307193717283,29.44666309675694,6.7104505154741645,29.746826579468973,2300,9.971105435762332e-09,6.623262876131271,1.2437372207641602
352,train,0.22500000000000003,8.685710584760997,0.9000000000000001,8.798024946340302,0.5935002212261676,44.596690979162624,32.771996792214026,31.129840916550158,11.824694186948598,32.77932847972515,2314,9.998062258737987e-09,8.798024946340304,1.4661195278167725
353,train,0.175,1.4784273011175957,0.5,1.8112348235338191,2.669406893929445,37.37050501559534,32.034710155013656,29.967985189856027,5.335794860581686,32.036219517415894,2490,9.952397067184588e-09,1.8112348235338191,1.292924165725708
354,train,0.2,6.825286591916146,3.1000000000000005,3.6868962597551955,0.4493487121234376,30.251687498909355,27.850745181649973,26.942543114929506,2.400942317259382,27.853817595228815,2221,9.995071746891144e-09,3.686896259755192,1.187520980834961
355,train,0.125,6.486168123191164,0.6500000000000001,13.785992571827661,0.4141681130985623,51.87962093190352,33.79159268547561,32.17924037695189,18.08802824642791,33.803081012687585,2228,9.955363661475076e-09,13.78599257182766,1.2212274074554443
356,train,0.1,6.523397998426707,0.6000000000000001,4.866903088391925,2.764649889761814,45.29775909013376,39.351414635712224,39.056588686929416,5.946344454421535,39.35547038830118,2501,9.981515349121918e-09,4.866903088391922,1.3446931838989258
357,train,0.2,1.8390672278779319,1.2000000000000002,7.055218305393126,0.537224740351238,53.395073707418305,36.680378829865106,29.266927984105074,16.7146948775532,36.686258178865295,2288,9.95011042450156e-09,7.05521830539313,1.3521173000335693
358,train,0.2,5.913564570140878,1.0,12.691761075130271,0.49000012308279983,54.688227712095035,35.90271705539258,32.439498224950775,18.785510656702456,35.91329352307358,2269,9.943956221797948e-09,12.691761075130277,1.519554853439331
359,train,0.2,1.0099637255045564,2.0500000000000003,14.9170888143333,0.3279182325804146,95.91109222824628,59.89137846450898,30.555104651789588,36.01971376373729,59.903810543554826,2154,9.993015062571712e-09,14.917088814333304,1.2765731811523438
360,train,0.07500000000000001,3.3030461561751054,4.95,2.246588071050745,0.7453425390239573,27.91476861039488,27.253864775943924,26.806746744778547,0.6609038344509557,27.25573693268101,2286,9.953040469933692e-09,2.246588071050744,1.3132343292236328
361,train,0.07500000000000001,5.585676771797485,1.0,3.6437098866589457,0.47056224822643883,30.739633190502563,27.316188257087614,27.12135924192423,3.423444933414949,27.319224682006464,2258,9.947407504877911e-09,3.6437098866589483,1.1898908615112305
362,test,0.175,3.0159009550678513,6.0,9.99153385995191,1.4706970091746963,49.66575183655323,45.80025653872047,40.09005755331717,3.8654952978327586,45.80858281706452,2323,9.988250605930688e-09,9.991533859951907,1.2317211627960205
363,train,0.125,9.615838740937047,1.15,6.646961645487796,2.5145960119577766,48.532347530620214,42.783435434408474,42.52152797738305,5.74891209621174,42.788974569129124,2499,9.967863579912263e-09,6.6469616454877976,1.301015853881836
364,test,0.05,5.368033856659173,4.05,2.3690319642362034,0.8817646022198672,27.941088823147478,27.382634728860868,27.2747771713376,0.5584540942866099,27.384608922169775,2342,9.987582661504203e-09,2.3690319642362034,1.1477041244506836
365,train,0.1,1.586947177797997,0.5,7.493593546480267,0.5841857542699006,51.85299993265937,34.330721322697634,30.022350764200258,17.522278609961738,34.33696598412932,2310,9.964484832210312e-09,7.493593546480268,1.264984130859375
366,train,0.07500000000000001,8.083601417720068,4.8500000000000005,4.724432216703313,0.5639695400525208,29.086040794679146,28.24844070112238,27.96065498085757,0.837600093556766,28.252377727980704,2235,9.97720088263912e-09,4.724432216703312,1.09257173538208
367,train,0.22500000000000003,1.797746078649473,0.4,14.213177153451957,0.7571275561057386,97.69460492038336,53.98817383815714,36.72124467687007,43.70643108222622,54.000018153641065,2359,9.959548340265153e-09,14.213177153451959,1.3652846813201904
368,train,0.25,7.025399904941376,1.1,1.491635355535332,0.4355748793196424,28.39592102885435,26.2265118511132,25.78794704757642,2.169409177741148,26.227754880592666,2238,9.9637490088943e-09,1.4916353555353283,1.1407980918884277
369,train,0.1,4.3576298815084895,4.500000000000001,3.953081438841981,2.4803721363429667,37.2153551184757,35.83416292464724,35.079121672374896,1.3811921938284613,35.83745715920009,2427,9.964030472793891e-09,3.9530814388419797,1.2077720165252686
370,train,0.175,7.05311157410954,0.6000000000000001,1.7075038411008079,2.2107762694484068,31.823764702830278,29.251218491788023,28.96932451645215,2.572546211042255,29.2526414116629,2487,9.953884446468948e-09,1.7075038411008072,1.2662105560302734
371,train,0.22500000000000003,2.022088823415157,2.4499999999999997,11.639536371810221,0.4031015918903588,62.993519746716466,43.00223875547077,30.365898334070838,19.991280991245695,43.011938370094136,2206,9.94529876057697e-09,11.639536371810221,1.1543898582458496
372,train,0.07500000000000001,8.679834789365161,3.65,7.177118478727813,2.2583923471091993,43.93355667467674,42.05019846246628,41.848003810338284,1.8833582122104602,42.05617939454535,2453,9.980151975938115e-09,7.177118478727815,1.2470078468322754
373,train,0.22500000000000003,3.368663493348572,3.9000000000000004,12.487083214020457,1.6845120282996777,65.4672136353024,54.76004134143407,46.81545694162908,10.707172293868332,54.77044724429891,2413,9.989908229827552e-09,12.48708321402046,1.315119981765747
374,train,0.175,1.3117283378624314,0.6000000000000001,8.040249117724946,0.9602806483429588,67.70851349451235,43.69544201828586,33.256783929320875,24.013071476226486,43.702142226788126,2394,9.993413838965769e-09,8.040249117724949,1.407480001449585
375,train,0.1,3.825113703526633,1.05,12.016479340300387,2.456263785004237,73.59537246064853,58.02762098135523,55.85616982481618,15.567751479293307,58.037634714202554,2496,9.969254871305885e-09,12.016479340300389,1.3080482482910156
376,train,0.22500000000000003,5.4515903951242,3.0500000000000003,8.323266989910408,0.4630751633472977,39.40358666684475,32.54614098143522,29.46595841384996,6.85744568540953,32.553077037354505,2233,9.979425474336527e-09,8.32326698991041,1.1547293663024902
377,train,0.1,6.240684950592972,8.65,11.105708651270588,2.4830259098280405,55.145243223086574,54.69775400775475,52.72780212712179,0.44748921533182084,54.70700876499821,2147,9.973502433160254e-09,11.105708651270588,1.041985034942627
378,test,0.07500000000000001,2.249317044768861,2.65,7.635058326933091,2.909042067375476,56.37397487785799,49.99191233929016,47.90979935777555,6.38206253856783,49.99827488794988,2486,9.964861837340444e-09,7.63505832693309,1.208167314529419
379,train,0.25,1.2411029960352224,1.15,13.257546623381307,0.5769956848707894,99.34687480617958,59.76349097400904,33.31877279926419,39.58338383217055,59.77453955321794,2307,9.962242009565567e-09,13.257546623381305,1.222764015197754
380,train,0.15000000000000002,2.4142551293259236,9.3,13.369417709931906,0.6004012840567194,42.4003663663179,41.74578745853588,33.09838757075892,0.6545789077820174,41.756928640221304,1861,9.995736189760688e-09,13.369417709931906,0.936547040939331
381,train,0.22500000000000003,5.891055490060943,0.8500000000000001,9.489079763017491,1.3664760463036192,57.61358111310768,41.883391387446515,38.928992412894225,15.730189725661162,41.89129895399267,2448,9.971086922122768e-09,9.489079763017493,1.3836126327514648
382,train,0.25,1.0579151605725634,0.55,10.966849348240101,1.0981065744040526,102.52300680936625,63.297095495237315,37.58597221823699,39.225911314128936,63.30623637745306,2415,9.949875614242348e-09,10.966849348240103,1.3051199913024902
383,train,0.22500000000000003,3.1304377940608408,0.30000000000000004,5.875862368460387,2.1989810491977133,57.6771836776331,42.32535443344795,38.440004740611116,15.351829244185154,42.33025098551809,2483,9.947870001516082e-09,5.8758623684603855,1.2685530185699463
384,test,0.2,2.491358554420464,8.15,1.7123302836302048,1.6858813478479877,29.61501151055858,29.314198230499333,27.912473768958208,0.30081328005924846,29.315625172430103,2181,9.975224462696583e-09,1.7123302836302052,1.233752965927124
385,test,0.05,1.8097251262373193,6.1000000000000005,11.44495170543111,2.305825435566643,57.44695964302164,54.90501583529454,51.90020416007505,2.541943807727101,54.91455329511315,2355,9.953942994387144e-09,11.444951705431114,1.1067659854888916
386,train,0.1,3.398542887493538,4.45,4.439796401929733,0.5103493429648303,30.552706854259245,28.709123236620815,27.538936852775038,1.84358361763843,28.712823066989092,2223,9.998908620059183e-09,4.439796401929731,1.1298458576202393
387,test,0.07500000000000001,1.064589389856215,8.6,10.940236320764727,1.296228627547001,48.49332047845217,47.22573480887918,39.305247316656114,1.2675856695729877,47.23485167266577,2094,9.979400019798268e-09,10.940236320764727,0.9797267913818359
388,train,0.125,3.40104923257294,1.4500000000000002,7.293451375729292,1.3108725424529364,47.15094872924443,37.46625528865438,35.28513553535858,9.684693440590053,37.47233316485878,2439,9.956249447723537e-09,7.293451375729293,1.220695972442627
389,train,0.2,1.5905047680849662,6.6,12.364533197069711,0.6709418257933806,55.50667829258574,49.22505828328819,33.59726309789366,6.281620009297548,49.23536206242255,2185,9.948245096571455e-09,12.364533197069719,1.1444320678710938
390,train,0.25,1.383653353321553,9.05,13.640497626823969,2.5062175175432446,86.1154964122582,84.25243617662025,59.26141891667114,1.8630602356379455,84.26380337382795,2062,9.96843005065167e-09,13.640497626823963,1.1135005950927734
391,train,0.175,2.1486369881131377,0.45000000000000007,3.9648102885283447,0.36908181341075424,40.16222307555159,29.814806045370247,26.75866861158469,10.34741703018134,29.818110054100128,2195,9.978267968238296e-09,3.9648102885283425,1.1330842971801758
392,train,0.07500000000000001,1.1784320191074402,9.65,2.0368075671670303,0.40706459969188447,27.237099034858144,27.18821742923008,25.834441080751795,0.04888160562806476,27.189914768915834,1672,9.976920659054843e-09,2.036807567167033,0.7892749309539795
393,train,0.07500000000000001,6.718225787228535,2.15,11.841840863970653,1.2824287997561308,48.0297499537661,41.87342424733693,41.48108829639917,6.156325706429172,41.88329244808649,2431,9.957774037246556e-09,11.841840863970654,1.2394516468048096
394,train,0.125,4.349782360551642,1.7000000000000002,10.978495712658196,0.8404541123040868,49.36939065515767,37.720323479701015,35.31829393831177,11.649067175456658,37.729472226202645,2372,9.987555950748937e-09,10.978495712658198,1.271843671798706
395,train,0.22500000000000003,2.2185224247294073,1.4,3.3759974713798493,1.877988742235322,42.23748591444855,34.868076418134805,31.590477289011787,7.369409496313743,34.87088974945142,2463,9.958886888579437e-09,3.375997471379849,1.3464040756225586
396,train,0.22500000000000003,1.4240706847144329,0.6000000000000001,12.788982124811357,0.6416859795410282,94.07444092518445,53.807144684989545,33.96579051303241,40.2672962401949,53.817802191837366,2327,9.97360935991622e-09,12.788982124811355,1.289552927017212
397,train,0.1,4.853442284485145,5.8999999999999995,2.0884253369505896,1.746407789939472,29.552892221242004,29.141933150394426,28.748123245750946,0.41095907084757854,29.143673504852018,2346,9.984385650808685e-09,2.0884253369505905,1.2097632884979248
398,train,0.07500000000000001,1.646729873611414,3.15,13.737152718265273,0.5917529933099528,51.56822960537743,39.809123619664625,34.140012002365474,11.759105985712807,39.820571247100595,2288,9.955353922310852e-09,13.73715271826527,1.19527006149292
399,train,0.1,3.705388978434648,0.75,8.759998200169992,1.2559816239899826,51.61262153400038,38.636620490620274,36.96721318939949,12.976001043380109,38.64392048917169,2439,9.983211845252403e-09,8.75999820016999,1.2727527618408203
400,train,0.15000000000000002,4.202873993876635,0.4,10.709566574214074,1.418638072871789,64.93303586680062,44.345440235551536,41.32410700215291,20.587595631249087,44.35436487444471,2448,9.997352102579781e-09,10.709566574214074,1.2268385887145996
401,train,0.175,4.814909428878421,0.35,7.255743793798136,0.7694074492878862,47.73822871654845,33.44347407270172,31.319039381180566,14.29475464384673,33.449520525925664,2370,9.94953207991847e-09,7.2557437937981355,1.1737875938415527
402,test,0.125,1.6686602783449134,1.25,11.400688338013152,0.5178253789929973,62.60089647187297,39.79538761052774,31.787811567650706,22.80550886134523,39.80488818445275,2282,9.977556667541862e-09,11.400688338013154,1.196838140487671
403,test,0.05,6.756937629101587,1.85,11.645903592584645,0.8905888182355771,42.07131132591158,36.59256734215852,36.707306087464886,5.478743983753063,36.60227226184019,2385,9.998374504121743e-09,11.645903592584645,0.9403407573699951
404,test,0.15000000000000002,4.166001187252478,7.65,7.885376139780739,1.0133950831587657,37.11606230971796,36.0733227113619,33.16937847801317,1.0427395983560643,36.07989385821132,2182,9.989604740668026e-09,7.885376139780741,0.946058988571167
405,train,0.15000000000000002,3.999419534626698,3.8,2.0059046968072805,0.9835777442353866,29.01303989084679,27.787135380700132,27.11573298983111,1.225904510146659,27.78880696796449,2359,9.959349466398212e-09,2.0059046968072796,1.448521614074707
406,test,0.2,8.349971328479858,1.5500000000000003,7.556487485720634,2.7499274946610734,55.45128812881903,47.82272773464291,46.5970996414869,7.6285603941761195,47.82902480758451,2500,9.949830141018368e-09,7.556487485720634,1.4930658340454102
407,train,0.15000000000000002,2.822126414069446,0.5,4.036825719281037,0.37351564134847487,37.559506053005634,28.777916156617888,26.853165660553156,8.781589896387747,28.78128017812534,2195,9.982935102341412e-09,4.036825719281035,1.5464363098144531
408,train,0.175,2.7036200655423834,4.25,11.268530199197702,0.3230504441876674,44.74020460182374,36.28164761194393,29.214338478850113,8.45855698987981,36.291038054094685,2102,9.95128687117975e-09,11.268530199197702,2.2741928100585938
409,test,0.05,3.7152060355540435,0.45000000000000007,14.175067986705763,0.4410484034993907,51.231669584198066,33.59666524022961,32.86739203735551,17.635004343968454,33.608477796937805,2245,9.968154475888067e-09,14.17506798670576,1.5056376457214355
410,train,0.125,2.1195241151112847,2.65,6.771620350497052,1.7249015284739269,48.80894600837041,40.88276705730245,37.21574224381675,7.9261789510679606,40.8884100743492,2448,9.983748097004724e-09,6.771620350497052,1.8289029598236084
411,train,0.175,1.7009013479755573,7.050000000000001,8.002935090386929,1.7108597236025902,50.150237571576625,47.17260633720714,38.881349421159165,2.9776312343694826,47.17927544999,2277,9.966508562495015e-09,8.002935090386929,1.6243672370910645
412,train,0.15000000000000002,9.973064112840841,0.55,5.016493789888368,0.5340160885929353,34.73746520831047,28.588070015700108,28.24753402424485,6.14939519261036,28.592250427210818,2295,9.997927272971886e-09,5.01649378988837,1.3152399063110352
413,train,0.22500000000000003,1.8317716454572575,2.15,14.909315324041803,2.93358949525931,116.56315827362127,87.51091067981801,69.71024651416586,29.05224759380326,87.52333510974401,2486,9.982421996279014e-09,14.909315324041799,1.8630313873291016
414,train,0.05,4.355391610794686,5.95,14.061068418349073,0.47971343547493217,35.66720062300405,33.793047068874586,32.37736196687475,1.8741535541294638,33.804764625933046,2154,9.956504279248285e-09,14.06106841834907,1.5980701446533203
415,train,0.15000000000000002,3.3770829559593274,5.4,5.244829072884283,0.8259053839101914,33.91331076025048,31.82304551291985,29.58273159306203,2.090265247330631,31.827416203870797,2280,9.997311221770242e-09,5.244829072884283,1.589599370956421
416,train,0.1,9.661547574305283,7.050000000000001,12.178276827592807,0.5575088366436596,34.408501721704674,33.425483062377616,32.16792625223157,0.9830186593270582,33.43563162643249,2130,9.952693251978767e-09,12.178276827592805,1.599121332168579
417,train,0.25,2.093389656943307,1.9,8.85088324386817,0.9607802655709707,62.48786098361045,44.34669413246733,34.0748056047299,18.141166851143126,44.354069868977994,2386,9.95247563643347e-09,8.850883243868168,1.980243444442749
418,test,0.175,2.560489637986065,3.95,5.669698970696975,0.6423892307607103,37.54677406979409,32.691998902412,28.971884785417153,4.854775167382087,32.696723651671675,2287,9.955284902677078e-09,5.669698970696977,1.7841196060180664
419,train,0.175,1.340373897858048,0.5,12.907292304899007,0.8383079664817507,92.34288919046917,53.07009712909511,36.683534744880525,39.272792061374055,53.08085320734856,2375,9.958220017861327e-09,12.907292304899006,1.8790240287780762
420,train,0.05,5.7456755719116686,1.9500000000000002,1.2961841599261088,0.6215595048649168,26.591810910795655,25.958417760363844,25.94708646749947,0.6333931504318109,25.959497913832738,2318,9.980829961128975e-09,1.2961841599261057,1.613537073135376
421,train,0.1,1.5031468501473644,2.8,4.85043456882354,0.3483918877135526,35.854408868311054,30.066260551156674,27.00770163593806,5.788148317154381,30.07030258009798,2153,9.947679754719235e-09,4.850434568823536,1.5303840637207031
422,test,0.05,3.8170451580656293,0.25,12.883089583905242,0.4290603413876725,50.465152291455375,32.61242505058941,32.002679909983826,17.852727240865967,32.62316095862267,2238,9.953829822739175e-09,12.883089583905242,2.1678647994995117
423,train,0.05,4.041721040291837,1.3000000000000003,7.199921297246635,0.35393083205727577,34.28772698623093,28.66097163902401,28.313884554768503,5.62675534720692,28.666971573464043,2173,9.978465980173165e-09,7.199921297246635,1.6909537315368652
424,test,0.15000000000000002,7.817222704936742,0.25,3.500458459759648,2.4045036657924754,39.809013632237836,34.19647798926747,33.83726559758381,5.612535642970364,34.19939503799813,2499,9.98091667788427e-09,3.5004584597596473,2.0066654682159424
425,train,0.22500000000000003,3.5439991805777558,0.45000000000000007,3.839066336528224,1.371221136352794,41.91287307237056,32.819911170216955,30.610121398863726,9.092961902153604,32.823110392220336,2448,9.959982387263239e-09,3.8390663365282225,1.8552076816558838
426,train,0.07500000000000001,3.975820865287208,8.4,7.916890451264878,0.5989535824642659,31.899194735034712,31.47939852857478,29.86045346447338,0.41979620645993165,31.485995937321015,2019,9.957464873868427e-09,7.916890451264878,1.3204677104949951
427,train,0.2,3.000771386340804,0.95,4.141822497445609,0.33349129644948144,37.82304610272195,29.26947314085787,26.69983447662678,8.553572961864084,29.27292465971976,2161,9.984668371259222e-09,4.141822497445606,1.7312967777252197
428,train,0.05,5.1452839591872594,0.25,7.148499184883086,1.321693201746377,44.2397924668655,35.36320001057654,35.36566153219896,8.87659245628896,35.369157093246386,2448,9.967944109160004e-09,7.148499184883085,1.4818778038024902
429,train,0.125,4.077595198397933,4.4,12.347276019237166,1.5446392833337699,53.643264331103396,48.23789266854985,44.89953249479947,5.405371662553549,48.248182065313834,2394,9.964672106704946e-09,12.347276019237167,1.4205763339996338
430,train,0.05,2.98553690517923,2.3,4.437924543332322,0.33088194682736627,30.068166953221052,27.34850238038387,26.872943034216146,2.719664572837182,27.352200650857814,2141,9.99150866597684e-09,4.437924543332324,1.1032052040100098
431,train,0.05,1.673363612157974,1.35,6.795024466764412,0.450596937861783,38.68194663334085,30.301679529602254,28.717255537286004,8.380267103738596,30.307342050048895,2246,9.968200040851499e-09,6.795024466764414,1.1775016784667969
432,train,0.07500000000000001,8.42726534871884,0.55,14.014020817941104,0.3125951344226712,44.714856196260264,31.060017288544014,30.96038630500021,13.65483890771625,31.071695639263737,2139,9.95886782170227e-09,14.014020817941102,1.0458533763885498
433,train,0.22500000000000003,8.413224400125394,8.4,1.1687260822229528,1.7383633273419223,27.458911019732817,27.380265838141966,27.049804611857194,0.07864518159085065,27.38123977654894,2150,9.995940422131778e-09,1.1687260822229522,1.0439581871032715
434,test,0.2,8.051971310634213,9.000000000000002,8.70452907976695,0.359151260173883,30.875759105404235,30.556718696335484,28.197323024549704,0.31904040906875153,30.56397247063061,1819,9.978796355627829e-09,8.70452907976695,0.9968423843383789
435,train,0.25,7.076022379694766,2.4000000000000004,9.606314418636046,0.7841061579361933,45.13499416856437,36.22253192849824,33.36810797868006,8.912462240066127,36.230537190593424,2353,9.951509496546234e-09,9.606314418636048,1.313051700592041
436,test,0.175,1.424228850800289,3.85,2.0502423029215926,1.6102823093108547,33.41742878449318,30.883889425180186,28.406394826375426,2.5335393593129965,30.88559796053133,2412,9.956098769598907e-09,2.0502423029215917,1.296163558959961
437,train,0.175,7.062824626353227,1.4500000000000002,8.13762512479869,0.6156523302813226,40.95455797761665,32.277167985521565,30.83324786308487,8.677389992095087,32.283949339841435,2321,9.999258503921607e-09,8.137625124798692,1.1893558502197266
438,train,0.25,5.409093325206261,1.0,3.447303407262071,0.49739434907922736,34.32047040220974,28.414251868411906,27.022138813532735,5.906218533797837,28.417124621295724,2272,9.989578322402701e-09,3.4473034072620727,1.1657493114471436
439,train,0.25,2.9101963126645036,8.1,11.278048840652854,0.49245324425058595,42.72157672250014,40.59004338253528,30.70888578834061,2.131533339964861,40.59944175699009,2012,9.983269951344157e-09,11.27804884065285,1.2684142589569092
440,train,0.25,2.3889140407897167,5.800000000000001,4.383794371735833,1.2467571475099577,37.872853034766734,35.188337441606635,30.618267438075257,2.6845155931601,35.19199060372106,2313,9.992903812932851e-09,4.383794371735831,1.3875765800476074
441,train,0.22500000000000003,8.446377506306073,0.6500000000000001,10.70097226820197,2.913626474608078,75.55550168608585,59.3591761057642,57.37969661243434,16.19632558032165,59.36809358270902,2509,9.956797880519962e-09,10.70097226820197,1.6484088897705078
442,train,0.15000000000000002,1.2257510972976442,3.0,5.756303268486425,0.3534807209404668,43.209888325875724,34.25644376531392,27.329424698213778,8.953444560561806,34.26124068571469,2156,9.96917443597295e-09,5.75630326848643,1.1324870586395264
443,train,0.07500000000000001,2.98748420542048,4.05,4.991713605812643,0.6488855936887236,31.7886245530507,29.64611870061282,28.589449650290643,2.1425058524378784,29.650278461981035,2287,9.972378977698979e-09,4.9917136058126435,1.4261441230773926
444,train,0.05,3.3118595607149905,5.6,7.249452890011932,2.692132408989453,47.155635368126106,45.83448051480912,44.91449327893754,1.3211548533169832,45.84052172557344,2389,9.99517586726019e-09,7.249452890011932,1.2891972064971924
445,train,0.22500000000000003,4.475015972012424,0.4,13.39130183517521,0.9255213585379769,73.92804576816334,44.53986709749892,38.65830142226231,29.388178670664423,44.55102651586283,2395,9.955791526802342e-09,13.39130183517521,1.2888669967651367
446,train,0.1,1.4213143271566813,3.15,1.663215094212857,0.5803834498291799,29.03696007362576,27.18678010278026,26.07416194767635,1.850179970845499,27.188166115398644,2283,9.97884817572373e-09,1.6632150942128567,1.446617841720581
447,train,0.07500000000000001,1.3797092961320678,1.25,6.800952807921059,0.9976947557395996,47.457315850454194,35.69191978027733,32.40095371501797,11.765396070176863,35.69758724104482,2405,9.948461352158129e-09,6.800952807921059,1.3163537979125977
448,test,0.1,1.0765732619843218,2.4000000000000004,6.232052040352919,1.3441763607900528,49.36110427981073,39.35791779628441,33.811799929592766,10.00318648352632,39.363111173142734,2421,9.959682834555178e-09,6.2320520403529205,1.4990594387054443
449,test,0.1,1.2843014438594884,0.25,4.4761194703940985,0.8583582342869283,44.789804867760836,32.46538381116555,29.214581087619727,12.324421056595284,32.469113910830735,2385,9.99496772901792e-09,4.4761194703940985,1.6199572086334229
450,train,0.1,6.461041867490852,1.0,8.426176514443105,1.1766216823995785,45.01787136541077,36.47838045206329,35.90492249877058,8.539490913347478,36.485402265853054,2427,9.95539073174964e-09,8.426176514443105,1.9417195320129395
451,train,0.125,1.0515535445869189,1.65,5.82763763158373,0.7914097245320462,49.495986915664226,36.71914886458863,29.994749950931844,12.776838051075593,36.72400522961375,2363,9.949923821649962e-09,5.827637631583732,1.9392893314361572
452,train,0.2,6.064857004486207,8.1,1.3117634888144,1.1981026190403588,27.169810095270254,27.044651850645963,26.595343811840813,0.12515824462429137,27.045744986894775,2152,9.979985367628675e-09,1.3117634888144005,1.3024771213531494
453,train,0.05,5.805559324531651,0.7,12.025778188085035,1.2866970506801239,52.62443904943342,41.880040435796055,42.007916322695145,10.744398613637365,41.89006191764339,2439,9.973249766336657e-09,12.025778188085033,1.2993125915527344
454,test,0.1,9.57204675677375,0.30000000000000004,7.229128654378087,1.0570828873903686,42.47488347131859,33.61991964509968,33.54899470202488,8.854963826218913,33.62594391899524,2417,9.952776043072187e-09,7.22912865437809,1.3923027515411377
455,train,0.25,1.4019845678072798,0.8500000000000001,14.827064268590464,0.3114237364612461,102.13599013379611,56.514088506109566,30.363905935040602,45.62190162768655,56.526444776458945,2146,9.959685201723633e-09,14.827064268590458,1.2029926776885986
456,train,0.05,6.960727331306112,0.8500000000000001,7.717179038572147,2.852114788578283,53.65413883275071,47.80256393244002,48.024341321149095,5.851574900310688,47.80899491498465,2508,9.981655448944865e-09,7.717179038572146,1.8843424320220947
457,train,0.15000000000000002,2.9845361008812334,0.4,1.7241008833294749,2.645683124360351,34.29277678485729,30.481101407854247,29.732489169278722,3.8116753770030414,30.482538158611494,2496,9.950049460976165e-09,1.7241008833294749,1.9329097270965576
458,train,0.25,3.192007525418008,0.35,6.931171687708471,2.554034585481946,66.69112490385155,48.344699791148656,43.297563346096524,18.34642511270289,48.35047576767495,2497,9.966025860965084e-09,6.931171687708472,2.2503232955932617
459,train,0.1,3.1798965654057265,9.000000000000002,4.623698921323595,0.9586641666271334,31.2330555501577,31.029179189672753,29.474040974001092,0.20387636048494784,31.033032272141458,1998,9.953139035640001e-09,4.623698921323594,1.5525128841400146
460,train,0.2,2.8070642589028374,0.7,12.976655087850343,0.7362252761328252,73.98953427211329,44.19956788770342,35.6345644303489,29.789966384409873,44.21038176722317,2355,9.97451766074745e-09,12.976655087850347,1.819277286529541
461,test,0.22500000000000003,3.39408950668929,9.15,3.6107661265820945,0.6005122781088394,29.901386334467375,29.673279986110682,27.191338291868604,0.2281063483566932,29.676288957960047,1905,9.99266868214345e-09,3.6107661265820923,1.5203940868377686
462,train,0.07500000000000001,2.465117983188744,0.5,10.520489095710479,0.45545210484862414,51.50224263219359,33.31676761943213,30.850935007501374,18.185475012761465,33.32553469376664,2251,9.943510347949968e-09,10.520489095710477,1.5648119449615479
463,train,0.05,4.729473021027049,0.6500000000000001,5.973049677696797,0.6698567017939691,35.8171815703594,29.816727342116387,29.72263841495037,6.000454228243015,29.821704883530256,2343,9.982727169031069e-09,5.973049677696796,1.7309460639953613
464,train,0.1,2.9275833136089093,0.95,12.936718066552299,1.1196231776896366,64.12674319511605,44.302038417757416,40.824974251773185,19.824704777358633,44.31281901624709,2424,9.947863424939163e-09,12.936718066552302,1.7778127193450928
465,test,0.2,1.6361790263409939,6.9,5.797104144470969,0.3281713263043647,36.719880670681405,34.167336348468154,27.0190447904393,2.552544322213251,34.172167270038244,2002,9.942467822881142e-09,5.797104144470965,1.3801584243774414
466,test,0.175,1.3302646622504912,0.6000000000000001,11.459552217623754,0.4053900341745192,79.11146255450807,45.07428272794092,30.353668184525922,34.03717982656715,45.08383235797913,2220,9.979167779386625e-09,11.459552217623756,1.5753638744354248
467,train,0.15000000000000002,6.411272324998089,7.9,9.491449405711226,1.5398571954478038,42.9401941851613,42.12877691268077,39.81826123436929,0.8114172724805329,42.136686453896246,2197,9.986276789659417e-09,9.491449405711226,1.4618349075317383
468,test,0.125,9.835760774302596,0.9000000000000001,3.279991717397835,0.991490345396072,31.91386744088648,28.770058396651653,28.643845196152032,3.1438090442348283,28.772791723092382,2406,9.949703062743666e-09,3.2799917173978357,1.7598023414611816
469,train,0.2,3.413892251040316,0.5,9.583531865917953,0.30991742015724505,55.47845210679277,33.88002706943026,28.74131282029773,21.59842503736251,33.88801334622073,2136,9.975006681151135e-09,9.58353186591795,1.329890251159668
470,train,0.05,1.8389684475890442,0.30000000000000004,2.515492180647999,0.521639179348095,31.615845451035,27.0736813788117,26.576439067209563,4.542164072223301,27.07577762231326,2285,9.968836821191996e-09,2.5154921806479984,1.3544752597808838
471,train,0.25,1.8789108253023623,0.30000000000000004,4.910967370712208,0.4678029877416695,49.79627251844704,33.98311406879006,27.604982029533424,15.813158449656981,33.98720654291515,2259,9.960454537737482e-09,4.910967370712209,1.3488988876342773
472,train,0.25,2.427547504587985,0.8500000000000001,5.590934369429856,0.36885233107599874,47.17137204077396,32.99241751303266,27.435514836058285,14.178954527741297,32.997076625393355,2195,9.951517557022194e-09,5.590934369429857,1.2102298736572266
473,train,0.125,1.0597537136585413,0.55,11.593091983832615,2.937183097137266,106.8004893871681,73.08276368316169,59.90726889719898,33.71772570400641,73.09242459347482,2500,9.97656111333743e-09,11.593091983832617,1.4077095985412598
474,train,0.125,3.193150259498524,1.8000000000000003,5.404141966501796,1.7826278751741462,43.50482420740136,36.91572314341659,35.15351926107297,6.589101063984771,36.92022659509705,2459,9.997994030655492e-09,5.404141966501797,1.3162012100219727
475,train,0.25,5.817771876783966,5.65,13.53706408075638,0.8155873909807106,47.0721678212219,42.2751686727562,36.64452584206059,4.7969991484657015,42.286449559631826,2274,9.95224160061171e-09,13.537064080756384,1.520185947418213
476,train,0.07500000000000001,6.403224502067519,0.8,14.0093914160861,0.37278871531851604,45.83425676527215,32.29539808874406,31.783134745130482,13.538858676528093,32.30707258163719,2193,9.960519489448608e-09,14.009391416086102,1.1676065921783447
477,train,0.2,9.868909789609695,4.3,2.3057926745405815,1.3594113850919585,29.462091292366733,28.672900260516165,28.298567736710908,0.7891910318505673,28.674821754421913,2386,9.985594663775293e-09,2.305792674540582,1.5286304950714111
478,test,0.07500000000000001,5.890971876840693,4.75,9.433743543280269,2.157653224408378,48.94535046226399,46.84666344501245,46.0028356278285,2.0986870172515353,46.854524897989435,2417,9.95111046817325e-09,9.433743543280272,1.2956626415252686
479,train,0.05,1.2528044294346878,0.7,6.7984853022973875,0.330810440466705,42.41563478181292,30.171936579938055,27.863402592484434,12.243698201874864,30.177601984446444,2155,9.97482293405241e-09,6.798485302297385,1.0584628582000732
480,train,0.175,1.8416769648728304,1.05,6.951436847892291,2.2726522551859025,63.8925419559401,47.617935391253106,41.3433117831189,16.274606564686998,47.62372825543913,2485,9.96273066580497e-09,6.951436847892289,1.4420535564422607
481,train,0.15000000000000002,1.8635496607476594,6.75,6.96359350737989,0.6381591130167069,37.76737888525373,35.263695779502704,29.63093243950599,2.5036831057510227,35.26949877427726,2173,9.957394944445866e-09,6.963593507379889,1.2532949447631836
482,train,0.2,2.6166358444805313,0.6500000000000001,8.037510547144937,0.42552294967236115,54.06031669436315,34.811360965201075,29.039522048857776,19.248955729162077,34.818058890915765,2236,9.94939928343226e-09,8.037510547144933,1.4490818977355957
483,train,0.15000000000000002,2.2486918352600833,2.0,6.78771542145802,2.0000166712759038,53.630065864372646,43.312607987845425,39.13468338273349,10.317457876527222,43.3182644174597,2464,9.956925779293253e-09,6.787715421458019,1.4342193603515625
484,train,0.25,9.327635761933488,4.500000000000001,14.54630236396461,2.066606588169262,64.9977025849784,59.408706262711696,56.032025095786516,5.588996322266702,59.42082818142665,2416,9.947243031993195e-09,14.546302363964616,1.6454932689666748
485,train,0.1,1.3870877166386313,1.75,3.3796992967410002,1.9740066316686387,39.97107319449657,34.212299530018036,31.95019290263658,5.758773664478532,34.21511594615141,2470,9.994853564203305e-09,3.379699296741,1.7108936309814453
486,train,0.1,1.8342110875065645,7.7,2.61260474639965,1.0989644863727928,29.831127389629568,29.376090325373877,27.925263259963312,0.45503706425569135,29.378267496026503,2180,9.954129198138825e-09,2.612604746399651,1.5142934322357178
487,train,0.175,5.2606638847691425,0.30000000000000004,9.369984464886851,1.9634618627584868,65.03101311126275,46.80351186632632,44.413024983328015,18.227501244936434,46.81132018677665,2478,9.967949847413032e-09,9.369984464886851,1.35357666015625
488,train,0.05,3.2526922214583958,0.6500000000000001,10.280942321516891,0.3942744383927677,43.171327795415706,30.950882771710866,30.18256281003694,12.22044502370484,30.95945022368907,2212,9.983520787995278e-09,10.28094232151689,1.4105346202850342
489,train,0.05,8.650703573653463,6.800000000000001,3.6036418782599284,0.6315200436723193,27.849363705291267,27.595170424751313,27.403700887765655,0.2541932805399547,27.598173459656156,2166,9.96160032233993e-09,3.603641878259931,1.209104299545288
490,train,0.07500000000000001,5.224711767291279,1.3000000000000003,3.1880785074536506,0.38130521806376116,29.469174431266953,26.771574227858263,26.552244468333196,2.6976002034086903,26.774230959960413,2197,9.9478347476721e-09,3.188078507453652,1.393603801727295
491,test,0.175,9.994598142299889,1.35,13.215444488078974,0.9109557035865156,51.907979637966925,39.76011348660832,38.496867146083844,12.147866151358606,39.77112635706408,2394,9.985807555578542e-09,13.215444488078973,1.9480829238891602
492,train,0.2,1.2239378988142402,0.4,14.01485062813914,2.658363098610877,132.51960886693826,85.58993093886413,63.14156826969111,46.92967792807413,85.60160999489922,2486,9.964637880395014e-09,14.01485062813914,1.658998966217041
493,train,0.25,2.0640368539150047,0.95,7.334303287686612,0.7821371864909136,59.135704024846184,39.846017525167,31.230373308321763,19.289686499679185,39.85212944506898,2366,9.998153250963028e-09,7.334303287686612,1.725982427597046
494,train,0.1,7.913623492558699,0.6500000000000001,10.873813732687122,0.3501683844140641,42.24768205950035,30.517004267754242,30.005275193642472,11.730677791746107,30.526065779235633,2177,9.952447360371659e-09,10.873813732687122,1.2249698638916016
495,train,0.07500000000000001,1.093330167682094,2.8,5.746222006025645,1.357002499001035,43.92661566811222,36.916592357876304,33.22085747191398,7.0100233102359155,36.92138087630504,2417,9.956928223937379e-09,5.7462220060256435,1.133734941482544
496,train,0.15000000000000002,8.909459949827273,3.95,13.26774126236119,0.410763465063419,37.58264747656772,33.09275393058616,31.386718112694947,4.489893545981559,33.103810381697684,2182,9.95883301690191e-09,13.26774126236119,1.2505156993865967
497,train,0.05,2.090070660655425,0.95,8.520417076575459,0.5942781192233382,43.34212609608344,32.36451867310535,30.967978908432986,10.977607422978089,32.371619020720125,2316,9.96659195686572e-09,8.520417076575463,1.3533775806427002
498,test,0.22500000000000003,2.338182365416581,0.6500000000000001,6.4028980804850075,0.4721508733399303,51.12689549817428,34.38197536706206,28.481344650284107,16.744920131112217,34.38731111576522,2263,9.983853632612047e-09,6.402898080485011,1.2638633251190186
499,train,0.05,1.8276640717988117,2.5500000000000003,6.4341536840929106,0.6645147846134581,36.13834566654892,31.234188989021586,29.851940837763077,4.904156677527336,31.239550783801498,2322,9.998133360345597e-09,6.434153684092909,1.3379857540130615
500,train,0.2,5.91371704426709,1.0,9.225272895781767,2.7753891113049876,67.72186463317482,54.00812534893457,51.58079934043174,13.713739284240248,54.01581307640999,2498,9.952264210805174e-09,9.225272895781767,1.3397266864776611
501,train,0.15000000000000002,3.326443215159555,7.15,12.111416739589977,0.34343134946934595,37.39146930587376,34.9943020391538,29.452256665744596,2.3971672667199613,35.004394886616566,2000,9.95772693481187e-09,12.111416739589977,1.37919282913208
502,test,0.2,4.992503843296445,9.5,7.417268076261176,0.3714554278814952,31.13753980670538,30.955245575430094,27.783957176203643,0.18229423127528577,30.96142663225138,1706,9.957737986588563e-09,7.417268076261173,0.9736871719360352
503,train,0.125,3.6476165263732794,0.4,11.521273843911507,0.9656022124666981,62.23814971594723,40.428426731425155,37.33153811192236,21.809722984522075,40.43802779305143,2401,9.990793917180449e-09,11.521273843911509,1.144493818283081
504,train,0.05,7.4022172446679955,2.5500000000000003,9.574150609544542,1.7048711048843281,45.537262296368446,42.26460400165537,42.35858959191027,3.272658294713075,42.27258246051235,2454,9.964932737447645e-09,9.574150609544542,1.3626976013183594
505,train,0.2,6.957528619354401,6.15,1.5100227395603663,1.0797210081190658,27.446050834976724,27.111031020040095,26.693613892283444,0.33501981493662925,27.112289372332054,2291,9.953772704584003e-09,1.5100227395603658,1.1415009498596191
506,train,0.2,7.2501316181748985,2.7500000000000004,6.883114706454134,0.4626211489179288,35.15928796913875,30.295259597098653,28.754482828660375,4.864028372040099,30.30099552606951,2238,9.988179401907825e-09,6.883114706454131,1.0459887981414795
507,train,0.07500000000000001,2.1828486570879195,3.35,3.8610336329629433,0.3721381549312235,30.45647116886654,27.882490224107332,26.71186287043437,2.5739809447592066,27.885707752173772,2165,9.948115264013912e-09,3.8610336329629424,0.9368171691894531
508,train,0.15000000000000002,5.81045777626184,0.5,5.092361608019884,2.8131405561028844,48.978956016053765,40.797163175141684,39.90843228203342,8.181792840912081,40.80140680983931,2501,9.993417167494905e-09,5.092361608019884,1.2600736618041992
509,train,0.22500000000000003,5.107219067602776,2.4000000000000004,5.306798795937825,0.5973741132903072,36.29490978089464,30.671695942690327,28.602320362550778,5.623213838204315,30.67611827508179,2300,9.972397524665187e-09,5.306798795937828,1.781374216079712
510,test,0.2,5.351578088601161,0.30000000000000004,1.0680027288819065,1.6092234129065197,29.3214629206561,27.15072070411821,26.830502435251415,2.1707422165378887,27.151610706402934,2461,9.974291350833283e-09,1.0680027288819058,1.5187478065490723
511,train,0.05,8.88942678078217,4.05,7.602962668741301,0.9186847437702366,34.06427942328579,32.646791265862014,32.59524314731539,1.4174881574237759,32.65312706809734,2349,9.996079799210558e-09,7.602962668741301,1.4209134578704834
512,train,0.22500000000000003,2.1117556611821455,1.7000000000000002,7.036113399975611,1.18929374502718,55.563368280728746,41.081679233251954,33.85908848745641,14.481689047476792,41.08754266133176,2416,9.960364071695194e-09,7.0361133999756085,1.2913110256195068
513,train,0.125,7.908972773655657,9.799999999999999,2.10240605836084,0.727452645133759,26.937370110639044,26.92650681784129,26.53355375877251,0.010863292797754553,26.928258822897867,1662,9.992694917235351e-09,2.102406058360838,0.9764537811279297
514,train,0.05,2.2496785834205157,0.7,3.443519842775036,1.7425983887589789,36.649454271312415,31.872183286170895,31.399570948612652,4.77727098514152,31.875052886058057,2467,9.984245092192944e-09,3.4435198427750366,1.1399331092834473
515,test,0.07500000000000001,3.1353695974498987,7.4,1.4562942054582029,0.35002516407365913,26.06499706283009,25.902996696897244,25.544303988643797,0.1620003659328475,25.90421027541119,1984,9.963582830615859e-09,1.456294205458204,0.8847568035125732
516,train,0.05,1.2030323903392282,0.6500000000000001,14.80441640307273,0.48537886546245007,66.48085768810715,38.79517870152393,33.58248026104331,27.68567898658322,38.80751571536506,2269,9.98487772441411e-09,14.804416403072725,1.1068925857543945
517,train,0.125,1.578039033274461,2.0500000000000003,7.971976071104194,1.1417198503579238,53.69432889099717,40.662346405417544,34.70670177933777,13.031982485579626,40.66898971896916,2413,9.971158496458437e-09,7.971976071104194,1.1492702960968018
518,train,0.07500000000000001,6.71061556578335,0.4,6.997497041780519,1.4685309474376722,44.58701268731102,36.27385991658102,36.16186884657069,8.31315277073,36.27969116413405,2454,9.980027029400716e-09,6.997497041780519,1.0415658950805664
519,train,0.125,7.383060721826167,1.0,8.948438387312539,0.3517719447369462,39.32790858546486,29.938748335086807,29.08013619196676,9.389160250378055,29.946205367118512,2174,9.995039281519303e-09,8.948438387312539,1.1800782680511475
520,train,0.1,1.172568336362035,3.65,5.032839562109969,1.5880586763651736,42.846554506402946,37.43977407476803,33.29886842600776,5.406780431634914,37.44396810784439,2418,9.976727688015455e-09,5.03283956210997,1.1153039932250977
521,test,0.07500000000000001,1.1651941057602426,6.0,12.697422773555283,0.3681713566061835,43.493304481064,38.23927601286311,30.107532331532575,5.254028468200893,38.24985719883906,2078,9.964699620760958e-09,12.697422773555285,1.19504976272583
522,train,0.1,1.1383840783136507,5.8500000000000005,4.285848846726541,1.060216533618351,35.75958290341932,33.44092793189381,29.699957384625534,2.318654971525511,33.44449947270675,2298,9.993653595753199e-09,4.285848846726543,2.049729108810425
523,train,0.05,2.6683586571027766,4.7,7.8445762205893885,0.9501279531094828,36.39403579277794,34.16515095989474,32.96300727990007,2.228884832883203,34.17168810677796,2328,9.980446524025204e-09,7.844576220589388,2.046659231185913
524,train,0.25,1.4129589892398324,5.3500000000000005,1.724496438454387,0.9010938472389106,31.29817896212259,29.658319690666776,26.60696218953081,1.6398592714558156,29.65975678342936,2294,9.994837381295121e-09,1.7244964384543857,2.3635056018829346
525,train,0.25,7.69723638186713,2.9000000000000004,10.593004671125861,0.5500960632929017,42.46291259819834,34.59430988560216,31.674168917653606,7.868602712596186,34.60313738958551,2275,9.966064126656605e-09,10.59300467112586,2.1612708568573
526,train,0.22500000000000003,2.3258465776582127,1.7000000000000002,7.471191022011354,0.6368242702365039,51.93630631554311,37.215750660794654,30.276244374239255,14.720555654748459,37.22197665360967,2320,9.961845472986426e-09,7.4711910220113555,2.2584283351898193
527,train,0.125,2.020601226975481,0.6500000000000001,6.110661456386618,0.4237041645407137,45.04563248998168,31.557749544535373,28.096180249959403,13.487882945446305,31.562841762549695,2234,9.958168033304101e-09,6.110661456386616,1.8627982139587402
528,train,0.22500000000000003,4.000547136289953,0.4,10.714030678926019,2.112456247341574,78.60312401255754,53.98908834201578,48.65009067378836,24.61403567054176,53.99801670103945,2481,9.972102504059119e-09,10.714030678926019,2.2490947246551514
529,test,0.22500000000000003,1.7279679063959383,0.45000000000000007,1.1206415998725288,0.33448110830056405,30.309956048296243,26.868582410949315,25.442465745143423,3.4413736373469277,26.86951627935166,2167,9.959402789879375e-09,1.1206415998725316,2.1497304439544678
530,train,0.1,9.709264494031702,0.30000000000000004,11.472993427118496,0.35398382729112415,44.470113901783286,30.59665898111175,30.36795140750365,13.873454920671534,30.6062198090013,2179,9.972064569630733e-09,11.472993427118494,1.878199815750122
531,train,0.2,3.909604491045441,4.05,6.028861561748327,0.3076493315680831,34.25439422016135,30.12479375268267,27.190102600599925,4.1296004674786815,30.129817804103816,2090,9.98701177439078e-09,6.028861561748333,1.8290386199951172
532,train,0.1,9.800418651115484,0.6500000000000001,3.6528778806210216,0.39906822328350466,30.516133663025418,26.943104605180014,26.875860715637387,3.573029057845403,26.946148670090782,2217,9.993120786838044e-09,3.6528778806210194,1.8880603313446045
533,train,0.175,3.5913325345950495,2.2500000000000004,12.091791720385633,1.699004496842833,66.15121467591142,51.80897915066735,46.593715759086585,14.342235525244071,51.81905564389486,2454,9.987464825135527e-09,12.09179172038563,1.8426761627197266
534,train,0.15000000000000002,6.3940009776869315,0.6000000000000001,8.782283668260655,0.5950222609119907,45.44985509977138,32.55672029549094,31.16952302432945,12.893134804280443,32.56403886526512,2316,9.944577955982249e-09,8.782283668260655,2.0162007808685303
535,train,0.25,2.136905808470479,7.800000000000001,10.54654267093903,2.829512832944888,70.43586761581176,67.50533045135099,55.014079216098814,2.930537164460773,67.51411923727295,2238,9.960118907480496e-09,10.546542670939026,2.1243700981140137
536,train,0.15000000000000002,3.4469705533872834,1.5,2.5020188053321766,0.5173962172937289,31.012320219574327,27.460470975762902,26.516821033839406,3.551849243811425,27.46255599146489,2277,9.991393964245647e-09,2.502018805332173,2.0311226844787598
537,test,0.125,3.3700501260400513,0.30000000000000004,14.04046701032445,0.3989926878615875,64.80148470042401,36.242768965555825,31.93773036402428,28.558715734868187,36.25446935488759,2215,9.95714181991274e-09,14.040467010324457,1.986462116241455
538,train,0.05,5.825339270352882,0.35,13.603893394615731,1.5952260220807701,63.31341727050578,48.28838628724507,48.47492514320692,15.025030983260713,48.299722865101785,2467,9.988115456964638e-09,13.603893394615731,2.2667577266693115
539,train,0.07500000000000001,1.1711724752757802,3.2,9.84279959039845,1.7158158978730609,58.73604369390879,48.4950887487415,42.59429883187289,10.240954945167289,48.50329108187532,2431,9.986292066314598e-09,9.84279959039845,1.9159677028656006
540,train,0.05,5.228180382413979,2.15,5.514486460144887,1.4941524681344591,36.57385918036725,33.936894598434776,33.85458211235706,2.6369645819324745,33.94149000383023,2447,9.962677583705547e-09,5.514486460144887,2.1103007793426514
541,train,0.22500000000000003,9.056733418345955,2.2,10.300828158079554,0.8208225837515094,44.629877515266024,36.331836614151825,34.436091038380624,8.298040901114199,36.34042063767424,2364,9.966333446583146e-09,10.300828158079549,2.280552864074707
542,train,0.2,9.946433705508273,0.45000000000000007,3.8336739130526722,1.0388647572434762,35.465213965381224,29.871737680167254,29.420758390540147,5.5934762852139706,29.8749324084447,2418,9.977624753827534e-09,3.833673913052673,2.121920585632324
543,train,0.2,3.029530975177719,2.0500000000000003,1.6870366681398226,0.7610228749303755,29.95224161150855,27.44961841377041,26.41536102973538,2.502623197738142,27.451024277691364,2354,9.976561299330663e-09,1.687036668139824,2.080766201019287
544,train,0.22500000000000003,3.847612715444542,2.85,11.083024406037293,1.3142211680649307,58.46773117594751,46.38838281945931,40.40471151404763,12.079348356488204,46.397618673278615,2419,9.966712218156479e-09,11.083024406037289,2.359956741333008
545,train,0.175,6.169403214160432,2.5,8.525107275520863,1.2114840022274322,44.75085167871367,38.009102638186405,36.11707969385271,6.741749040527267,38.01620689430502,2413,9.975591093674311e-09,8.525107275520858,2.0657031536102295
546,train,0.2,1.8756704685443875,1.75,13.221821015623899,1.4327578974937782,85.35024561293207,58.44957575149974,44.87251340336621,26.900669861432334,58.460593936085715,2440,9.982014882603443e-09,13.221821015623895,2.0011229515075684
547,test,0.05,1.2314253181898718,2.2,4.104331826919386,1.6260646723934202,37.948558262671924,33.46695566253867,32.04978645821477,4.48160260013325,33.47037593909748,2446,9.9659342264729e-09,4.104331826919386,2.025386333465576
548,train,0.25,3.921536599290684,2.2,5.740280204951397,0.8382455872826966,41.61728140552433,33.648215042570605,30.257822920047456,7.9690663629537255,33.65299860950633,2365,9.948192098545998e-09,5.740280204951397,1.905515432357788
549,train,0.22500000000000003,7.31321520967735,3.6000000000000005,8.276551235741803,0.7004121013199117,38.30863818213223,33.59857240261042,31.40850948736027,4.7100657795218055,33.60546952870135,2310,9.975108337848128e-09,8.276551235741799,1.8639395236968994
550,train,0.1,1.389976319243419,0.5,6.227369605621446,2.637939930210328,61.45694716238942,46.099635850988435,41.98296538931318,15.357311311400984,46.10482532575966,2493,9.965400809208207e-09,6.227369605621446,2.050851345062256
551,train,0.05,3.2000251740875294,0.6000000000000001,2.4805019244611968,0.6537726967016242,30.14186081973473,27.085741951668506,26.908917918495927,3.056118868066225,27.087809036615923,2334,9.99210509835097e-09,2.480501924461197,1.9186832904815674
552,train,0.05,2.417368136872788,4.3,12.237869665776303,0.3872059519122829,36.85025072424303,32.647148596062294,30.52345931414997,4.203102128180738,32.65734682085454,2151,9.97595903979873e-09,12.237869665776305,1.8036901950836182
553,test,0.22500000000000003,4.06125026439836,8.6,6.629933048649755,0.3373380605504947,31.750905181010786,31.114044554354358,27.305069469698466,0.6368606266564285,31.119569498701782,1863,9.96499201791335e-09,6.629933048649754,1.9183721542358398
554,train,0.25,7.650085369058859,1.7000000000000002,8.731543684816135,0.4884975135412249,42.200919368952256,32.387973782656665,30.061484320304277,9.81294558629559,32.39525006913944,2263,9.974868260781522e-09,8.731543684816133,1.9924521446228027
555,train,0.25,6.598584089741561,1.5500000000000003,1.4742891319957911,1.4458931864054185,29.636844632146342,27.735684541485977,27.274651044647175,1.9011600906603654,27.736913115775902,2449,9.965928130784158e-09,1.474289131995792,2.3436341285705566
556,train,0.2,6.747618035109307,0.7,1.746551189066769,2.6150058650422943,32.870655157001224,30.138772927195376,29.75946977981008,2.731882229805848,30.140228386529657,2496,9.991488072272375e-09,1.746551189066769,2.3436272144317627
557,train,0.25,8.650928545718152,1.8000000000000003,9.992443763401491,0.8704048763124779,47.028270864453425,36.89325167245303,34.66816272367615,10.135019192000392,36.901578708989305,2378,9.973017087886717e-09,9.992443763401493,2.6582353115081787
558,train,0.2,1.3165835846008749,0.35,4.258250053466624,2.0595009713576093,54.501946711903194,40.36980226544668,34.0470521722939,14.132144446456515,40.37335080863984,2476,9.998007371483514e-09,4.258250053466626,2.1492247581481934
559,train,0.125,1.399046987697714,0.6000000000000001,8.680596830510906,0.4923256611548261,59.79861237103568,37.297144753939804,29.921736313970772,22.501467617095877,37.304378584965576,2270,9.972099237951965e-09,8.680596830510904,1.9259076118469238
560,train,0.125,3.658611049720765,0.95,9.76623000176657,2.4509056620967913,67.53682146051695,52.57396116987947,49.97602530830188,14.96286029063748,52.58209969494747,2496,9.957829116617619e-09,9.76623000176657,2.255216360092163
561,train,0.07500000000000001,1.4157713887110133,7.25,13.63485954392086,2.023992216570262,63.174624408632695,60.240277478822534,52.95656529608727,2.934346929810161,60.25163986192623,2278,9.990545352233713e-09,13.63485954392086,2.002272367477417
562,train,0.1,4.170101804034572,2.65,10.666937717049384,0.31160430947402085,38.36795825109116,31.21071719640077,29.19685309216586,7.157241054690392,31.219606311241904,2119,9.99970409262506e-09,10.666937717049388,1.7737274169921875
563,train,0.175,9.080140721753018,2.15,11.940521751633902,0.715159799220757,44.650769933799005,36.20882357222376,34.719017546614886,8.441946361575248,36.218774007069335,2344,9.996559070580369e-09,11.940521751633902,1.9728343486785889
564,train,0.1,3.233960118748632,1.6,7.117850036360325,0.6559010239301983,40.248681746215446,32.089042427590314,30.361077590429236,8.159639318625132,32.09497396934081,2328,9.985493995306708e-09,7.117850036360327,1.6270744800567627
565,test,0.05,1.7775674448490215,1.75,6.253893955708918,2.7993238078069225,50.941462081456365,44.45861843867971,43.16214358843613,6.482843642776658,44.46383001701079,2497,9.9649457242506e-09,6.253893955708917,2.3108160495758057
566,train,0.125,2.0876878688799305,0.75,8.606328467303397,0.9471123761766225,56.75244911883929,38.569548342018535,33.92464181091712,18.182900776820752,38.57672028254047,2400,9.974034291395199e-09,8.606328467303397,2.3018336296081543
567,train,0.07500000000000001,4.402916663751877,8.3,4.993095196914143,1.4787434159989545,33.65935269720525,33.38799238960619,32.469750925153086,0.2713603075990605,33.3921533022897,2150,9.975334588523477e-09,4.993095196914141,1.9984583854675293
568,train,0.25,1.829736167857201,1.4,1.4339270387358825,1.2439150297722326,32.312556950813125,28.78709532370686,26.875543039424016,3.5254616271062638,28.78829026308684,2422,9.965348629538081e-09,1.4339270387358836,2.540146827697754
569,test,0.05,4.767718532109976,3.95,8.232043067802172,1.2052188614951993,38.18793869539003,36.038545415301314,35.58914235274897,2.1493932800887166,36.04540545121136,2387,9.99800902862486e-09,8.23204306780217,2.2128303050994873
570,test,0.1,1.099646338539804,0.35,10.169942938820498,2.9694536740165374,93.3932660885706,64.76112378557723,56.03885778244274,28.632142302993373,64.76959873821251,2504,9.949666282006554e-09,10.169942938820496,2.4125447273254395
571,train,0.125,1.0370584611446827,1.9500000000000002,11.51412254035581,2.0132424668916546,85.92849111164072,62.41408238074636,48.94927508789794,23.514408730894367,62.423677483284834,2466,9.956072665874435e-09,11.51412254035581,2.023808002471924
572,train,0.125,4.167887425631068,3.2500000000000004,13.025527495708028,0.3975674240843822,42.69499008301119,34.48665955473727,31.150972035461294,8.208330528273919,34.497514161094,2187,9.951245245251492e-09,13.025527495708033,1.6813037395477295
573,train,0.15000000000000002,8.436886298316482,0.30000000000000004,12.706796513408854,0.35798240490490607,51.26725457828902,32.199752833104405,30.902991592793196,19.067501745184614,32.210341830261186,2183,9.964108118720504e-09,12.706796513408854,1.687575340270996
574,test,0.2,1.0090069238177375,1.3000000000000003,5.681029174043491,0.4396571761858542,55.265552120230964,38.933504680760095,27.7768089031579,16.33204743947087,38.93823917114707,2240,9.963326412069924e-09,5.68102917404349,1.704249620437622
575,train,0.07500000000000001,2.8254664891346835,1.1,11.74725445778238,2.345587080053113,71.0946341414766,56.03464050709869,53.857698242627336,15.05999363437791,56.04442988587829,2487,9.968533519242552e-09,11.747254457782379,1.83888578414917
576,train,0.22500000000000003,1.3317122316798253,0.75,13.786456155651917,0.3680067187556892,96.53704470070775,53.79155571989777,30.81084271075759,42.74548898080998,53.80304456537853,2196,9.996965307409307e-09,13.78645615565192,1.5201115608215332
577,test,0.175,2.5518540943273904,8.1,14.3093077805728,0.7732580176818289,48.63703583508745,46.318968832452164,36.284901587330594,2.3180670026352885,46.330893255885115,2094,9.975116209655766e-09,14.309307780572802,1.3171875476837158
578,train,0.22500000000000003,2.8625006789284195,4.05,1.4421386297019791,0.4180983018687765,28.080987414321985,26.780980132553935,25.67779304123981,1.3000072817680497,26.782181914791355,2184,9.982786583835803e-09,1.4421386297019811,1.205869197845459
579,train,0.2,4.113379729383594,0.6000000000000001,10.32473218976808,0.6735102075732389,58.1485418713556,37.29223090938213,32.91221817815407,20.85631096197347,37.300834853009874,2340,9.966569722438661e-09,10.32473218976808,1.2181429862976074
580,test,0.1,6.595677092733392,1.5500000000000003,11.820531219328009,0.5600917052219637,43.049461454750116,33.777211287026056,32.88585563876224,9.27225016772406,33.78706172975397,2300,9.948036084061607e-09,11.820531219328007,1.0861420631408691
581,train,0.22500000000000003,3.120755731588868,0.5,13.052406359293915,1.996130227721967,92.85251713245749,60.8672656914714,52.198301685535384,31.98525144098609,60.87814269698339,2475,9.981902258222778e-09,13.052406359293913,1.3988430500030518
582,train,0.25,7.541834210382169,8.6,4.196707242846964,2.564162506061302,37.562621377219386,37.28158060070816,35.81654554221459,0.28104077651122594,37.285077856775104,2146,9.968839643392158e-09,4.196707242846964,1.851776123046875
583,train,0.25,3.725745549526848,1.2000000000000002,8.845234543550223,0.6602731109546548,54.01008217875114,37.04820969881255,31.56292035591533,16.96187247993859,37.055580727782555,2332,9.995571427284723e-09,8.845234543550223,1.9769504070281982
584,train,0.05,1.7430680320380363,0.35,7.951908560060624,2.3167700511401046,60.332481164895384,45.94893668456263,44.32154970436785,14.383544480332752,45.95556327507412,2495,9.94851330999331e-09,7.951908560060623,1.9127869606018066
585,train,0.1,4.26728814558651,1.7000000000000002,7.000300855512831,0.8740230397484724,39.60687929867803,32.97472340811141,31.841361141563162,6.632155890566622,32.98055699219513,2379,9.95620037264201e-09,7.000300855512832,1.7961907386779785
586,test,0.175,6.651749370560029,0.5,11.032718594182382,1.7262602337627817,65.09504056870392,47.288102304819155,45.283875596154246,17.806938263884767,47.2972962370414,2468,9.962510204474323e-09,11.03271859418238,1.9443068504333496
587,train,0.07500000000000001,3.7572409065821555,6.050000000000001,5.0747049343091,2.2842228727235843,38.68727592575089,37.76121215764179,36.82906509661791,0.9260637681090955,37.76544107844181,2364,9.983113630246823e-09,5.0747049343091,1.6205389499664307
588,train,0.125,6.2914366473419,2.9000000000000004,12.848802237859571,2.952705394108853,73.00299930065218,65.88773457434895,64.16130498461615,7.115264726303224,65.89844190959953,2478,9.985749357358828e-09,12.84880223785957,1.9740750789642334
589,train,0.2,2.6312544915731184,5.050000000000001,11.42411663325247,0.8511212239781052,51.139313633580606,43.758950973067,35.247116110657466,7.380362660513605,43.76847107051975,2302,9.970444848468324e-09,11.424116633252478,1.8445525169372559
590,train,0.25,2.479852954116813,2.0,2.483192997873462,0.504540982748087,33.42251505055098,28.832804932052372,26.413766579910178,4.589710118498605,28.83487425967543,2266,9.977476555211257e-09,2.48319299787346,1.790806770324707
591,train,0.25,6.929408596904865,1.1,6.517177251813615,0.5285697110999825,40.55031008507818,30.997003497107652,29.060362576743724,9.553306587970528,31.00243447821464,2287,9.958003589960006e-09,6.517177251813612,1.9363844394683838
592,test,0.07500000000000001,6.3946526832766954,6.800000000000001,1.9816020486185744,1.1270468926436468,27.72093724469041,27.526871003364725,27.3052769613613,0.19406624132568595,27.528522338410827,2254,9.9576566578173e-09,1.9816020486185741,1.6426622867584229
593,train,0.15000000000000002,2.9327386850568136,2.4000000000000004,7.261859616715768,0.7512181557156665,42.83332589838675,34.39335201392785,31.041496210160744,8.439973884458894,34.399403563702734,2343,9.994255634817556e-09,7.261859616715768,1.851048469543457
594,test,0.15000000000000002,3.819435046176417,1.6,7.610022314289046,1.9722254770276164,53.1635795493184,43.23199290653845,40.754642076415806,9.931586642779948,43.23833459186139,2470,9.95938595530906e-09,7.610022314289045,1.6728308200836182
595,train,0.15000000000000002,5.567343160700367,0.9000000000000001,12.208079645214486,2.141765525358298,71.76807993896497,54.81246248033167,52.50237431919809,16.955617458633306,54.82263588010367,2483,9.951025562484483e-09,12.20807964521449,1.3331594467163086
596,train,0.1,3.8254493990710805,0.7,11.348412506974116,0.5198841584066722,51.069762052858366,34.216325960970146,32.08242945426865,16.85343609188822,34.2257829714689,2284,9.948168373524233e-09,11.348412506974114,1.1172511577606201
597,train,0.07500000000000001,4.692491819412166,0.6500000000000001,8.156012688019205,2.6654327074729474,58.22944532215327,48.29435386538682,47.741132299920295,9.93509145676645,48.30115054265305,2504,9.974959064105488e-09,8.156012688019207,1.1733500957489014
598,train,0.125,7.511704342768918,9.55,13.247911883272286,0.43952874644022744,33.59639297746465,33.435860333269325,30.874616114327843,0.1605326441953281,33.44690025989265,1732,9.964617201409804e-09,13.247911883272284,1.1827011108398438
599,train,0.125,6.601737009423355,0.30000000000000004,6.50622637179031,2.2276893470738623,51.049218975764425,40.92637544811544,40.27677699471948,10.122843527648989,40.9317973034512,2488,9.994256028253024e-09,6.5062263717903095,2.0261402130126953
600,train,0.22500000000000003,3.409890455946205,1.05,12.372157250584005,1.5370204955051139,77.27126821613363,52.56144323625351,45.09795484948544,24.709824979880125,52.571753367480426,2456,9.98680965859768e-09,12.372157250584007,2.0593807697296143
601,train,0.2,2.940392589931895,6.75,4.219272249460854,0.4441327141968839,31.219499911970523,29.87388106940143,26.987205344164632,1.3456188425690918,29.877397129720073,2095,9.94678128943295e-09,4.219272249460853,1.6960461139678955
602,train,0.175,9.37549793937789,0.6000000000000001,4.495385305073571,0.41363768864694617,33.742157559218775,27.83716252375111,27.338671069133355,5.904995035467664,27.840908678193856,2226,9.959542255641536e-09,4.495385305073573,1.6505632400512695
603,train,0.175,7.253766229734977,0.6000000000000001,8.04449937414843,2.937607259218013,62.79066367171009,50.82038601009503,49.55788074699077,11.970277661615064,50.82708975961495,2504,9.959869396452415e-09,8.04449937414843,1.9076533317565918
604,train,0.125,3.6015221533318895,1.65,12.304263269742167,0.6798338645260041,52.759198336752156,38.014744277090294,34.53144656142711,14.744454059661862,38.02499782992013,2339,9.950914994170728e-09,12.304263269742169,1.7643918991088867
605,train,0.05,2.572416928406022,0.45000000000000007,11.371413242901014,1.827385455284101,65.00970184268476,48.34083233430056,47.138187809403355,16.668869508384205,48.3503085120517,2478,9.950640982595287e-09,11.371413242901014,1.7857956886291504
606,train,0.1,2.4743268848115627,6.75,1.0379018314610202,0.5968707895593014,26.299730309142998,26.070963615112188,25.651835406533966,0.22876669403080996,26.07182853331545,2161,9.947991504498023e-09,1.0379018314610222,1.5173234939575195
607,train,0.07500000000000001,3.5895688275597326,0.8500000000000001,4.808632648487372,0.8652841322741942,36.36396899037541,30.313809364787122,29.700137802373277,6.0501596255882895,30.31781655868238,2388,9.959517375537963e-09,4.808632648487372,1.7985508441925049
608,test,0.22500000000000003,3.385518886955239,3.4000000000000004,9.054129336799031,0.3717325454719676,43.63398618002545,34.66221549543811,28.909518054299877,8.97177068458734,34.669760603469925,2163,9.941397760795486e-09,9.054129336799026,1.706739902496338
609,train,0.07500000000000001,6.988896583682396,0.5,11.7073680085558,0.6881551517557705,47.52177867306502,34.67381647803118,34.47766739845771,12.847962195033844,34.68357261806935,2346,9.96134185907402e-09,11.707368008555797,1.5777010917663574
610,train,0.15000000000000002,1.6079513454105703,0.5,7.958361847044752,0.32363633129718705,56.78073556642726,35.2450674972513,28.12817439850165,21.535668069175962,35.251699465939325,2152,9.94218904147925e-09,7.958361847044749,1.6758933067321777
611,train,0.22500000000000003,1.679953801233749,3.6000000000000005,12.723368696275957,0.3613321611915885,64.56892726913709,47.03036070984132,30.169611632377134,17.538566559295774,47.040963523142885,2152,9.953899807914001e-09,12.723368696275957,1.675912618637085
612,train,0.175,6.2736054762479725,6.200000000000001,10.77799976410376,1.4166883482828663,45.91141302291155,43.607873155943636,40.72239620431173,2.303539866967917,43.61685482247866,2312,9.980592806373223e-09,10.777999764103757,1.6276249885559082
613,test,0.22500000000000003,3.3503735649050106,2.8,13.867535303932472,0.37813184709320297,56.53965656378693,39.98431681821525,31.153536708425555,16.55533974557168,39.99587309802014,2178,9.99666088878827e-09,13.867535303932467,1.2953565120697021
614,test,0.175,1.1815578056757112,8.15,7.233716523991432,1.4205800959813444,48.09691702173976,46.21293860684506,35.363155468927744,1.883978414894706,46.2189667082167,2162,9.970823827949998e-09,7.233716523991435,1.114168405532837
615,train,0.1,6.936175361412049,9.65,3.2649544090917204,1.8907489175604586,31.773525512432002,31.744592379045844,31.184537948247957,0.02893313338615755,31.747313174396336,1866,9.972842674593304e-09,3.2649544090917195,1.1155822277069092
616,train,0.07500000000000001,1.1191167008002185,4.05,5.966154496751704,1.3357280500970086,42.06803864514576,37.15146242172293,33.33128063231223,4.91657622342283,37.15643421723251,2392,9.96818719570096e-09,5.966154496751703,1.5402889251708984
617,train,0.22500000000000003,3.2662407742510946,0.6500000000000001,2.893099068055805,0.392706859998909,34.84887180739044,28.218299357246924,26.363955689356327,6.630572450143514,28.22071027322051,2213,9.977377948646317e-09,2.893099068055803,1.7755005359649658
618,train,0.22500000000000003,4.343002107750778,0.9000000000000001,4.032868134882214,1.47572810160388,40.7344413070798,33.16509100450059,31.3316654875714,7.56935030257921,33.16845172799265,2449,9.994239849362338e-09,4.032868134882215,1.9917948246002197
619,train,0.05,4.862387494326415,1.85,14.089409436121912,0.7286777122678055,45.03283028227099,37.14987807584841,36.82358994476479,7.88295220642258,37.161619250414105,2351,9.950452083648014e-09,14.089409436121914,1.7331857681274414
620,test,0.15000000000000002,1.1888837962578993,3.85,14.83826379364702,2.1072665385178975,94.0509025100095,75.44694405316822,57.0274300335239,18.60395845684127,75.45930927366769,2432,9.986603563179014e-09,14.83826379364702,2.014228343963623
621,train,0.22500000000000003,3.7989599869105506,2.5,5.946053692117255,1.4341892832367482,44.49535690107344,37.232756657427515,33.99894240705754,7.262600243645927,37.23771170225112,2429,9.965691321765903e-09,5.946053692117255,1.9644134044647217
622,train,0.2,9.959292351478487,1.5500000000000003,1.8582569208281918,1.1829849116090354,29.32450213456902,27.628756627696212,27.398519177869947,1.6957455068728073,27.63030517513838,2428,9.985438879625655e-09,1.858256920828191,2.028367519378662
623,train,0.2,1.3152979704445171,0.6000000000000001,5.602918758280321,1.614920426782953,60.19377735766652,42.74064356375784,34.40777067830906,17.453133793908677,42.7453126650573,2451,9.989084729747105e-09,5.602918758280321,2.213322639465332
624,test,0.22500000000000003,1.464714385148461,0.30000000000000004,13.225359108954333,1.4812442554355878,109.90602384093708,65.31371486006493,45.43512678641114,44.59230898087215,65.32473599959528,2444,9.986264340302282e-09,13.22535910895433,1.8295419216156006
625,train,0.07500000000000001,1.0963430443792208,0.30000000000000004,8.821440150650785,0.57498386257524,59.1600538754099,36.37886074680921,30.814340295636065,22.78119312860069,36.386211947130214,2307,9.950401175021176e-09,8.821440150650783,1.1527693271636963
626,train,0.2,2.7202209164039455,7.550000000000001,5.029326209459151,1.4330674216155987,37.23331352803477,36.060168085151375,32.312771227903916,1.1731454428833956,36.06435919041622,2226,9.961951359711428e-09,5.0293262094591515,1.1946561336517334
627,train,0.175,1.132541986822813,8.5,14.73060455071693,1.6451135662318088,75.5288083003574,72.4493907200889,49.37294650101815,3.0794175802684975,72.46166624066984,2122,9.988572518237214e-09,14.730604550716931,1.1443586349487305
628,train,0.05,1.659561837065278,5.0,11.308957360058312,0.5001212342237922,38.35817348793013,34.41175436812627,31.265877890821685,3.9464191198038634,34.4211784993508,2197,9.977321765510993e-09,11.308957360058308,1.0879943370819092
629,train,0.15000000000000002,2.8262807086375483,1.4,12.569747699617928,1.4486582333923672,70.70909330493667,50.26801366923126,44.35938822156599,20.441079635705414,50.278488459133825,2444,9.947101544158948e-09,12.569747699617928,1.358267068862915
630,train,0.125,4.465061268634586,0.7,6.203957637613476,0.3332602687090867,38.46304837691707,28.995627696415703,27.66987075578223,9.46742068050137,29.000797661167258,2158,9.971662668375881e-09,6.203957637613474,1.0461337566375732
631,train,0.175,6.122673994987235,1.25,7.13533699922603,0.5278098850982336,39.88361565568679,31.025549830105255,29.471159254657124,8.858065825581534,31.031495944323577,2288,9.98243585624528e-09,7.1353369992260305,1.5221798419952393
632,train,0.2,3.8709889319176476,0.6000000000000001,1.8989239219165017,1.756421201225988,33.31714637237258,29.374965712549184,28.51832707220578,3.942180659823393,29.376548149172457,2466,9.998496412312333e-09,1.8989239219165026,1.3670892715454102
633,train,0.07500000000000001,2.379410832413783,1.0,7.038455941221079,1.959593896626064,51.43574101734691,41.22808438478494,39.54986139565999,10.20765663256197,41.233949764780526,2474,9.995281414828638e-09,7.03845594122108,1.0373363494873047
634,train,0.125,5.72843792425057,8.0,10.25215474294719,0.8105920423040929,36.646703750677595,35.863541476212305,33.510819443287836,0.7831622744652904,35.87208493854975,2114,9.960821570189398e-09,10.25215474294719,0.9562792778015137
635,test,0.1,5.594866434664532,1.35,6.801981795513972,1.005551731778608,39.64442126088274,33.26522644397209,32.59922652098914,6.379194816910648,33.270894762162584,2408,9.959642132821333e-09,6.8019817955139725,0.9756355285644531
636,train,0.07500000000000001,1.2713063501260464,1.15,2.733996335810227,0.771902999034681,33.87658519407073,28.8075838859955,27.34953162510765,5.069001308075229,28.809862216320195,2365,9.958734994052322e-09,2.733996335810228,1.0175349712371826
637,test,0.1,3.605236183957679,7.75,1.5071126346342503,1.254814883354998,27.513075319473703,27.355651040438044,26.925164804106185,0.15742427903565925,27.356906967643596,2198,9.992793887560976e-09,1.5071126346342514,0.8035314083099365
638,test,0.25,1.0477583442587464,0.6500000000000001,2.6587935329672217,0.49421440579960035,42.061643374102445,32.73999734047189,26.43622874993818,9.321646033630557,32.74221386783689,2280,9.980397121413534e-09,2.658793532967223,0.984830379486084
639,train,0.15000000000000002,1.8817860445896915,1.1,8.406551508844464,0.30068464361870295,52.488724852084786,34.4879117779321,28.12401333444881,18.00081307415269,34.494917237894406,2124,9.953808918829466e-09,8.406551508844469,1.0722954273223877
640,train,0.07500000000000001,1.2404132183483763,1.9,5.607048185617778,1.0605203116081394,42.87220910929556,34.509502502035865,31.41544356229953,8.362706607259696,34.51417504227886,2402,9.955247993670846e-09,5.607048185617776,1.1170716285705566
641,train,0.07500000000000001,1.6665690113613063,0.25,14.179136617783456,0.38497220618561895,69.14644613186623,37.27674891131493,31.744918346016355,31.869697220551295,37.288564858698734,2207,9.945979054095117e-09,14.17913661778346,1.0489516258239746
642,train,0.2,1.4013506732607501,9.350000000000001,9.647243362379946,1.222957054089517,51.63052135603307,50.86411383688025,36.83748635431303,0.7664075191528212,50.87215321208304,1942,9.978405110260936e-09,9.647243362379943,1.0490875244140625
643,train,0.07500000000000001,9.698357779565796,0.35,14.643012495592048,0.4798819348990726,48.970289516596566,33.61079345591687,33.80248017258426,15.359496060679696,33.622995966361245,2269,9.973707560677915e-09,14.643012495592046,1.093879222869873
644,train,0.22500000000000003,2.6307741468159307,1.05,14.037406598712476,0.4230083918016588,74.69306049150626,43.37641508825052,31.95649037793307,31.31664540325574,43.38811292764187,2232,9.993137502351577e-09,14.037406598712476,1.295100450515747
645,train,0.175,9.932738709487335,1.0,10.082848654439761,2.786300713773185,66.01403963166877,55.18118336336881,54.28365177181705,10.832856268299956,55.18958573728007,2500,9.969221367172572e-09,10.082848654439761,1.6434040069580078
646,train,0.175,8.372677492524682,2.0500000000000003,10.861556305684331,0.4229659809742313,40.53044415724184,32.199175294655916,30.612566899016386,8.331268862585922,32.20822659163613,2224,9.963312502932936e-09,10.861556305684331,1.3444805145263672
647,train,0.05,3.4149742305044084,3.0,7.3874623034275455,0.4286535579269885,32.69939492492671,29.47606991376179,28.804367193380184,3.223325011164917,29.482226132376802,2209,9.966673909789086e-09,7.387462303427549,1.1744189262390137
648,train,0.22500000000000003,7.151428336539134,0.30000000000000004,10.924069098171373,2.9957894790286312,82.15054206174862,61.49999426618709,58.928025205754295,20.650547795561536,61.509097657169804,2505,9.968755261402566e-09,10.924069098171373,1.4712738990783691
649,train,0.1,1.0173795320304442,0.45000000000000007,10.438020212503883,0.34443881728487674,68.43240160529177,39.17680952520427,29.31501086131632,29.255592080087503,39.18550787603504,2174,9.963911005908088e-09,10.438020212503877,1.2863011360168457
650,train,0.07500000000000001,4.830589172290919,2.2,6.112585842294941,1.4941821734964558,39.04508765145295,35.27083172251286,34.78163645250644,3.774255928940093,35.275925544068784,2441,9.94928593455036e-09,6.112585842294942,1.2294368743896484
651,test,0.175,3.929112175406744,0.55,8.883897610191536,2.2857486495784363,67.20473092986353,49.537105077342346,46.206714893459704,17.667625852521184,49.54450832543141,2492,9.986462129610982e-09,8.883897610191536,1.5710108280181885
652,train,0.25,2.9634083986839017,0.8,2.20240693212602,0.5269244943977396,33.32350652623305,28.08641123330941,26.326828094071306,5.237095292923637,28.08824657249961,2286,9.983597304080853e-09,2.20240693212602,1.4318187236785889
653,train,0.2,1.0260930666768282,9.5,4.114751529802359,1.9588320327041049,41.50211087805704,41.207209161437056,33.07178917398094,0.2949017166199823,41.210638214885456,1910,9.994242866027373e-09,4.114751529802362,1.1419563293457031
654,train,0.25,1.9213263972721952,1.15,5.541679297982471,1.8856976831622556,57.07022824290644,42.83154709628272,35.8246748051898,14.238681146623719,42.83616516268813,2468,9.979520700580284e-09,5.54167929798247,1.5930209159851074
655,test,0.07500000000000001,9.071798766851932,6.3,3.1500901372685917,1.7939483337173183,31.33056432771241,31.008656627329298,30.79281156543165,0.321907700383111,31.011281702450095,2329,9.987102912835173e-09,3.1500901372685925,1.2171175479888916
656,train,0.07500000000000001,8.191833310020977,1.7000000000000002,5.709335232793895,0.4306721139296428,31.32698658579026,28.157605198365328,28.07278317731302,3.169381387424931,28.16236297774077,2229,9.97140695952998e-09,5.7093352327938955,1.344632625579834
657,train,0.07500000000000001,1.0275644910212807,0.6000000000000001,13.796280885938367,1.8809768346663702,94.63856599194598,61.445516075839514,52.16169962536755,33.19304991610647,61.45701297681623,2470,9.954251782783447e-09,13.796280885938366,1.1818015575408936
658,train,0.175,1.2611348326958491,2.2,4.600106636430873,1.0472803632602972,45.68318442290832,36.34272578724618,30.090528029671148,9.340458635662138,36.346559210209904,2392,9.972155801322276e-09,4.600106636430873,1.2389426231384277
659,train,0.25,2.091485632647815,0.7,9.033834228344364,0.4575509027885344,65.4168526616159,40.210328254426265,29.71992791664907,25.20652440718964,40.21785645058843,2252,9.978373907688611e-09,9.033834228344361,1.006819725036621
660,train,0.1,4.475198104137979,0.4,14.028319792276656,0.9612712515098375,64.29351139052885,42.05224167934553,40.076938615233864,22.24126971118332,42.0639319459101,2401,9.996709264259488e-09,14.028319792276651,0.9157545566558838
661,test,0.15000000000000002,6.5997574037716555,2.8,10.940013177115638,1.5604584012249678,51.69814637541202,44.89521057056095,43.088713754128754,6.802935804851074,44.904327248261595,2435,9.970801683553952e-09,10.94001317711564,1.141857624053955
662,train,0.175,4.107763532468072,0.7,2.3931350001164002,1.2116351786714212,33.41459228087198,28.992924419074633,28.137917274939507,4.421667861797346,28.994918698262307,2430,9.954447985157857e-09,2.3931350001164,1.0462982654571533
663,train,0.22500000000000003,1.165072103874828,0.6000000000000001,1.849900584426764,1.0617171771843301,36.785562752412375,30.593658054528355,27.066690416673687,6.19190469788402,30.595199669586364,2405,9.968321074990279e-09,1.849900584426763,1.1148173809051514
664,train,0.25,4.077625339664486,4.6,12.506330090806074,0.6118778934671675,48.80962254060169,40.70561397669968,33.30337914853431,8.104008563902006,40.71603591868027,2255,9.989214957715291e-09,12.506330090806074,1.6227283477783203
665,train,0.07500000000000001,3.53960282213412,2.0,7.620420550158332,1.3559233702170908,43.281929684603924,37.18234632318143,36.12650848749207,6.099583361422496,37.18869667367641,2433,9.951345908143574e-09,7.620420550158332,1.8438494205474854
666,test,0.07500000000000001,9.533299554219674,0.35,12.609095976843669,1.1781951799111907,54.63220930974404,41.23673441089973,41.4869776469439,13.395474898844313,41.247241990903184,2435,9.983988829900658e-09,12.609095976843665,1.4394769668579102
667,train,0.07500000000000001,1.7573357625056298,3.9000000000000004,2.1827325394790074,1.784592605597761,31.306424580812735,29.894141133542597,29.04904641174888,1.4122834472701378,29.895960077345393,2419,9.998063253583456e-09,2.1827325394790087,1.360504388809204
668,train,0.175,1.290477148037839,0.35,11.511708668110476,0.5889211632226385,84.64446034937811,47.745318065020086,32.516132052706524,36.89914228435802,47.75491115811381,2314,9.993905641774924e-09,11.511708668110472,1.1290407180786133
669,train,0.175,7.750002645721382,4.15,10.774663426048026,0.5698063796328052,38.04452821226119,33.9046784324482,31.875306321096087,4.139849779812991,33.91365731869422,2258,9.999468026209654e-09,10.77466342604803,0.9849576950073242
670,train,0.22500000000000003,8.874577462071704,0.35,5.566276988049925,0.514983743861059,38.806134411017084,29.44940503912416,28.44702398937805,9.356729371892925,29.454043603315764,2287,9.990045202037473e-09,5.566276988049923,1.2403278350830078
671,test,0.2,2.4731481587757225,3.85,7.639396139955412,1.1164823473187435,47.413641606364315,39.942670787009746,33.976437316787546,7.470970819354569,39.94903695062377,2376,9.988550193491644e-09,7.639396139955411,1.3179965019226074
672,train,0.07500000000000001,1.384488227045589,0.6500000000000001,13.035524217387819,1.200986752319365,75.45941555337475,48.1189780142583,41.88517610726845,27.34043753911645,48.12984095127375,2432,9.977596386054864e-09,13.03552421738782,1.2977261543273926
673,train,0.1,2.387749007393044,4.6,1.9024040543687226,0.5382850803520545,27.837031674090284,26.87942853314037,26.13146460489375,0.9576031409499137,26.881013869872643,2227,9.99424932034742e-09,1.902404054368726,1.0336015224456787
674,train,0.125,9.668621567693911,3.4000000000000004,9.649003109439759,0.30346333059351266,32.811362563263955,29.47309319299728,28.668869943508398,3.3382693702666764,29.48113402895848,2096,9.98434389097593e-09,9.649003109439759,0.982177734375
675,train,0.1,1.5286568336022455,2.6000000000000005,6.31607057074332,2.5200063689475742,53.20861064397681,45.24306150621444,41.410735580795254,7.965549137762373,45.248324898444615,2470,9.971588638400579e-09,6.316070570743321,1.0464797019958496
676,train,0.2,2.801457722486173,3.95,14.6556605335671,0.8671656761093918,61.51443814238561,48.623650459086136,38.57029938113669,12.890787683299472,48.635863509830536,2339,9.987025828687297e-09,14.6556605335671,1.0543267726898193
677,test,0.2,4.390620369389509,7.4,4.481445268506426,2.3103574013335577,38.33495287722682,37.53329038017367,35.467489814513755,0.801662497053151,37.537024917940386,2269,9.972193898043652e-09,4.481445268506427,1.2754759788513184
678,test,0.15000000000000002,4.450903419424915,4.500000000000001,9.604487069533965,0.9389793878140343,41.87039900680996,37.55136416856526,34.62171609871543,4.319034838244704,37.55936790786755,2333,9.955616360380946e-09,9.604487069533967,1.2052059173583984
679,test,0.05,4.143306868445814,0.45000000000000007,4.017989944623057,0.5584966837204483,32.6310155104956,27.852799267898803,27.719123396488214,4.778216242596798,27.856147592865913,2305,9.949405746087295e-09,4.017989944623058,1.0827829837799072
680,train,0.1,2.7663114462881273,0.6000000000000001,13.359330650024122,0.709648182812224,63.646489968898415,39.721631190293245,35.829028660864815,23.92485877860517,39.73276396595678,2350,9.95327925209348e-09,13.359330650024123,1.1612682342529297
681,test,0.175,2.792747805548488,1.15,3.547201373874537,1.6171424226420519,39.80648799500283,33.068459821797305,31.051739780246184,6.738028173205528,33.07141582299451,2460,9.992528165888836e-09,3.547201373874536,1.2776896953582764
682,train,0.05,1.0381428325543962,8.75,12.42069056233579,1.5873789204642337,52.04186549119255,51.08148210080694,44.85301647741078,0.9603833903856156,51.091832676409105,2099,9.949251114635106e-09,12.42069056233579,0.9810717105865479
683,train,0.15000000000000002,7.397617474757005,7.1000000000000005,5.724855889382141,1.224841614107987,34.023387041895006,33.349375619480305,32.190432938911385,0.6740114224147007,33.35414633274656,2243,9.953796319092967e-09,5.724855889382144,1.1424334049224854
684,train,0.05,1.850545078583701,0.55,2.594701567466309,1.3691008832519718,33.523955813776006,29.333475640533784,28.84221142596405,4.190480173242221,29.335637891855605,2449,9.98226090652631e-09,2.5947015674663083,0.9748678207397461
685,train,0.175,6.038359853174872,4.15,5.4278552805896405,0.48126148320742934,31.815124255554263,29.352643905483223,27.964365842986183,2.46248035007104,29.357167118256854,2218,9.993534263802426e-09,5.427855280589642,0.8544342517852783
686,train,0.15000000000000002,3.5221955191284966,7.4,13.247524159836757,2.4727464442000255,66.06919544806799,63.80796646023096,58.09972973256948,2.261228987837029,63.81900606381563,2273,9.970705808875076e-09,13.247524159836761,0.9219944477081299
687,train,0.15000000000000002,7.083736290449205,8.8,7.516999960366804,0.3346530227770179,29.64203628373828,29.339105658801135,27.590361037738813,0.30293062493714373,29.345369825479096,1832,9.970140621616873e-09,7.516999960366805,0.7276551723480225
688,train,0.1,2.4562702139418757,0.6500000000000001,3.3791682790549427,2.693549922612846,41.85259538592215,35.581880967554575,34.45422432715051,6.270714418367575,35.58469694114629,2502,9.974606431003577e-09,3.3791682790549435,1.0134129524230957
689,test,0.05,1.5682654993400902,8.6,11.6517437644969,1.3124021308456617,45.126277122396786,44.36588594894937,40.44445139865024,0.7603911734474167,44.375595735501534,2098,9.969750945281588e-09,11.6517437644969,1.156548023223877
690,test,0.05,2.145232281729805,2.7,3.6136896559377143,2.5991221314170363,37.72597508846857,35.34610355139599,34.73990195056305,2.3798715370725816,35.34911495945817,2474,9.963238822428575e-09,3.613689655937714,1.394167423248291
691,train,0.2,2.003518421594184,0.6500000000000001,10.956279174718205,1.36009728218525,80.29956019499036,51.17646275426732,40.74130569363695,29.123097440723043,51.18559298722251,2443,9.995875294467201e-09,10.956279174718203,1.4229769706726074
692,train,0.05,4.289890774469657,0.45000000000000007,10.42659630362737,0.5594122211492536,44.5858919841322,32.369504071895555,32.07024314856979,12.216387912236648,32.37819290218069,2305,9.972789010775222e-09,10.42659630362737,1.0715792179107666
693,test,0.15000000000000002,1.8742864982378387,0.45000000000000007,5.653279890506305,0.6432389214043093,48.026612736785665,33.335064703266816,29.088964371335525,14.691548033518849,33.33977576999417,2334,9.944883658134689e-09,5.653279890506303,1.1754510402679443
694,train,0.22500000000000003,1.5503134136720043,0.5,8.584340003285197,0.40364414696936624,68.14925145030867,41.18832195793707,28.970620413098448,26.960929492371598,41.19547558341635,2220,9.959646584830733e-09,8.584340003285195,1.1447060108184814
695,test,0.15000000000000002,4.88536490216439,8.15,6.975138703301296,2.389057309473978,44.637000705709326,44.02071598470633,41.7915582948506,0.616284721002998,44.02652860033761,2208,9.99729946125006e-09,6.975138703301296,0.9532840251922607
696,train,0.15000000000000002,1.1039709039894166,3.6000000000000005,11.654302021740952,2.09015982396073,81.80589726827917,65.55376166071534,49.96095756539279,16.25213560756383,65.5634735800488,2432,9.948189186643146e-09,11.65430202174095,1.2416472434997559
697,test,0.05,1.1397711986249814,4.4,6.271542259152145,0.6031966034631018,35.21784578325906,31.72757415129092,29.15448743623092,3.490271631968138,31.732800436582053,2258,9.948804722119123e-09,6.271542259152146,1.1242928504943848
698,train,0.175,9.908678904151964,0.30000000000000004,12.578112204511992,1.308023932501606,62.91400100064852,44.06175313285784,42.94295098810805,18.85224786779068,44.072234893073215,2442,9.993009199064848e-09,12.578112204511992,1.2830965518951416
699,train,0.07500000000000001,5.433509669400256,3.45,13.018082791024556,0.4580504610074846,37.82489910248431,33.16124601026093,32.01432345273318,4.663653092223377,33.17209441263418,2222,9.949299101728628e-09,13.018082791024558,1.4288573265075684
700,test,0.125,3.9676055495398543,0.9000000000000001,2.7330226356399274,0.46053220821527546,31.28869981990327,27.203955973333283,26.52690844886642,4.084743846569989,27.20623349221849,2252,9.994292271302498e-09,2.7330226356399296,1.3031485080718994
701,train,0.05,2.1465910409997253,0.30000000000000004,1.796784829798312,2.4725638168587643,32.9766116278995,29.916586549960126,29.653873453585696,3.0600250779393754,29.918083870660393,2494,9.966284365219573e-09,1.7967848297983122,1.3219223022460938
702,train,0.15000000000000002,9.599104010551246,8.75,2.995997952579593,1.556128861407881,30.33104536160236,30.222703861547426,29.69917518547494,0.1083415000549337,30.22520052651741,2101,9.959482269751586e-09,2.9959979525795917,1.0605363845825195
703,test,0.1,3.9884567694127897,3.2,2.346674000202647,0.46310698701246406,28.08959548401611,26.74748331973421,26.2722587688552,1.3421121642819003,26.749438881416605,2226,9.983352617767003e-09,2.3466740002026443,0.9690465927124023
704,train,0.15000000000000002,4.019149910023094,9.5,10.40778352721118,1.5412844248084547,45.493462497766274,45.24658402102403,41.08778402794149,0.24687847674224628,45.25525717404419,1907,9.976303965318304e-09,10.407783527211183,1.110659122467041
705,train,0.05,9.651282802739626,3.0500000000000003,1.5625420167985846,2.208649776039536,28.97712423844185,28.580236419646763,28.610001198777976,0.3968878187950864,28.58153853799639,2466,9.950659470542848e-09,1.5625420167985844,1.1948370933532715
706,train,0.2,1.0100982565671373,1.6,14.118210012267692,0.5425652089178347,98.925727322715,61.04949249129933,33.35763846401632,37.87623483141567,61.06125824245332,2286,9.986223098365656e-09,14.1182100122677,1.116987943649292
707,train,0.125,3.1010814493412155,0.45000000000000007,1.8076974033301614,0.3611321898852163,30.014644265288567,26.437211106738232,25.81866944268483,3.5774331585503347,26.43871752126485,2187,9.974419628767444e-09,1.8076974033301627,1.3778512477874756
708,train,0.25,7.312644664688774,0.4,5.036459949346562,0.4700572141595728,38.61317569905827,29.24454776738815,27.85672117557688,9.368627931670119,29.248744817393792,2261,9.97256952435299e-09,5.036459949346562,1.6163980960845947
709,train,0.2,1.063789690004061,1.9500000000000002,10.798910381927065,1.3335175497844238,86.26913458044619,60.03621956259585,39.9708641045838,26.23291501785034,60.04521876404035,2425,9.987259445688152e-09,10.798910381927064,1.201352596282959
710,train,0.2,3.5893040248447052,0.35,3.160252062117582,2.5639873270264597,42.342238579977476,34.96121483183014,33.40632741710876,7.381023748147335,34.96384837525391,2499,9.976447436659055e-09,3.160252062117584,1.087519884109497
711,train,0.125,5.774411741810729,7.500000000000001,13.83352398299114,1.3381779572978285,48.33254417131478,46.9328248182454,43.87391080013421,1.3997193530693792,46.944352754963916,2221,9.954893209070012e-09,13.83352398299114,0.9852633476257324
712,train,0.15000000000000002,2.6103822223233144,0.25,1.8759956218462313,0.38601891030283125,31.46757996194308,26.86001351918777,25.88263584028462,4.60756644275531,26.861576848913916,2208,9.983860795223117e-09,1.8759956218462321,1.1000103950500488
713,train,0.25,1.245527879763709,0.9000000000000001,10.817791299531006,1.8525505245842924,101.25084989183495,67.08731935051895,45.63571797199295,34.16353054131599,67.09633440626749,2458,9.974819995615632e-09,10.817791299531002,1.2740356922149658
714,train,0.25,1.4009936748566805,3.95,5.967226867926385,0.30911110198268427,46.23185044944702,37.67672991148419,27.059485259538754,8.555120537962836,37.68170276902187,2102,9.964528728008616e-09,5.967226867926385,1.2016544342041016
715,train,0.175,1.9080450329115557,0.8500000000000001,4.839437493053441,1.9453215949514924,50.80368815671715,39.00206091991854,34.80069741760996,11.801627236798609,39.006093784600836,2475,9.985777541443702e-09,4.839437493053441,1.2093989849090576
716,train,0.05,4.96080356471488,0.4,12.309674735887947,1.4265835649096255,58.22616487866293,44.181021599009085,44.135260664854556,14.045143279653843,44.19127966131874,2451,9.967191194300607e-09,12.309674735887949,1.3964159488677979
717,train,0.2,1.5661656208946626,2.7500000000000004,7.769162974051534,0.8250329935298061,54.74789829635883,41.57061834914802,31.85198504714104,13.177279947210806,41.57709265232244,2355,9.947184766244335e-09,7.769162974051534,1.5996971130371094
718,train,0.1,3.2984072458855773,0.35,3.299547421559733,0.40706856760891996,33.506465372157976,27.445223762744,26.67184514039849,6.061241609413976,27.447973385622277,2223,9.966155936802743e-09,3.2995474215597342,1.278625249862671
719,train,0.07500000000000001,8.997218738207202,0.7,5.972860530344108,0.6297988467043767,34.662456384959356,29.4437561139235,29.49105113160848,5.218700271035857,29.448733497711498,2328,9.96136368647526e-09,5.972860530344109,1.3036372661590576
720,train,0.175,3.6556609645387046,7.4,5.1989486815905375,0.3908012364905782,30.634493603805133,29.68084313735044,27.145683390800926,0.9536504664546932,29.685175594663274,2016,9.956137260535449e-09,5.198948681590535,0.9631307125091553
721,train,0.25,3.5993033674348487,0.9000000000000001,12.226695668870477,2.272713353211321,87.73843651102807,61.65716853343332,53.85830422799509,26.08126797759475,61.66735744667523,2483,9.96126792313013e-09,12.226695668870478,1.3809645175933838
722,train,0.1,9.36179278309865,1.9,4.792885507408375,0.9249042393506438,32.772035205211246,30.092703118891283,29.964582358159543,2.6793320863199632,30.096697190159077,2387,9.965471686104813e-09,4.792885507408375,1.4187695980072021
723,train,0.15000000000000002,1.0897083842946884,4.8500000000000005,2.420090711961893,0.6107588141815102,32.25279633650872,29.88400250351858,26.56929677439379,2.368793832990143,29.88601924649069,2248,9.992815907283156e-09,2.420090711961894,1.5518343448638916
724,train,0.1,1.1040153852626309,0.35,10.74562900658218,0.3539144931405319,69.01664423226683,38.867581369748116,29.572822801046346,30.14906286251871,38.87653606113541,2182,9.987182300269678e-09,10.745629006582183,1.298060655593872
725,train,0.175,2.99973483354748,0.8500000000000001,4.193111711389831,0.4633403822123814,37.96641983096919,29.518323642230587,27.29669270704366,8.4480961887386,29.52181790207219,2257,9.990700142267315e-09,4.19311171138983,1.0456314086914062
726,train,0.25,8.944214237213577,0.4,14.435537068437778,1.1800047572622883,71.20418826722519,46.51397942964799,43.59920879889436,24.690208837577202,46.526009043955156,2429,9.9998324979496e-09,14.435537068437776,1.2994225025177002
727,train,0.2,4.381879246805137,3.45,10.857664464964135,1.9812184464871387,60.24912790365956,51.80189450974993,47.32397332508699,8.447233393909634,51.810942563573605,2445,9.964585462184133e-09,10.857664464964135,1.5549707412719727
728,train,0.07500000000000001,3.4147474352875724,0.8500000000000001,2.4736063129636388,1.3859943045742664,32.24136357922593,29.047965722466643,28.710666708905197,3.19339785675929,29.050027061074026,2450,9.96853065309512e-09,2.4736063129636388,1.5539402961730957
729,test,0.15000000000000002,1.080463174010305,0.7,2.3192181022454035,0.46542361176899116,36.21659050522817,29.370683502763594,26.221432528898916,6.845907002464575,29.372616185477014,2256,9.963991197700993e-09,2.3192181022454017,1.5765914916992188
730,train,0.22500000000000003,4.250858319202081,1.2000000000000002,2.262407670852876,0.8137578127416445,31.99820938016394,28.108312880350674,27.042961513285018,3.889896499813265,28.110198220107787,2371,9.9464590643198e-09,2.2624076708528755,1.511404037475586
731,train,0.175,2.2529153386290814,3.5500000000000003,9.106372514786724,0.93043710653228,50.344108128705656,40.82725562475162,34.03559559970821,9.516852503954034,40.83484426871233,2359,9.983096268389053e-09,9.106372514786722,1.4109652042388916
732,train,0.1,9.253305212883726,4.05,7.95771384644179,0.9043652526393333,35.33132390088337,33.302028835050876,32.81494559126813,2.0292950658324926,33.30866026327661,2347,9.970499899529074e-09,7.95771384644179,1.111088514328003
733,train,0.15000000000000002,1.0628674357760457,8.1,5.468435604742615,0.5408294552473312,37.271152544709324,35.84357665390135,28.021738462734618,1.4275758908079723,35.848133687720185,2030,9.986223062564101e-09,5.468435604742616,0.9001047611236572
734,train,0.22500000000000003,5.232264274681362,0.30000000000000004,1.8663966783580703,0.318143327191937,30.439931462152344,26.45392452614261,25.758000405291885,3.9860069360097334,26.455479856732726,2145,9.984254857118642e-09,1.8663966783580754,0.9680101871490479
735,test,0.25,3.9775797825532506,0.35,14.067436995829029,2.594345394286722,105.04331886403223,70.77124272062808,62.793042406191724,34.27207614340415,70.78296558498049,2499,9.985777714975529e-09,14.067436995829027,1.134103536605835
736,train,0.15000000000000002,4.136556221803801,0.75,1.8956155937158266,1.6390103645505165,32.059986161274516,28.85277078801254,28.305321076705273,3.2072153732619775,28.85435046769073,2466,9.979752264481104e-09,1.8956155937158259,1.0372509956359863
737,train,0.15000000000000002,1.2641132653450995,0.35,5.357123528859133,0.30873574510417073,49.62623681123446,33.175889836568594,26.98907428828112,16.45034697466587,33.18035410705444,2140,9.967412740645827e-09,5.357123528859131,0.9471704959869385
738,train,0.25,5.10130053531905,4.800000000000001,9.460302253184897,2.1086060964873004,54.834950091156415,49.87596445526251,45.48285331470009,4.958985635893903,49.88384804057201,2404,9.983848976860862e-09,9.460302253184896,1.8050792217254639
739,train,0.125,2.5497770262563124,5.7,8.09062634697731,0.5013688903285906,36.365729683728915,33.2721894593924,29.389997141549305,3.0935402243365147,33.27893164813624,2171,9.984964434792724e-09,8.090626346977306,1.2103047370910645
740,train,0.05,1.8835227659171998,0.30000000000000004,4.3974366013703765,0.6979250976127783,37.24467257923835,29.37201262667143,28.545522006141862,7.8726599525669165,29.37567715720275,2347,9.990728758386449e-09,4.397436601370378,1.5031354427337646
741,train,0.25,2.245689370156197,1.75,13.36377634850293,0.5881112428418594,75.75920327215212,48.14857943217302,33.72406162313427,27.610623839979098,48.1597159132598,2306,9.998296890145595e-09,13.36377634850293,1.4854226112365723
742,test,0.25,2.1884617161621747,5.200000000000001,3.206421186038697,0.38074264537590413,32.50671274773306,29.98255694218452,26.333475487813242,2.524155805548542,29.985228960185072,2122,9.943809694136367e-09,3.206421186038702,1.6137709617614746
743,train,0.15000000000000002,3.1841627191967476,3.0,12.13735281527073,1.1661276892432204,56.37715110240144,45.24562003547366,40.10350992576667,11.131531066927785,45.255734496284525,2398,9.967545875042088e-09,12.13735281527073,1.9437248706817627
744,train,0.22500000000000003,2.4700745360207472,0.30000000000000004,2.6253903106217917,0.327977352586542,35.787177781753904,28.33349580961754,26.045070462010045,7.453681972136366,28.335683635026406,2157,9.957204939729174e-09,2.625390310621788,1.504697322845459
745,train,0.2,2.132768169434356,1.5500000000000003,5.988444771197152,1.0907387185190542,49.4767509268166,37.33212696474718,31.97512157638963,12.144623962069417,37.33711733555677,2412,9.981401533995604e-09,5.988444771197151,1.5998294353485107
746,test,0.25,4.763682432728685,2.9499999999999997,5.452898059521512,0.6657876118468156,37.04352324829568,31.660306176455606,29.02954124489305,5.383217071840072,31.664850258248844,2317,9.953236251444661e-09,5.452898059521511,1.843139410018921
747,train,0.15000000000000002,3.8472270856447963,2.2500000000000004,5.405798790919864,0.641858268917641,36.37513514218637,30.744108848551768,28.936584580720847,5.631026293634605,30.7486136809302,2320,9.985087453220057e-09,5.405798790919861,1.3980011940002441
748,train,0.175,4.440284761219958,0.4,7.1745863154555085,2.343296983321914,59.20425577996974,44.86104271197921,42.56406351943233,14.343213067990533,44.86702153396622,2489,9.99492481780072e-09,7.1745863154555085,1.3893935680389404
749,test,0.2,1.0871905682921923,5.8500000000000005,3.2844941988980105,0.964650263306252,37.017978251007946,34.311828370518334,28.2560688530599,2.706149880489612,34.31456548595974,2282,9.955360572525167e-09,3.2844941988980123,1.5935983657836914
750,test,0.2,1.0235977847895674,7.3,7.368953182680279,2.700160199667093,63.05750981933846,59.52270546439107,45.01929220817832,3.53480435494739,59.528846387761995,2273,9.947931487661237e-09,7.368953182680278,1.3706960678100586
751,train,0.125,1.9352804123037686,6.1000000000000005,13.913454035938827,1.0813185941253844,55.046649365495895,49.46059180814668,40.55860925977082,5.586057557349214,49.47218635340139,2285,9.954027013742573e-09,13.913454035938834,1.3339347839355469
752,train,0.15000000000000002,4.844482953863011,1.9,14.223415321936763,0.8248848294721599,56.203556914074774,41.575238967576155,38.095712267337916,14.628317946498619,41.58709181378218,2367,9.978052657467766e-09,14.223415321936766,1.1965305805206299
753,test,0.07500000000000001,1.8557251244047042,0.4,10.780869961613513,2.826382098255429,82.09261015160546,60.16040710553434,56.60754360376345,21.932203046071116,60.16939116392544,2500,9.963488691310716e-09,10.780869961613515,1.3279755115509033
754,train,0.175,5.501046990818045,7.65,2.046941479182891,0.3866262167907558,26.750044391164984,26.505690871501265,25.83375004528622,0.24435351966371854,26.507396656085707,1998,9.975236076188024e-09,2.046941479182893,0.8656516075134277
755,train,0.05,4.919909322172907,2.7500000000000004,1.9635838144274398,2.0490096646960376,30.055963629591762,29.28350092601585,29.225822820877323,0.7724627035759113,29.285137245866007,2465,9.949561970219302e-09,1.9635838144274396,1.0238854885101318
756,train,0.125,8.076019768437993,6.4,12.37510876670232,0.9840567642562431,41.13973103303364,39.47478496419909,37.68236336781908,1.6649460688345528,39.4850975548812,2261,9.951961842524625e-09,12.375108766702322,1.364774465560913
757,train,0.15000000000000002,1.785297684652052,1.6,2.411359289224921,1.367626171932998,34.99947794952059,30.39820278380171,28.48575789810038,4.601275165718878,30.400212249928,2433,9.996114847737176e-09,2.41135928922492,1.1301884651184082
758,train,0.25,3.2446881485486347,0.30000000000000004,5.193174863845043,0.5119195499910043,45.690804988336154,31.819900297253813,28.06782376352357,13.870904691082341,31.824227943120665,2281,9.979115605159043e-09,5.1931748638450435,0.9847187995910645
759,train,0.07500000000000001,4.168996617005179,4.55,1.802241363567366,2.125225116472351,29.738813903988003,29.209959864784274,28.95641115049946,0.5288540392037291,29.211461732595076,2421,9.999569358434017e-09,1.802241363567365,1.187103271484375
760,test,0.1,2.199222014936948,2.85,6.636582443848294,0.4278702953739239,37.29418221087548,31.0619199790691,28.331280673827766,6.232262231806384,31.067450464530435,2214,9.986613243406001e-09,6.63658244384829,1.301039695739746
761,train,0.22500000000000003,3.3780215713823085,0.35,13.29861017554383,2.5200607724841464,100.97773460691195,67.78115620553626,59.72055023646271,33.19657840137569,67.79223838086537,2497,9.976891618433717e-09,13.298610175543828,1.5713911056518555
762,train,0.125,3.651977732034222,1.9500000000000002,14.784503272413017,0.5309124925424599,54.18186326517945,38.365577079738884,34.1827070187789,15.816286185440568,38.37789749926498,2282,9.988149098780346e-09,14.784503272413023,1.087808609008789
763,train,0.22500000000000003,1.1911003874242405,2.0,5.602998369341446,0.6301733421552754,52.74537664832753,39.287736608238134,28.80957527179879,13.457640040089395,39.29240588627739,2312,9.994279162221874e-09,5.602998369341448,1.159904956817627
764,test,0.125,3.9467481089189125,0.6500000000000001,3.630019674697534,0.3292707751909786,33.43765989443017,27.456871897567357,26.539403342215888,5.980787996862812,27.459896913998225,2157,9.94344165878228e-09,3.6300196746975377,1.0013458728790283
765,train,0.05,2.3139905257653863,6.4,5.713391306363213,1.4328326354976684,35.549646304754795,34.59702855197468,33.41914951449657,0.9526177527801138,34.601789711423734,2302,9.964755832175174e-09,5.713391306363213,1.167224407196045
766,test,0.2,2.1286330906550637,5.200000000000001,10.686315235337288,1.087335289798892,54.506111956714776,46.98964463767832,37.06916475667214,7.516467319036458,46.99854990067848,2324,9.968209596187798e-09,10.686315235337286,1.155890703201294
767,train,0.2,1.0022878460632405,0.30000000000000004,14.872121817484887,1.8172102517975046,136.21871774472547,82.16067775567048,52.86260813458715,54.05803998905499,82.17307147432058,2459,9.957538486356772e-09,14.872121817484889,1.37375807762146
768,train,0.1,7.985520058728975,0.25,12.085862057075035,0.8477484389361447,53.56162634019484,37.131890236054915,36.71806756239918,16.429736104139927,37.1419617878038,2388,9.957758084272293e-09,12.08586205707503,1.3429272174835205
769,train,0.25,6.159680754184663,0.25,5.0347902168079,1.692174049152583,46.46420862298718,35.71842680103873,34.03523651666789,10.745781821948448,35.72262245959388,2471,9.955520718607206e-09,5.034790216807897,1.318784236907959
770,train,0.05,4.165955256686901,0.75,5.345076278030081,2.778978701935883,46.092967528788925,40.66017834066156,40.530352447407566,5.432789188127366,40.66463257090699,2506,9.985050095912006e-09,5.3450762780300805,1.5630888938903809
771,train,0.22500000000000003,2.7492369943110493,1.3000000000000003,8.732658503369793,0.7702356069268605,56.97645844056701,39.142346855186425,32.40025459096601,17.834111585380583,39.14962407083058,2359,9.973939853125975e-09,8.732658503369791,1.1074156761169434
772,train,0.125,2.7060475445380154,5.3,13.726714277175976,2.5658514810320137,72.8381980574547,66.98470859955641,60.92816754911964,5.8534894578982914,66.99614752825622,2397,9.969649556627173e-09,13.726714277175972,1.120877981185913
773,train,0.15000000000000002,3.666875846600343,1.3000000000000003,10.873360823085731,2.0674967998878153,68.31609317402267,52.26383997754933,48.56316657228296,16.052253196473337,52.27290111166218,2476,9.962475778266186e-09,10.873360823085731,1.1605169773101807
774,train,0.25,5.011653327904531,3.95,10.469512874042014,1.6720713688643318,55.37816733938569,48.051167042267295,43.20197184087948,7.327000297118396,48.05989163644449,2418,9.995818351729284e-09,10.469512874042014,1.3412690162658691
775,train,0.175,1.6167591688119458,1.5500000000000003,9.23575976447122,0.30171658645687316,57.98365225568839,38.06825107709672,28.351616890950673,19.915401178591672,38.075947544503755,2126,9.955187311203446e-09,9.235759764471226,0.9278042316436768
776,train,0.25,4.0740326805436435,0.4,12.42899901606158,1.5637892422178712,81.92331351269281,52.446525673896666,45.5718841478203,29.47678783879615,52.45688317325386,2456,9.984904728526107e-09,12.428999016061578,1.2892959117889404
777,train,0.22500000000000003,5.7319123861189265,1.05,12.958835093729888,0.7783032372655763,60.824765652346315,40.57231746326087,36.33765555606633,20.25244818908544,40.58311649262918,2369,9.9692229308757e-09,12.958835093729887,1.3105251789093018
778,test,0.25,1.001480053123613,2.7,11.054461089791113,1.1072115823298667,89.99861377845008,65.17578014324656,37.695071415870835,24.822833635203523,65.18499548896168,2391,9.951759870019585e-09,11.054461089791117,1.2413012981414795
779,train,0.175,3.1373199925493833,4.95,10.539218040313386,0.5691087913284096,42.929069706441595,37.20170645547502,31.516195362108782,5.727363250966576,37.21048913735195,2232,9.990589152758913e-09,10.539218040313383,0.9040267467498779
780,train,0.15000000000000002,5.096443268583123,9.55,14.597658427764157,2.489034850819796,66.343338088179,66.08060030426849,61.39555096712937,0.2627377839105094,66.0927650197085,1927,9.997432957099604e-09,14.59765842776416,0.8224403858184814
781,train,0.25,5.693397957616662,2.35,3.4103892915609393,1.0482688294881053,33.843007046500524,30.17767774383231,28.865928407660597,3.6653293026682157,30.18051973494005,2401,9.973331162092361e-09,3.4103892915609384,1.0874474048614502
782,train,0.22500000000000003,3.317853140097448,6.15,2.5351825886837758,0.7212097723722112,29.653882409868476,28.62579905005753,26.916191075151403,1.028083359810946,28.627911702264612,2228,9.994416123402677e-09,2.535182588683778,1.0402648448944092
783,test,0.2,3.206006648134543,1.25,2.520211669501743,0.42721800610339666,32.34058174258888,27.726567518266084,26.27811958948527,4.614014224322798,27.728667694710225,2233,9.99983477069539e-09,2.520211669501745,1.110840082168579
784,train,0.125,3.0505929285176716,0.30000000000000004,1.2308776256870988,0.8924762272706237,29.251392072763633,26.640841074041923,26.222024041034246,2.6105509987217097,26.64186680540811,2389,9.990981645912197e-09,1.2308776256870995,1.2196924686431885
785,train,0.22500000000000003,1.4600869721605119,3.35,12.13452847538852,0.5074788688571363,69.36932218600893,50.23152277036227,31.715259775814904,19.13779941564666,50.241634898435194,2249,9.962497227239279e-09,12.134528475388517,1.291193962097168
786,train,0.2,1.4270679200916312,0.75,13.443136918540066,1.0500726478953095,97.64183502976199,58.37098728683938,39.990951419750445,39.27084774292261,58.382189903349655,2410,9.9774638968384e-09,13.443136918540066,1.4841547012329102
787,train,0.175,7.689333459483963,0.55,5.620340805481325,0.8873059487801523,39.744511127095436,31.439377778499026,30.61203991488257,8.30513334859641,31.444061395866633,2394,9.971855001836467e-09,5.620340805481323,1.4746448993682861
788,train,0.125,9.945988830652796,0.4,12.92751049842227,2.191811968765138,71.39075293465467,55.35798456016282,54.96433859125147,16.03276837449185,55.3687574856131,2488,9.984365279064111e-09,12.927510498422272,1.6409671306610107
789,train,0.15000000000000002,3.5743627998074117,0.9000000000000001,8.269165460036147,0.5882866045941972,47.73799831455274,33.58980364012966,30.645472897402914,14.148194674423081,33.596694611438956,2311,9.95740113320774e-09,8.26916546003615,1.5342161655426025
790,train,0.05,3.149772295229678,7.6,9.717678820984613,0.9804841733755201,37.13869355151581,36.37025892823826,34.77235514982861,0.7684346232775496,36.37835699395761,2177,9.96383767858712e-09,9.717678820984613,1.2685582637786865
791,train,0.22500000000000003,5.141257475338472,1.6,13.66308890587226,0.4587406394340649,56.36554313302199,37.66855400233664,32.44472128444468,18.696989130685346,37.679939909940366,2247,9.983861867174723e-09,13.66308890587226,1.4076542854309082
792,test,0.1,6.489190920376475,6.0,7.760709653194996,2.062162115483365,43.66862899719671,42.43907409266752,41.37811130248094,1.229554904529195,42.4455413507376,2354,9.994444499288485e-09,7.7607096531949935,1.219038486480713
793,train,0.25,2.026628209920551,4.15,2.9663022174463167,0.6083775375210612,33.913973099400756,30.555251963621277,26.93862129929239,3.3587211357794793,30.55772388243069,2269,9.999838939625311e-09,2.9663022174463176,1.3666682243347168
794,train,0.25,2.100485646382667,1.05,12.481466426971771,0.5417477881569523,78.77396868934449,47.0021051722836,32.577309830334706,31.771863517060886,47.0125063953616,2294,9.975581174266002e-09,12.481466426971773,1.605595588684082
795,train,0.15000000000000002,5.562642788982041,0.35,11.720347505210851,1.8584226827367454,70.8088075639512,50.30319905322224,48.103380758494474,20.50560851072897,50.312966009541725,2479,9.987111970313627e-09,11.72034750521085,1.3543872833251953
796,train,0.175,5.278102539673947,7.3,12.209981629763377,0.7371701906763921,40.24034295467291,38.42563266696438,34.32056837388346,1.8147102877085288,38.43580765175122,2159,9.953451248594404e-09,12.209981629763375,1.2501575946807861
797,train,0.125,3.049393809272565,4.45,5.09632425788773,1.9098708271831073,39.65357920386917,36.97953037872473,35.0577763722727,2.674048825144439,36.9837773156534,2415,9.964699930044367e-09,5.096324257887732,1.3973901271820068
798,test,0.05,6.397209630735648,0.35,1.6215621567482619,2.983985456295367,31.74401365632742,30.01545586015358,30.055236540520742,1.7285577961738419,30.016807161953516,2512,9.988388772232868e-09,1.6215621567482614,1.3004982471466064
799,train,0.1,7.403841676381357,6.500000000000001,14.317919266492645,0.8230715004514205,40.865278893574136,39.159990476839255,37.346660655284076,1.7052884167348807,39.171922076273354,2229,9.979208661698924e-09,14.317919266492645,1.2414650917053223
